pid,condition,ctrl,profile,profile_label,human,seg_order,segment,pos,first_seg,at1_pass,av1_pass,attention_pass,BEL1,NARS,GAAIS_pos,GAAIS_neg,GAAIS,SCM_comp,SCM_warm,PE,HM,BG_age,BG_gender,BG_freq_ai,BG_freq_robot,BG_freq_disability,mobile,dur_min,gate_open,watch_s,dwell_s,OH1,OH2,OH3,AU1,CR1,CR2,CR3,R1_CTRL,R1_AI,R1_ORG,R1_USER,R2_CTRL,R2_AI,R2_ORG,R2_USER,OH
5d2f55e7-7ce5-4788-a995-5505d9781e55,A,A,,AI (no operator),0,O1,REL,1,REL,1,1,True,2.0,3.7,2.4,3.75,3.0,5.2,6.0,3.25,3.3333333333333335,42.0,1.0,3.0,0.0,0.0,0,10.216666666666667,1,69.343,163.25,4.0,5.0,4.0,3.0,5.0,4.0,,,1.0,2.0,3.0,,1.0,2.0,3.0,4.333333333333333
5d2f55e7-7ce5-4788-a995-5505d9781e55,A,A,,AI (no operator),0,O1,ADV,2,REL,1,1,True,2.0,3.7,2.4,3.75,3.0,5.2,6.0,3.25,3.3333333333333335,42.0,1.0,3.0,0.0,0.0,0,10.216666666666667,1,103.805,148.214,5.0,6.0,4.0,4.0,5.0,6.0,,,1.0,2.0,3.0,,1.0,3.0,2.0,5.0
5d2f55e7-7ce5-4788-a995-5505d9781e55,A,A,,AI (no operator),0,O1,COL,3,REL,1,1,True,2.0,3.7,2.4,3.75,3.0,5.2,6.0,3.25,3.3333333333333335,42.0,1.0,3.0,0.0,0.0,0,10.216666666666667,1,115.323,153.137,5.0,6.0,4.0,3.0,5.0,6.0,,,1.0,2.0,3.0,,1.0,3.0,2.0,5.0
92593480-e39a-40a9-ad45-966ade7e4bd2,H1,H,1.0,no mention,1,O5,ADV,1,ADV,1,1,True,1.0,1.9,7.0,6.5,6.777777777777778,5.0,4.25,7.0,7.0,22.0,0.0,5.0,1.0,1.0,0,13.35,1,142.852,219.505,1.0,1.0,5.0,1.0,1.0,1.0,1.0,2.0,,3.0,1.0,1.0,,2.0,3.0,2.3333333333333335
92593480-e39a-40a9-ad45-966ade7e4bd2,H1,H,1.0,no mention,1,O5,REL,2,ADV,1,1,True,1.0,1.9,7.0,6.5,6.777777777777778,5.0,4.25,7.0,7.0,22.0,0.0,5.0,1.0,1.0,0,13.35,1,69.386,133.065,2.0,1.0,6.0,1.0,2.0,2.0,4.0,2.0,,3.0,1.0,1.0,,3.0,2.0,3.0
92593480-e39a-40a9-ad45-966ade7e4bd2,H1,H,1.0,no mention,1,O5,COL,3,ADV,1,1,True,1.0,1.9,7.0,6.5,6.777777777777778,5.0,4.25,7.0,7.0,22.0,0.0,5.0,1.0,1.0,0,13.35,1,115.313,157.874,5.0,6.0,7.0,3.0,4.0,5.0,4.0,1.0,,3.0,2.0,2.0,,3.0,1.0,6.0
e1ad1608-f56d-456a-ab00-2ab257ea89fc,H3,H,3.0,mobility,1,O4,REL,1,REL,0,1,False,6.0,5.0,4.6,4.75,4.666666666666667,6.4,4.5,5.5,6.0,35.0,1.0,4.0,0.0,3.0,1,13.533333333333333,1,76.389,172.785,7.0,7.0,7.0,7.0,7.0,7.0,7.0,2.0,,1.0,3.0,1.0,,2.0,3.0,7.0
e1ad1608-f56d-456a-ab00-2ab257ea89fc,H3,H,3.0,mobility,1,O4,COL,2,REL,0,1,False,6.0,5.0,4.6,4.75,4.666666666666667,6.4,4.5,5.5,6.0,35.0,1.0,4.0,0.0,3.0,1,13.533333333333333,1,162.215,242.948,7.0,7.0,7.0,5.0,6.0,7.0,7.0,1.0,,2.0,3.0,1.0,,2.0,3.0,7.0
e1ad1608-f56d-456a-ab00-2ab257ea89fc,H3,H,3.0,mobility,1,O4,ADV,3,REL,0,1,False,6.0,5.0,4.6,4.75,4.666666666666667,6.4,4.5,5.5,6.0,35.0,1.0,4.0,0.0,3.0,1,13.533333333333333,1,104.009,145.872,7.0,7.0,7.0,6.0,6.0,7.0,7.0,1.0,,2.0,3.0,1.0,,2.0,3.0,7.0
7c7876c1-31ee-41c3-99b5-b696b4ce7c91,HA1,HA,1.0,no mention,1,O2,ADV,1,ADV,1,1,True,6.0,2.6,5.8,6.0,5.888888888888889,5.4,5.5,5.75,5.0,48.0,0.0,4.0,2.0,4.0,0,15.633333333333333,1,103.855,239.09,6.0,6.0,7.0,5.0,5.0,6.0,3.0,2.0,1.0,4.0,3.0,3.0,1.0,4.0,2.0,6.333333333333333
7c7876c1-31ee-41c3-99b5-b696b4ce7c91,HA1,HA,1.0,no mention,1,O2,COL,2,ADV,1,1,True,6.0,2.6,5.8,6.0,5.888888888888889,5.4,5.5,5.75,5.0,48.0,0.0,4.0,2.0,4.0,0,15.633333333333333,1,115.28,212.601,5.0,6.0,7.0,5.0,6.0,6.0,6.0,1.0,3.0,4.0,2.0,1.0,3.0,4.0,2.0,6.0
7c7876c1-31ee-41c3-99b5-b696b4ce7c91,HA1,HA,1.0,no mention,1,O2,REL,3,ADV,1,1,True,6.0,2.6,5.8,6.0,5.888888888888889,5.4,5.5,5.75,5.0,48.0,0.0,4.0,2.0,4.0,0,15.633333333333333,1,69.36,139.719,6.0,5.0,7.0,6.0,5.0,5.0,6.0,1.0,2.0,3.0,4.0,1.0,2.0,3.0,4.0,6.0
54536746-5731-43eb-9410-1b8f7395c126,HA1,HA,1.0,no mention,1,O1,REL,1,REL,1,1,True,6.0,4.0,5.4,4.75,5.111111111111111,4.8,5.5,6.0,6.0,52.0,1.0,4.0,0.0,5.0,0,16.933333333333334,1,69.408,257.488,7.0,7.0,6.0,6.0,6.0,6.0,5.0,3.0,2.0,1.0,4.0,3.0,2.0,1.0,4.0,6.666666666666667
54536746-5731-43eb-9410-1b8f7395c126,HA1,HA,1.0,no mention,1,O1,ADV,2,REL,1,1,True,6.0,4.0,5.4,4.75,5.111111111111111,4.8,5.5,6.0,6.0,52.0,1.0,4.0,0.0,5.0,0,16.933333333333334,1,103.837,203.984,6.0,6.0,5.0,5.0,6.0,6.0,5.0,3.0,2.0,1.0,4.0,3.0,2.0,1.0,4.0,5.666666666666667
54536746-5731-43eb-9410-1b8f7395c126,HA1,HA,1.0,no mention,1,O1,COL,3,REL,1,1,True,6.0,4.0,5.4,4.75,5.111111111111111,4.8,5.5,6.0,6.0,52.0,1.0,4.0,0.0,5.0,0,16.933333333333334,1,115.365,215.776,3.0,5.0,5.0,5.0,6.0,6.0,5.0,3.0,2.0,1.0,4.0,4.0,3.0,2.0,1.0,4.333333333333333
2246a466-6266-4a12-b215-dd1ef271bf91,H2,H,2.0,intellectual,1,O2,ADV,1,ADV,1,1,True,6.0,3.6,6.6,5.25,6.0,4.2,6.0,6.0,6.0,20.0,0.0,4.0,0.0,3.0,0,10.233333333333333,1,103.637,150.321,6.0,6.0,6.0,6.0,6.0,6.0,6.0,2.0,,1.0,3.0,1.0,,2.0,3.0,6.0
2246a466-6266-4a12-b215-dd1ef271bf91,H2,H,2.0,intellectual,1,O2,COL,2,ADV,1,1,True,6.0,3.6,6.6,5.25,6.0,4.2,6.0,6.0,6.0,20.0,0.0,4.0,0.0,3.0,0,10.233333333333333,1,115.477,142.558,6.0,7.0,7.0,7.0,6.0,6.0,6.0,1.0,,2.0,3.0,2.0,,1.0,3.0,6.666666666666667
2246a466-6266-4a12-b215-dd1ef271bf91,H2,H,2.0,intellectual,1,O2,REL,3,ADV,1,1,True,6.0,3.6,6.6,5.25,6.0,4.2,6.0,6.0,6.0,20.0,0.0,4.0,0.0,3.0,0,10.233333333333333,1,69.497,99.417,6.0,7.0,7.0,7.0,6.0,6.0,6.0,3.0,,2.0,1.0,1.0,,3.0,2.0,6.666666666666667
4e9a0626-7d9e-4e0d-bb1e-d9171395596f,A,A,,AI (no operator),0,O2,ADV,1,ADV,0,1,False,4.0,5.5,4.6,5.5,5.0,6.8,6.75,6.0,5.666666666666667,23.0,0.0,4.0,0.0,3.0,0,15.166666666666666,1,103.95,339.691,6.0,6.0,6.0,6.0,5.0,7.0,,,1.0,2.0,3.0,,1.0,3.0,2.0,6.0
4e9a0626-7d9e-4e0d-bb1e-d9171395596f,A,A,,AI (no operator),0,O2,COL,2,ADV,0,1,False,4.0,5.5,4.6,5.5,5.0,6.8,6.75,6.0,5.666666666666667,23.0,0.0,4.0,0.0,3.0,0,15.166666666666666,1,115.294,311.491,6.0,7.0,6.0,6.0,5.0,5.0,,,1.0,2.0,3.0,,1.0,3.0,2.0,6.333333333333333
4e9a0626-7d9e-4e0d-bb1e-d9171395596f,A,A,,AI (no operator),0,O2,REL,3,ADV,0,1,False,4.0,5.5,4.6,5.5,5.0,6.8,6.75,6.0,5.666666666666667,23.0,0.0,4.0,0.0,3.0,0,15.166666666666666,1,69.531,93.722,6.0,7.0,6.0,6.0,6.0,7.0,,,2.0,1.0,3.0,,1.0,3.0,2.0,6.333333333333333
e4a29cd7-1903-4a05-85ff-302ceba9adc1,HA1,HA,1.0,no mention,1,O6,COL,1,COL,1,1,True,2.0,5.1,1.8,3.25,2.4444444444444446,6.2,6.0,2.0,1.0,49.0,0.0,1.0,0.0,3.0,0,13.583333333333334,1,115.344,223.866,3.0,3.0,2.0,3.0,4.0,4.0,7.0,3.0,1.0,2.0,4.0,3.0,1.0,2.0,4.0,2.6666666666666665
e4a29cd7-1903-4a05-85ff-302ceba9adc1,HA1,HA,1.0,no mention,1,O6,ADV,2,COL,1,1,True,2.0,5.1,1.8,3.25,2.4444444444444446,6.2,6.0,2.0,1.0,49.0,0.0,1.0,0.0,3.0,0,13.583333333333334,1,103.854,164.836,3.0,3.0,2.0,4.0,4.0,5.0,6.0,3.0,1.0,2.0,4.0,3.0,1.0,2.0,4.0,2.6666666666666665
e4a29cd7-1903-4a05-85ff-302ceba9adc1,HA1,HA,1.0,no mention,1,O6,REL,3,COL,1,1,True,2.0,5.1,1.8,3.25,2.4444444444444446,6.2,6.0,2.0,1.0,49.0,0.0,1.0,0.0,3.0,0,13.583333333333334,1,69.381,114.626,3.0,3.0,2.0,5.0,5.0,5.0,6.0,3.0,1.0,2.0,4.0,3.0,1.0,2.0,4.0,2.6666666666666665
476e8213-8ad6-4430-9d28-987b97834de7,HA2,HA,2.0,intellectual,1,O2,ADV,1,ADV,1,1,True,7.0,3.6,7.0,6.25,6.666666666666667,5.2,4.0,6.25,4.666666666666667,27.0,0.0,4.0,0.0,0.0,0,11.4,1,103.784,180.493,4.0,6.0,5.0,4.0,6.0,6.0,7.0,1.0,2.0,3.0,4.0,1.0,2.0,3.0,4.0,5.0
476e8213-8ad6-4430-9d28-987b97834de7,HA2,HA,2.0,intellectual,1,O2,COL,2,ADV,1,1,True,7.0,3.6,7.0,6.25,6.666666666666667,5.2,4.0,6.25,4.666666666666667,27.0,0.0,4.0,0.0,0.0,0,11.4,1,115.288,142.613,6.0,7.0,5.0,6.0,6.0,6.0,7.0,1.0,2.0,3.0,4.0,1.0,2.0,3.0,4.0,6.0
476e8213-8ad6-4430-9d28-987b97834de7,HA2,HA,2.0,intellectual,1,O2,REL,3,ADV,1,1,True,7.0,3.6,7.0,6.25,6.666666666666667,5.2,4.0,6.25,4.666666666666667,27.0,0.0,4.0,0.0,0.0,0,11.4,1,69.327,98.149,6.0,6.0,5.0,6.0,7.0,6.0,7.0,1.0,2.0,3.0,4.0,1.0,2.0,3.0,4.0,5.666666666666667
80927043-f1f3-4ea0-9671-113e7d92a505,H3,H,3.0,mobility,1,O3,COL,1,COL,1,1,True,7.0,3.7,5.6,6.25,5.888888888888889,6.0,5.75,5.0,7.0,45.0,0.0,5.0,1.0,2.0,0,13.05,1,115.274,227.711,6.0,6.0,7.0,5.0,6.0,7.0,7.0,1.0,,3.0,2.0,1.0,,3.0,2.0,6.333333333333333
80927043-f1f3-4ea0-9671-113e7d92a505,H3,H,3.0,mobility,1,O3,REL,2,COL,1,1,True,7.0,3.7,5.6,6.25,5.888888888888889,6.0,5.75,5.0,7.0,45.0,0.0,5.0,1.0,2.0,0,13.05,1,69.321,133.189,6.0,6.0,7.0,5.0,6.0,7.0,7.0,1.0,,3.0,2.0,1.0,,3.0,2.0,6.333333333333333
80927043-f1f3-4ea0-9671-113e7d92a505,H3,H,3.0,mobility,1,O3,ADV,3,COL,1,1,True,7.0,3.7,5.6,6.25,5.888888888888889,6.0,5.75,5.0,7.0,45.0,0.0,5.0,1.0,2.0,0,13.05,1,103.781,143.423,7.0,7.0,7.0,7.0,7.0,7.0,7.0,1.0,,3.0,2.0,1.0,,3.0,2.0,7.0
a0a45474-e599-4dd1-8fbd-57e3e812e537,HA1,HA,1.0,no mention,1,O5,ADV,1,ADV,1,1,True,4.0,4.5,6.0,1.25,3.888888888888889,5.4,5.0,5.25,5.333333333333333,23.0,0.0,5.0,4.0,2.0,0,18.75,1,306.478,333.984,6.0,6.0,5.0,6.0,5.0,6.0,7.0,3.0,4.0,1.0,2.0,3.0,1.0,2.0,4.0,5.666666666666667
a0a45474-e599-4dd1-8fbd-57e3e812e537,HA1,HA,1.0,no mention,1,O5,REL,2,ADV,1,1,True,4.0,4.5,6.0,1.25,3.888888888888889,5.4,5.0,5.25,5.333333333333333,23.0,0.0,5.0,4.0,2.0,0,18.75,1,69.341,170.804,6.0,7.0,5.0,6.0,5.0,6.0,7.0,1.0,2.0,3.0,4.0,2.0,1.0,3.0,4.0,6.0
a0a45474-e599-4dd1-8fbd-57e3e812e537,HA1,HA,1.0,no mention,1,O5,COL,3,ADV,1,1,True,4.0,4.5,6.0,1.25,3.888888888888889,5.4,5.0,5.25,5.333333333333333,23.0,0.0,5.0,4.0,2.0,0,18.75,1,115.302,180.556,6.0,3.0,4.0,4.0,5.0,4.0,5.0,3.0,1.0,4.0,2.0,1.0,2.0,3.0,4.0,4.333333333333333
23517066-96fe-4bb0-bbda-1703b9b8d977,H1,H,1.0,no mention,1,O2,ADV,1,ADV,1,1,True,4.0,2.7,6.2,7.0,6.555555555555555,6.6,6.25,6.25,6.333333333333333,42.0,1.0,4.0,2.0,3.0,0,14.4,1,103.878,140.65,7.0,7.0,7.0,6.0,6.0,7.0,7.0,1.0,,3.0,2.0,1.0,,3.0,2.0,7.0
23517066-96fe-4bb0-bbda-1703b9b8d977,H1,H,1.0,no mention,1,O2,COL,2,ADV,1,1,True,4.0,2.7,6.2,7.0,6.555555555555555,6.6,6.25,6.25,6.333333333333333,42.0,1.0,4.0,2.0,3.0,0,14.4,1,214.653,245.318,6.0,6.0,6.0,5.0,6.0,6.0,7.0,1.0,,3.0,2.0,1.0,,3.0,2.0,6.0
23517066-96fe-4bb0-bbda-1703b9b8d977,H1,H,1.0,no mention,1,O2,REL,3,ADV,1,1,True,4.0,2.7,6.2,7.0,6.555555555555555,6.6,6.25,6.25,6.333333333333333,42.0,1.0,4.0,2.0,3.0,0,14.4,1,69.349,91.1,7.0,7.0,7.0,7.0,7.0,7.0,7.0,1.0,,3.0,2.0,1.0,,3.0,2.0,7.0
875975f4-2c1d-4439-b93c-e51c6179a86c,HA3,HA,3.0,mobility,1,O4,REL,1,REL,1,1,True,7.0,4.8,6.0,5.5,5.777777777777778,4.8,5.5,2.75,2.0,25.0,0.0,4.0,1.0,2.0,0,10.183333333333334,1,69.396,137.23,5.0,3.0,2.0,2.0,5.0,5.0,7.0,1.0,2.0,3.0,4.0,1.0,2.0,3.0,4.0,3.3333333333333335
875975f4-2c1d-4439-b93c-e51c6179a86c,HA3,HA,3.0,mobility,1,O4,COL,2,REL,1,1,True,7.0,4.8,6.0,5.5,5.777777777777778,4.8,5.5,2.75,2.0,25.0,0.0,4.0,1.0,2.0,0,10.183333333333334,1,115.315,158.635,5.0,6.0,3.0,2.0,5.0,5.0,7.0,1.0,2.0,3.0,4.0,1.0,2.0,3.0,4.0,4.666666666666667
875975f4-2c1d-4439-b93c-e51c6179a86c,HA3,HA,3.0,mobility,1,O4,ADV,3,REL,1,1,True,7.0,4.8,6.0,5.5,5.777777777777778,4.8,5.5,2.75,2.0,25.0,0.0,4.0,1.0,2.0,0,10.183333333333334,1,103.855,144.36,5.0,3.0,2.0,3.0,6.0,6.0,7.0,1.0,2.0,4.0,3.0,1.0,2.0,4.0,3.0,3.3333333333333335
4557638e-939b-4514-a5a3-59d3bd62e766,H2,H,2.0,intellectual,1,O3,COL,1,COL,1,1,True,5.0,3.5,5.6,3.5,4.666666666666667,5.2,5.0,5.75,7.0,49.0,0.0,4.0,5.0,3.0,0,15.45,1,115.34,251.99,6.0,7.0,7.0,7.0,6.0,6.0,6.0,2.0,,1.0,3.0,2.0,,1.0,3.0,6.666666666666667
4557638e-939b-4514-a5a3-59d3bd62e766,H2,H,2.0,intellectual,1,O3,REL,2,COL,1,1,True,5.0,3.5,5.6,3.5,4.666666666666667,5.2,5.0,5.75,7.0,49.0,0.0,4.0,5.0,3.0,0,15.45,1,69.399,157.549,7.0,6.0,7.0,7.0,6.0,6.0,5.0,1.0,,2.0,3.0,1.0,,2.0,3.0,6.666666666666667
4557638e-939b-4514-a5a3-59d3bd62e766,H2,H,2.0,intellectual,1,O3,ADV,3,COL,1,1,True,5.0,3.5,5.6,3.5,4.666666666666667,5.2,5.0,5.75,7.0,49.0,0.0,4.0,5.0,3.0,0,15.45,1,103.855,162.151,7.0,7.0,7.0,7.0,7.0,7.0,6.0,2.0,,3.0,1.0,2.0,,3.0,1.0,7.0
8828a339-a1e2-450c-b6a7-3fd16948715d,A,A,,AI (no operator),0,O6,COL,1,COL,1,1,True,2.0,5.5,1.0,1.0,1.0,6.2,6.0,1.0,1.0,46.0,0.0,3.0,1.0,1.0,0,10.4,1,115.279,177.016,4.0,4.0,1.0,1.0,4.0,5.0,,,3.0,2.0,1.0,,3.0,2.0,1.0,3.0
8828a339-a1e2-450c-b6a7-3fd16948715d,A,A,,AI (no operator),0,O6,ADV,2,COL,1,1,True,2.0,5.5,1.0,1.0,1.0,6.2,6.0,1.0,1.0,46.0,0.0,3.0,1.0,1.0,0,10.4,1,103.799,134.785,4.0,3.0,1.0,1.0,4.0,3.0,,,3.0,2.0,1.0,,3.0,2.0,1.0,2.6666666666666665
8828a339-a1e2-450c-b6a7-3fd16948715d,A,A,,AI (no operator),0,O6,REL,3,COL,1,1,True,2.0,5.5,1.0,1.0,1.0,6.2,6.0,1.0,1.0,46.0,0.0,3.0,1.0,1.0,0,10.4,1,69.361,86.056,4.0,3.0,1.0,1.0,5.0,3.0,,,3.0,2.0,1.0,,3.0,2.0,1.0,2.6666666666666665
c90d8865-98e3-45f7-b910-6342afdf7e7b,A,A,,AI (no operator),0,O4,REL,1,REL,1,1,True,6.0,3.4,7.0,5.5,6.333333333333333,7.0,7.0,7.0,5.333333333333333,39.0,0.0,5.0,0.0,3.0,0,10.033333333333333,1,69.388,126.858,4.0,5.0,5.0,2.0,5.0,5.0,,,1.0,2.0,3.0,,1.0,2.0,3.0,4.666666666666667
c90d8865-98e3-45f7-b910-6342afdf7e7b,A,A,,AI (no operator),0,O4,COL,2,REL,1,1,True,6.0,3.4,7.0,5.5,6.333333333333333,7.0,7.0,7.0,5.333333333333333,39.0,0.0,5.0,0.0,3.0,0,10.033333333333333,1,115.305,153.755,7.0,7.0,7.0,1.0,5.0,7.0,,,1.0,2.0,3.0,,1.0,3.0,2.0,7.0
c90d8865-98e3-45f7-b910-6342afdf7e7b,A,A,,AI (no operator),0,O4,ADV,3,REL,1,1,True,6.0,3.4,7.0,5.5,6.333333333333333,7.0,7.0,7.0,5.333333333333333,39.0,0.0,5.0,0.0,3.0,0,10.033333333333333,1,103.838,138.262,7.0,5.0,7.0,3.0,5.0,6.0,,,1.0,3.0,2.0,,1.0,3.0,2.0,6.333333333333333
622c42e7-9d07-4236-b8bd-c608c1c3357e,HA1,HA,1.0,no mention,1,O4,REL,1,REL,1,1,True,6.0,3.1,6.4,4.25,5.444444444444445,5.8,6.0,6.0,6.0,45.0,0.0,5.0,5.0,5.0,0,13.95,1,114.935,159.154,5.0,6.0,5.0,6.0,5.0,6.0,6.0,4.0,2.0,3.0,1.0,3.0,2.0,4.0,1.0,5.333333333333333
622c42e7-9d07-4236-b8bd-c608c1c3357e,HA1,HA,1.0,no mention,1,O4,COL,2,REL,1,1,True,6.0,3.1,6.4,4.25,5.444444444444445,5.8,6.0,6.0,6.0,45.0,0.0,5.0,5.0,5.0,0,13.95,1,115.375,186.224,6.0,5.0,6.0,5.0,6.0,6.0,5.0,4.0,2.0,3.0,1.0,3.0,2.0,4.0,1.0,5.666666666666667
622c42e7-9d07-4236-b8bd-c608c1c3357e,HA1,HA,1.0,no mention,1,O4,ADV,3,REL,1,1,True,6.0,3.1,6.4,4.25,5.444444444444445,5.8,6.0,6.0,6.0,45.0,0.0,5.0,5.0,5.0,0,13.95,1,103.927,179.926,6.0,5.0,6.0,5.0,6.0,5.0,6.0,4.0,1.0,2.0,3.0,3.0,1.0,2.0,4.0,5.666666666666667
5483faa6-6028-47e9-b5c9-502bc4dab121,H2,H,2.0,intellectual,1,O1,REL,1,REL,1,1,True,2.0,3.7,4.4,4.75,4.555555555555555,5.4,5.5,2.0,2.6666666666666665,60.0,0.0,4.0,0.0,0.0,0,16.583333333333332,1,69.355,245.503,5.0,5.0,3.0,4.0,5.0,5.0,6.0,1.0,,3.0,2.0,1.0,,3.0,2.0,4.333333333333333
5483faa6-6028-47e9-b5c9-502bc4dab121,H2,H,2.0,intellectual,1,O1,ADV,2,REL,1,1,True,2.0,3.7,4.4,4.75,4.555555555555555,5.4,5.5,2.0,2.6666666666666665,60.0,0.0,4.0,0.0,0.0,0,16.583333333333332,1,103.815,204.255,5.0,5.0,3.0,4.0,6.0,5.0,6.0,1.0,,3.0,2.0,1.0,,3.0,2.0,4.333333333333333
5483faa6-6028-47e9-b5c9-502bc4dab121,H2,H,2.0,intellectual,1,O1,COL,3,REL,1,1,True,2.0,3.7,4.4,4.75,4.555555555555555,5.4,5.5,2.0,2.6666666666666665,60.0,0.0,4.0,0.0,0.0,0,16.583333333333332,1,115.311,197.607,5.0,6.0,3.0,4.0,5.0,5.0,6.0,1.0,,3.0,2.0,1.0,,3.0,2.0,4.666666666666667
0e412a4e-a95d-424a-bd46-ba1fa66ba637,HA2,HA,2.0,intellectual,1,O4,REL,1,REL,1,1,True,6.0,3.7,5.4,5.0,5.222222222222222,5.6,5.75,5.5,6.0,29.0,0.0,5.0,3.0,4.0,0,23.633333333333333,1,117.161,491.577,6.0,6.0,6.0,5.0,6.0,6.0,6.0,1.0,2.0,3.0,4.0,1.0,2.0,3.0,4.0,6.0
0e412a4e-a95d-424a-bd46-ba1fa66ba637,HA2,HA,2.0,intellectual,1,O4,COL,2,REL,1,1,True,6.0,3.7,5.4,5.0,5.222222222222222,5.6,5.75,5.5,6.0,29.0,0.0,5.0,3.0,4.0,0,23.633333333333333,1,115.326,248.216,6.0,6.0,6.0,5.0,6.0,6.0,6.0,1.0,2.0,3.0,4.0,1.0,2.0,3.0,4.0,6.0
0e412a4e-a95d-424a-bd46-ba1fa66ba637,HA2,HA,2.0,intellectual,1,O4,ADV,3,REL,1,1,True,6.0,3.7,5.4,5.0,5.222222222222222,5.6,5.75,5.5,6.0,29.0,0.0,5.0,3.0,4.0,0,23.633333333333333,1,103.872,200.929,6.0,6.0,6.0,6.0,6.0,6.0,6.0,1.0,2.0,3.0,4.0,1.0,2.0,3.0,4.0,6.0
68070497-cc3d-43e9-89e0-b3e322a2dbbc,H1,H,1.0,no mention,1,O4,REL,1,REL,1,1,True,6.0,4.9,4.0,3.75,3.888888888888889,4.0,4.0,5.0,5.0,56.0,1.0,3.0,0.0,5.0,0,11.816666666666666,1,84.105,163.47,5.0,5.0,4.0,5.0,5.0,5.0,4.0,2.0,,1.0,3.0,2.0,,1.0,3.0,4.666666666666667
68070497-cc3d-43e9-89e0-b3e322a2dbbc,H1,H,1.0,no mention,1,O4,COL,2,REL,1,1,True,6.0,4.9,4.0,3.75,3.888888888888889,4.0,4.0,5.0,5.0,56.0,1.0,3.0,0.0,5.0,0,11.816666666666666,1,115.334,163.605,5.0,5.0,5.0,5.0,6.0,6.0,4.0,3.0,,2.0,1.0,3.0,,2.0,1.0,5.0
68070497-cc3d-43e9-89e0-b3e322a2dbbc,H1,H,1.0,no mention,1,O4,ADV,3,REL,1,1,True,6.0,4.9,4.0,3.75,3.888888888888889,4.0,4.0,5.0,5.0,56.0,1.0,3.0,0.0,5.0,0,11.816666666666666,1,103.821,137.993,6.0,6.0,6.0,6.0,6.0,6.0,6.0,3.0,,2.0,1.0,3.0,,2.0,1.0,6.0
d8305bc2-c75a-40df-9b02-0f65331d16aa,H3,H,3.0,mobility,1,O6,COL,1,COL,1,1,True,4.0,4.7,4.6,4.0,4.333333333333333,5.2,4.25,4.75,4.0,74.0,1.0,5.0,0.0,4.0,0,12.05,1,115.263,215.376,6.0,6.0,5.0,6.0,6.0,7.0,7.0,3.0,,2.0,1.0,3.0,,2.0,1.0,5.666666666666667
d8305bc2-c75a-40df-9b02-0f65331d16aa,H3,H,3.0,mobility,1,O6,ADV,2,COL,1,1,True,4.0,4.7,4.6,4.0,4.333333333333333,5.2,4.25,4.75,4.0,74.0,1.0,5.0,0.0,4.0,0,12.05,1,104.013,168.543,6.0,6.0,6.0,5.0,5.0,6.0,7.0,3.0,,2.0,1.0,3.0,,2.0,1.0,6.0
d8305bc2-c75a-40df-9b02-0f65331d16aa,H3,H,3.0,mobility,1,O6,REL,3,COL,1,1,True,4.0,4.7,4.6,4.0,4.333333333333333,5.2,4.25,4.75,4.0,74.0,1.0,5.0,0.0,4.0,0,12.05,1,69.528,115.714,6.0,6.0,6.0,5.0,6.0,6.0,6.0,3.0,,2.0,1.0,3.0,,2.0,1.0,6.0
c0c2f445-ea95-4bcb-81e4-100e9fcb66ff,H1,H,1.0,no mention,1,O3,COL,1,COL,1,1,True,7.0,3.4,6.2,5.0,5.666666666666667,6.4,6.0,6.0,5.333333333333333,70.0,0.0,5.0,1.0,2.0,0,16.95,1,115.256,316.348,6.0,6.0,7.0,6.0,5.0,7.0,7.0,1.0,,2.0,3.0,1.0,,3.0,2.0,6.333333333333333
c0c2f445-ea95-4bcb-81e4-100e9fcb66ff,H1,H,1.0,no mention,1,O3,REL,2,COL,1,1,True,7.0,3.4,6.2,5.0,5.666666666666667,6.4,6.0,6.0,5.333333333333333,70.0,0.0,5.0,1.0,2.0,0,16.95,1,69.394,157.906,7.0,7.0,6.0,7.0,6.0,6.0,7.0,1.0,,2.0,3.0,1.0,,2.0,3.0,6.666666666666667
c0c2f445-ea95-4bcb-81e4-100e9fcb66ff,H1,H,1.0,no mention,1,O3,ADV,3,COL,1,1,True,7.0,3.4,6.2,5.0,5.666666666666667,6.4,6.0,6.0,5.333333333333333,70.0,0.0,5.0,1.0,2.0,0,16.95,1,103.778,184.577,6.0,7.0,7.0,7.0,6.0,7.0,7.0,1.0,,2.0,3.0,1.0,,2.0,3.0,6.666666666666667
03269f4a-e97b-4f96-a035-d104750c9f0f,H2,H,2.0,intellectual,1,O6,COL,1,COL,1,1,True,7.0,3.7,4.6,3.75,4.222222222222222,4.0,4.5,5.5,5.666666666666667,28.0,1.0,5.0,3.0,3.0,0,12.05,1,115.297,206.885,5.0,6.0,5.0,6.0,5.0,6.0,5.0,1.0,,3.0,2.0,2.0,,3.0,1.0,5.333333333333333
03269f4a-e97b-4f96-a035-d104750c9f0f,H2,H,2.0,intellectual,1,O6,ADV,2,COL,1,1,True,7.0,3.7,4.6,3.75,4.222222222222222,4.0,4.5,5.5,5.666666666666667,28.0,1.0,5.0,3.0,3.0,0,12.05,1,194.952,228.021,5.0,6.0,5.0,5.0,4.0,5.0,6.0,2.0,,1.0,3.0,2.0,,3.0,1.0,5.333333333333333
03269f4a-e97b-4f96-a035-d104750c9f0f,H2,H,2.0,intellectual,1,O6,REL,3,COL,1,1,True,7.0,3.7,4.6,3.75,4.222222222222222,4.0,4.5,5.5,5.666666666666667,28.0,1.0,5.0,3.0,3.0,0,12.05,1,69.371,110.595,5.0,6.0,6.0,6.0,5.0,6.0,5.0,1.0,,3.0,2.0,1.0,,2.0,3.0,5.666666666666667
d89d1303-b6e0-4dfb-865e-182539ec1b4e,HA2,HA,2.0,intellectual,1,O1,REL,1,REL,1,1,True,2.0,4.6,2.0,1.75,1.8888888888888888,3.4,4.0,5.75,5.0,63.0,0.0,3.0,0.0,3.0,0,13.6,1,69.501,234.014,6.0,6.0,3.0,5.0,5.0,7.0,6.0,2.0,1.0,3.0,4.0,1.0,2.0,3.0,4.0,5.0
d89d1303-b6e0-4dfb-865e-182539ec1b4e,HA2,HA,2.0,intellectual,1,O1,ADV,2,REL,1,1,True,2.0,4.6,2.0,1.75,1.8888888888888888,3.4,4.0,5.75,5.0,63.0,0.0,3.0,0.0,3.0,0,13.6,1,103.904,152.839,6.0,6.0,4.0,5.0,5.0,6.0,7.0,1.0,2.0,3.0,4.0,3.0,1.0,2.0,4.0,5.333333333333333
d89d1303-b6e0-4dfb-865e-182539ec1b4e,HA2,HA,2.0,intellectual,1,O1,COL,3,REL,1,1,True,2.0,4.6,2.0,1.75,1.8888888888888888,3.4,4.0,5.75,5.0,63.0,0.0,3.0,0.0,3.0,0,13.6,1,115.53,160.067,6.0,6.0,5.0,6.0,5.0,6.0,6.0,3.0,1.0,2.0,4.0,4.0,2.0,3.0,1.0,5.666666666666667
dcbb2e71-d08b-4082-b73e-58a8ea04c6b2,H3,H,3.0,mobility,1,O2,ADV,1,ADV,1,1,True,5.0,4.3,4.2,4.0,4.111111111111111,4.2,4.0,4.0,4.0,26.0,1.0,4.0,1.0,2.0,0,13.633333333333333,1,103.786,155.014,5.0,3.0,5.0,4.0,5.0,3.0,4.0,1.0,,2.0,3.0,3.0,,2.0,1.0,4.333333333333333
dcbb2e71-d08b-4082-b73e-58a8ea04c6b2,H3,H,3.0,mobility,1,O2,COL,2,ADV,1,1,True,5.0,4.3,4.2,4.0,4.111111111111111,4.2,4.0,4.0,4.0,26.0,1.0,4.0,1.0,2.0,0,13.633333333333333,1,115.502,204.05,5.0,4.0,3.0,5.0,3.0,4.0,6.0,3.0,,1.0,2.0,1.0,,3.0,2.0,4.0
dcbb2e71-d08b-4082-b73e-58a8ea04c6b2,H3,H,3.0,mobility,1,O2,REL,3,ADV,1,1,True,5.0,4.3,4.2,4.0,4.111111111111111,4.2,4.0,4.0,4.0,26.0,1.0,4.0,1.0,2.0,0,13.633333333333333,1,69.533,245.565,6.0,4.0,3.0,6.0,3.0,4.0,6.0,2.0,,1.0,3.0,3.0,,2.0,1.0,4.333333333333333
4609f913-84fe-4151-86f5-8b74f9cb5d48,A,A,,AI (no operator),0,O3,COL,1,COL,1,1,True,7.0,3.1,6.4,4.5,5.555555555555555,4.6,5.5,7.0,7.0,29.0,1.0,5.0,1.0,5.0,0,15.55,1,115.358,236.102,7.0,7.0,7.0,5.0,4.0,7.0,,,2.0,3.0,1.0,,1.0,2.0,3.0,7.0
4609f913-84fe-4151-86f5-8b74f9cb5d48,A,A,,AI (no operator),0,O3,REL,2,COL,1,1,True,7.0,3.1,6.4,4.5,5.555555555555555,4.6,5.5,7.0,7.0,29.0,1.0,5.0,1.0,5.0,0,15.55,1,70.621,148.108,7.0,7.0,7.0,7.0,7.0,7.0,,,1.0,2.0,3.0,,1.0,2.0,3.0,7.0
4609f913-84fe-4151-86f5-8b74f9cb5d48,A,A,,AI (no operator),0,O3,ADV,3,COL,1,1,True,7.0,3.1,6.4,4.5,5.555555555555555,4.6,5.5,7.0,7.0,29.0,1.0,5.0,1.0,5.0,0,15.55,1,103.845,183.797,7.0,7.0,7.0,7.0,7.0,7.0,,,2.0,3.0,1.0,,1.0,3.0,2.0,7.0
2e069c83-2a3c-415c-a5e4-c5ca7c553e34,HA1,HA,1.0,no mention,1,O3,COL,1,COL,1,1,True,7.0,4.0,5.8,2.75,4.444444444444445,4.0,4.25,5.0,5.666666666666667,38.0,1.0,4.0,0.0,1.0,0,12.95,1,115.454,217.78,7.0,7.0,5.0,2.0,4.0,6.0,5.0,1.0,2.0,4.0,3.0,1.0,2.0,4.0,3.0,6.333333333333333
2e069c83-2a3c-415c-a5e4-c5ca7c553e34,HA1,HA,1.0,no mention,1,O3,REL,2,COL,1,1,True,7.0,4.0,5.8,2.75,4.444444444444445,4.0,4.25,5.0,5.666666666666667,38.0,1.0,4.0,0.0,1.0,0,12.95,1,69.583,138.628,6.0,5.0,6.0,5.0,6.0,6.0,6.0,1.0,2.0,4.0,3.0,1.0,2.0,4.0,3.0,5.666666666666667
2e069c83-2a3c-415c-a5e4-c5ca7c553e34,HA1,HA,1.0,no mention,1,O3,ADV,3,COL,1,1,True,7.0,4.0,5.8,2.75,4.444444444444445,4.0,4.25,5.0,5.666666666666667,38.0,1.0,4.0,0.0,1.0,0,12.95,1,104.029,180.487,5.0,5.0,2.0,3.0,6.0,3.0,7.0,1.0,2.0,4.0,3.0,1.0,2.0,4.0,3.0,4.0
f6c954b2-1268-42a8-a606-238754834df0,H3,H,3.0,mobility,1,O5,ADV,1,ADV,1,1,True,3.0,4.3,3.4,3.0,3.2222222222222223,6.0,6.0,4.0,4.0,35.0,1.0,3.0,0.0,3.0,0,38.766666666666666,1,103.796,153.803,5.0,5.0,4.0,5.0,5.0,5.0,6.0,2.0,,3.0,1.0,2.0,,3.0,1.0,4.666666666666667
f6c954b2-1268-42a8-a606-238754834df0,H3,H,3.0,mobility,1,O5,REL,2,ADV,1,1,True,3.0,4.3,3.4,3.0,3.2222222222222223,6.0,6.0,4.0,4.0,35.0,1.0,3.0,0.0,3.0,0,38.766666666666666,1,69.115,101.609,5.0,5.0,4.0,5.0,5.0,5.0,6.0,2.0,,3.0,1.0,2.0,,3.0,1.0,4.666666666666667
f6c954b2-1268-42a8-a606-238754834df0,H3,H,3.0,mobility,1,O5,COL,3,ADV,1,1,True,3.0,4.3,3.4,3.0,3.2222222222222223,6.0,6.0,4.0,4.0,35.0,1.0,3.0,0.0,3.0,0,38.766666666666666,1,140.43,167.161,4.0,4.0,4.0,5.0,5.0,5.0,6.0,2.0,,3.0,1.0,2.0,,3.0,1.0,4.0
f00c3b10-1bd1-4313-b473-dc6b00944af9,H2,H,2.0,intellectual,1,O4,REL,1,REL,1,1,True,6.0,4.5,4.8,4.75,4.777777777777778,5.0,5.25,5.5,5.666666666666667,32.0,0.0,3.0,0.0,5.0,0,16.75,1,203.718,274.564,6.0,5.0,5.0,6.0,5.0,6.0,5.0,1.0,,3.0,2.0,1.0,,2.0,3.0,5.333333333333333
f00c3b10-1bd1-4313-b473-dc6b00944af9,H2,H,2.0,intellectual,1,O4,COL,2,REL,1,1,True,6.0,4.5,4.8,4.75,4.777777777777778,5.0,5.25,5.5,5.666666666666667,32.0,0.0,3.0,0.0,5.0,0,16.75,1,115.318,176.541,6.0,6.0,6.0,5.0,5.0,6.0,6.0,1.0,,2.0,3.0,1.0,,2.0,3.0,6.0
f00c3b10-1bd1-4313-b473-dc6b00944af9,H2,H,2.0,intellectual,1,O4,ADV,3,REL,1,1,True,6.0,4.5,4.8,4.75,4.777777777777778,5.0,5.25,5.5,5.666666666666667,32.0,0.0,3.0,0.0,5.0,0,16.75,1,103.843,289.802,5.0,5.0,6.0,6.0,6.0,6.0,6.0,2.0,,1.0,3.0,2.0,,1.0,3.0,5.333333333333333
9348caad-3c98-4344-b2ee-600d0b08c4aa,HA3,HA,3.0,mobility,1,O1,REL,1,REL,1,1,True,6.0,2.0,2.8,2.75,2.7777777777777777,5.8,5.75,5.75,6.666666666666667,35.0,0.0,3.0,0.0,3.0,0,14.316666666666666,1,69.364,124.651,7.0,5.0,6.0,5.0,5.0,7.0,3.0,4.0,3.0,2.0,1.0,2.0,3.0,4.0,1.0,6.0
9348caad-3c98-4344-b2ee-600d0b08c4aa,HA3,HA,3.0,mobility,1,O1,ADV,2,REL,1,1,True,6.0,2.0,2.8,2.75,2.7777777777777777,5.8,5.75,5.75,6.666666666666667,35.0,0.0,3.0,0.0,3.0,0,14.316666666666666,1,103.793,423.72,6.0,6.0,6.0,3.0,5.0,5.0,6.0,4.0,3.0,2.0,1.0,2.0,4.0,3.0,1.0,6.0
9348caad-3c98-4344-b2ee-600d0b08c4aa,HA3,HA,3.0,mobility,1,O1,COL,3,REL,1,1,True,6.0,2.0,2.8,2.75,2.7777777777777777,5.8,5.75,5.75,6.666666666666667,35.0,0.0,3.0,0.0,3.0,0,14.316666666666666,1,115.279,149.641,3.0,4.0,5.0,5.0,6.0,5.0,5.0,4.0,3.0,2.0,1.0,2.0,4.0,3.0,1.0,4.0
c8867411-3490-4186-a741-6ef66c16d304,H1,H,1.0,no mention,1,O6,COL,1,COL,1,1,True,7.0,3.2,5.8,5.0,5.444444444444445,6.8,6.5,6.75,7.0,23.0,0.0,4.0,4.0,1.0,0,21.216666666666665,1,115.347,357.811,6.0,7.0,7.0,6.0,7.0,7.0,7.0,1.0,,2.0,3.0,1.0,,2.0,3.0,6.666666666666667
c8867411-3490-4186-a741-6ef66c16d304,H1,H,1.0,no mention,1,O6,ADV,2,COL,1,1,True,7.0,3.2,5.8,5.0,5.444444444444445,6.8,6.5,6.75,7.0,23.0,0.0,4.0,4.0,1.0,0,21.216666666666665,1,103.882,248.468,6.0,7.0,7.0,7.0,7.0,6.0,7.0,1.0,,2.0,3.0,1.0,,2.0,3.0,6.666666666666667
c8867411-3490-4186-a741-6ef66c16d304,H1,H,1.0,no mention,1,O6,REL,3,COL,1,1,True,7.0,3.2,5.8,5.0,5.444444444444445,6.8,6.5,6.75,7.0,23.0,0.0,4.0,4.0,1.0,0,21.216666666666665,1,69.405,164.799,6.0,5.0,7.0,7.0,7.0,6.0,7.0,1.0,,2.0,3.0,2.0,,3.0,1.0,6.0
06703ceb-3305-4e74-8667-bce1266d1829,HA2,HA,2.0,intellectual,1,O3,COL,1,COL,1,1,True,5.0,3.0,4.8,4.5,4.666666666666667,4.2,6.0,6.25,7.0,30.0,1.0,4.0,0.0,1.0,0,18.35,1,115.318,293.824,5.0,6.0,6.0,5.0,5.0,6.0,7.0,1.0,2.0,4.0,3.0,1.0,3.0,4.0,2.0,5.666666666666667
06703ceb-3305-4e74-8667-bce1266d1829,HA2,HA,2.0,intellectual,1,O3,REL,2,COL,1,1,True,5.0,3.0,4.8,4.5,4.666666666666667,4.2,6.0,6.25,7.0,30.0,1.0,4.0,0.0,1.0,0,18.35,1,69.409,195.846,5.0,5.0,7.0,5.0,5.0,7.0,7.0,1.0,3.0,2.0,4.0,1.0,3.0,2.0,4.0,5.666666666666667
06703ceb-3305-4e74-8667-bce1266d1829,HA2,HA,2.0,intellectual,1,O3,ADV,3,COL,1,1,True,5.0,3.0,4.8,4.5,4.666666666666667,4.2,6.0,6.25,7.0,30.0,1.0,4.0,0.0,1.0,0,18.35,1,103.816,196.451,7.0,7.0,7.0,6.0,6.0,7.0,7.0,1.0,3.0,2.0,4.0,1.0,3.0,2.0,4.0,7.0
16b55d24-1cae-484a-a14c-4005867f0856,HA3,HA,3.0,mobility,1,O3,COL,1,COL,1,1,True,5.0,3.7,7.0,6.0,6.555555555555555,4.0,4.0,5.0,4.0,39.0,0.0,5.0,1.0,2.0,0,13.2,1,115.305,216.534,6.0,4.0,6.0,5.0,4.0,4.0,4.0,2.0,1.0,3.0,4.0,2.0,1.0,3.0,4.0,5.333333333333333
16b55d24-1cae-484a-a14c-4005867f0856,HA3,HA,3.0,mobility,1,O3,REL,2,COL,1,1,True,5.0,3.7,7.0,6.0,6.555555555555555,4.0,4.0,5.0,4.0,39.0,0.0,5.0,1.0,2.0,0,13.2,1,69.361,137.912,6.0,6.0,6.0,5.0,5.0,4.0,4.0,2.0,1.0,3.0,4.0,2.0,1.0,3.0,4.0,6.0
16b55d24-1cae-484a-a14c-4005867f0856,HA3,HA,3.0,mobility,1,O3,ADV,3,COL,1,1,True,5.0,3.7,7.0,6.0,6.555555555555555,4.0,4.0,5.0,4.0,39.0,0.0,5.0,1.0,2.0,0,13.2,1,103.839,149.101,5.0,5.0,6.0,5.0,5.0,5.0,4.0,2.0,1.0,3.0,4.0,2.0,1.0,3.0,4.0,5.333333333333333
17992a0a-e385-4003-8bef-052fcff79792,H3,H,3.0,mobility,1,O1,REL,1,REL,1,1,True,5.0,2.5,5.0,6.0,5.444444444444445,5.4,4.25,3.5,3.6666666666666665,50.0,0.0,4.0,0.0,0.0,0,33.15,1,69.545,129.072,6.0,6.0,2.0,6.0,6.0,6.0,6.0,1.0,,2.0,3.0,1.0,,2.0,3.0,4.666666666666667
17992a0a-e385-4003-8bef-052fcff79792,H3,H,3.0,mobility,1,O1,ADV,2,REL,1,1,True,5.0,2.5,5.0,6.0,5.444444444444445,5.4,4.25,3.5,3.6666666666666665,50.0,0.0,4.0,0.0,0.0,0,33.15,1,103.818,1207.2,6.0,6.0,2.0,5.0,5.0,5.0,5.0,1.0,,2.0,3.0,1.0,,2.0,3.0,4.666666666666667
17992a0a-e385-4003-8bef-052fcff79792,H3,H,3.0,mobility,1,O1,COL,3,REL,1,1,True,5.0,2.5,5.0,6.0,5.444444444444445,5.4,4.25,3.5,3.6666666666666665,50.0,0.0,4.0,0.0,0.0,0,33.15,1,115.326,461.697,5.0,5.0,2.0,5.0,5.0,5.0,5.0,1.0,,2.0,3.0,1.0,,2.0,3.0,4.0
8dea5f38-07fe-4266-8bec-70ac523ebb7d,HA3,HA,3.0,mobility,1,O5,ADV,1,ADV,1,1,True,6.0,4.2,5.6,7.0,6.222222222222222,5.4,4.25,6.0,6.666666666666667,67.0,1.0,5.0,0.0,3.0,0,15.25,1,103.782,240.687,6.0,7.0,7.0,7.0,5.0,6.0,7.0,2.0,4.0,3.0,1.0,1.0,3.0,2.0,4.0,6.666666666666667
8dea5f38-07fe-4266-8bec-70ac523ebb7d,HA3,HA,3.0,mobility,1,O5,REL,2,ADV,1,1,True,6.0,4.2,5.6,7.0,6.222222222222222,5.4,4.25,6.0,6.666666666666667,67.0,1.0,5.0,0.0,3.0,0,15.25,1,69.35,144.99,7.0,6.0,7.0,7.0,4.0,7.0,7.0,1.0,3.0,2.0,4.0,1.0,3.0,2.0,4.0,6.666666666666667
8dea5f38-07fe-4266-8bec-70ac523ebb7d,HA3,HA,3.0,mobility,1,O5,COL,3,ADV,1,1,True,6.0,4.2,5.6,7.0,6.222222222222222,5.4,4.25,6.0,6.666666666666667,67.0,1.0,5.0,0.0,3.0,0,15.25,1,115.317,215.764,3.0,5.0,5.0,7.0,4.0,7.0,7.0,1.0,3.0,2.0,4.0,1.0,4.0,2.0,3.0,4.333333333333333
7a778652-2bec-4e8a-8145-d9e8fded9e22,HA3,HA,3.0,mobility,1,O2,ADV,1,ADV,1,1,True,5.0,2.9,6.6,5.75,6.222222222222222,5.4,6.0,6.5,6.0,35.0,0.0,5.0,2.0,4.0,0,17.283333333333335,1,104.473,260.964,6.0,7.0,6.0,5.0,6.0,7.0,6.0,4.0,3.0,2.0,1.0,4.0,3.0,2.0,1.0,6.333333333333333
7a778652-2bec-4e8a-8145-d9e8fded9e22,HA3,HA,3.0,mobility,1,O2,COL,2,ADV,1,1,True,5.0,2.9,6.6,5.75,6.222222222222222,5.4,6.0,6.5,6.0,35.0,0.0,5.0,2.0,4.0,0,17.283333333333335,1,115.258,198.588,6.0,7.0,6.0,5.0,6.0,6.0,7.0,4.0,3.0,2.0,1.0,4.0,3.0,2.0,1.0,6.333333333333333
7a778652-2bec-4e8a-8145-d9e8fded9e22,HA3,HA,3.0,mobility,1,O2,REL,3,ADV,1,1,True,5.0,2.9,6.6,5.75,6.222222222222222,5.4,6.0,6.5,6.0,35.0,0.0,5.0,2.0,4.0,0,17.283333333333335,1,95.895,162.6,6.0,7.0,6.0,5.0,7.0,6.0,7.0,4.0,3.0,2.0,1.0,4.0,3.0,2.0,1.0,6.333333333333333
7a23f24a-98c4-463c-8238-33647e403cf3,HA2,HA,2.0,intellectual,1,O6,COL,1,COL,1,1,True,3.0,4.1,5.0,5.5,5.222222222222222,4.2,4.0,4.25,5.0,47.0,0.0,4.0,0.0,0.0,0,19.383333333333333,1,115.239,215.457,6.0,6.0,5.0,6.0,4.0,5.0,5.0,2.0,3.0,4.0,1.0,2.0,3.0,4.0,1.0,5.666666666666667
7a23f24a-98c4-463c-8238-33647e403cf3,HA2,HA,2.0,intellectual,1,O6,ADV,2,COL,1,1,True,3.0,4.1,5.0,5.5,5.222222222222222,4.2,4.0,4.25,5.0,47.0,0.0,4.0,0.0,0.0,0,19.383333333333333,1,103.806,190.328,6.0,6.0,5.0,6.0,4.0,5.0,5.0,1.0,2.0,3.0,4.0,1.0,2.0,3.0,4.0,5.666666666666667
7a23f24a-98c4-463c-8238-33647e403cf3,HA2,HA,2.0,intellectual,1,O6,REL,3,COL,1,1,True,3.0,4.1,5.0,5.5,5.222222222222222,4.2,4.0,4.25,5.0,47.0,0.0,4.0,0.0,0.0,0,19.383333333333333,1,69.344,187.697,5.0,5.0,5.0,6.0,5.0,5.0,5.0,1.0,2.0,3.0,4.0,1.0,2.0,3.0,4.0,5.0
cd697c5c-3d6e-4539-b83b-0bcefc86ed36,HA3,HA,3.0,mobility,1,O6,COL,1,COL,1,1,True,5.0,4.8,3.6,3.0,3.3333333333333335,6.2,6.5,3.0,6.0,19.0,1.0,4.0,0.0,5.0,0,10.983333333333333,1,115.245,202.435,6.0,6.0,1.0,6.0,5.0,7.0,7.0,4.0,2.0,3.0,1.0,4.0,2.0,3.0,1.0,4.333333333333333
cd697c5c-3d6e-4539-b83b-0bcefc86ed36,HA3,HA,3.0,mobility,1,O6,ADV,2,COL,1,1,True,5.0,4.8,3.6,3.0,3.3333333333333335,6.2,6.5,3.0,6.0,19.0,1.0,4.0,0.0,5.0,0,10.983333333333333,1,103.852,168.023,5.0,6.0,1.0,7.0,7.0,7.0,7.0,3.0,2.0,1.0,4.0,3.0,2.0,1.0,4.0,4.0
cd697c5c-3d6e-4539-b83b-0bcefc86ed36,HA3,HA,3.0,mobility,1,O6,REL,3,COL,1,1,True,5.0,4.8,3.6,3.0,3.3333333333333335,6.2,6.5,3.0,6.0,19.0,1.0,4.0,0.0,5.0,0,10.983333333333333,1,69.413,99.746,7.0,7.0,1.0,7.0,7.0,7.0,7.0,4.0,3.0,2.0,1.0,4.0,3.0,2.0,1.0,5.0
0bb751ff-c14e-49fb-af27-b3f8fd8e900d,HA2,HA,2.0,intellectual,1,O5,ADV,1,ADV,1,1,True,2.0,2.8,5.4,6.0,5.666666666666667,5.0,5.0,5.25,6.0,34.0,1.0,5.0,0.0,1.0,0,32.666666666666664,1,267.938,555.149,6.0,6.0,6.0,6.0,6.0,6.0,6.0,1.0,2.0,3.0,4.0,1.0,2.0,3.0,4.0,6.0
0bb751ff-c14e-49fb-af27-b3f8fd8e900d,HA2,HA,2.0,intellectual,1,O5,REL,2,ADV,1,1,True,2.0,2.8,5.4,6.0,5.666666666666667,5.0,5.0,5.25,6.0,34.0,1.0,5.0,0.0,1.0,0,32.666666666666664,1,255.642,376.204,6.0,6.0,6.0,6.0,6.0,6.0,6.0,1.0,2.0,3.0,4.0,1.0,2.0,3.0,4.0,6.0
0bb751ff-c14e-49fb-af27-b3f8fd8e900d,HA2,HA,2.0,intellectual,1,O5,COL,3,ADV,1,1,True,2.0,2.8,5.4,6.0,5.666666666666667,5.0,5.0,5.25,6.0,34.0,1.0,5.0,0.0,1.0,0,32.666666666666664,1,356.989,435.178,6.0,6.0,6.0,6.0,6.0,6.0,6.0,1.0,2.0,3.0,4.0,1.0,2.0,3.0,4.0,6.0
bbbec15e-0549-4c1b-83d5-01d46bac5733,A,A,,AI (no operator),0,O5,ADV,1,ADV,1,1,True,6.0,4.0,4.6,1.25,3.111111111111111,5.6,6.0,6.75,6.333333333333333,29.0,1.0,5.0,0.0,2.0,0,15.916666666666666,1,241.391,399.66,6.0,6.0,7.0,6.0,7.0,7.0,,,1.0,2.0,3.0,,1.0,2.0,3.0,6.333333333333333
bbbec15e-0549-4c1b-83d5-01d46bac5733,A,A,,AI (no operator),0,O5,REL,2,ADV,1,1,True,6.0,4.0,4.6,1.25,3.111111111111111,5.6,6.0,6.75,6.333333333333333,29.0,1.0,5.0,0.0,2.0,0,15.916666666666666,1,69.341,134.047,5.0,5.0,6.0,6.0,5.0,5.0,,,1.0,2.0,3.0,,1.0,2.0,3.0,5.333333333333333
bbbec15e-0549-4c1b-83d5-01d46bac5733,A,A,,AI (no operator),0,O5,COL,3,ADV,1,1,True,6.0,4.0,4.6,1.25,3.111111111111111,5.6,6.0,6.75,6.333333333333333,29.0,1.0,5.0,0.0,2.0,0,15.916666666666666,1,115.277,166.134,6.0,6.0,7.0,7.0,7.0,7.0,,,1.0,2.0,3.0,,1.0,2.0,3.0,6.333333333333333
fc5647fa-0a2e-48fc-b51a-1199aa4f2533,H3,H,3.0,mobility,1,O5,ADV,1,ADV,1,0,True,4.0,3.3,5.8,5.0,5.444444444444445,6.4,6.0,5.75,6.0,34.0,0.0,4.0,4.0,2.0,0,20.033333333333335,1,237.243,444.44,7.0,7.0,6.0,5.0,6.0,5.0,6.0,1.0,,3.0,2.0,1.0,,2.0,3.0,6.666666666666667
fc5647fa-0a2e-48fc-b51a-1199aa4f2533,H3,H,3.0,mobility,1,O5,REL,2,ADV,1,0,True,4.0,3.3,5.8,5.0,5.444444444444445,6.4,6.0,5.75,6.0,34.0,0.0,4.0,4.0,2.0,0,20.033333333333335,1,64.478,153.758,6.0,5.0,6.0,5.0,6.0,5.0,6.0,1.0,,2.0,3.0,1.0,,2.0,3.0,5.666666666666667
fc5647fa-0a2e-48fc-b51a-1199aa4f2533,H3,H,3.0,mobility,1,O5,COL,3,ADV,1,0,True,4.0,3.3,5.8,5.0,5.444444444444445,6.4,6.0,5.75,6.0,34.0,0.0,4.0,4.0,2.0,0,20.033333333333335,1,128.298,204.795,5.0,4.0,5.0,6.0,6.0,6.0,6.0,2.0,,1.0,3.0,2.0,,1.0,3.0,4.666666666666667
22c7202f-eff8-4f8b-967b-3aa7f87846f0,H3,H,3.0,mobility,1,O1,REL,1,REL,1,1,True,6.0,2.0,6.4,6.75,6.555555555555555,6.6,5.75,6.75,5.666666666666667,23.0,1.0,5.0,1.0,5.0,0,33.11666666666667,1,201.526,595.431,7.0,7.0,6.0,6.0,6.0,7.0,1.0,1.0,,2.0,3.0,1.0,,2.0,3.0,6.666666666666667
22c7202f-eff8-4f8b-967b-3aa7f87846f0,H3,H,3.0,mobility,1,O1,ADV,2,REL,1,1,True,6.0,2.0,6.4,6.75,6.555555555555555,6.6,5.75,6.75,5.666666666666667,23.0,1.0,5.0,1.0,5.0,0,33.11666666666667,1,103.85,221.789,7.0,6.0,7.0,6.0,7.0,7.0,4.0,1.0,,3.0,2.0,1.0,,3.0,2.0,6.666666666666667
22c7202f-eff8-4f8b-967b-3aa7f87846f0,H3,H,3.0,mobility,1,O1,COL,3,REL,1,1,True,6.0,2.0,6.4,6.75,6.555555555555555,6.6,5.75,6.75,5.666666666666667,23.0,1.0,5.0,1.0,5.0,0,33.11666666666667,1,115.315,524.218,7.0,6.0,7.0,7.0,7.0,6.0,2.0,1.0,,3.0,2.0,1.0,,3.0,2.0,6.666666666666667
0ae37695-7ca1-40f0-9da0-6ece9b1c13c5,HA1,HA,1.0,no mention,1,O3,COL,1,COL,1,1,True,2.0,2.2,3.8,4.75,4.222222222222222,7.0,7.0,2.25,1.0,50.0,1.0,4.0,0.0,0.0,0,26.233333333333334,1,115.327,228.812,5.0,5.0,3.0,3.0,6.0,6.0,6.0,2.0,3.0,4.0,1.0,3.0,2.0,4.0,1.0,4.333333333333333
0ae37695-7ca1-40f0-9da0-6ece9b1c13c5,HA1,HA,1.0,no mention,1,O3,REL,2,COL,1,1,True,2.0,2.2,3.8,4.75,4.222222222222222,7.0,7.0,2.25,1.0,50.0,1.0,4.0,0.0,0.0,0,26.233333333333334,1,71.731,166.655,4.0,4.0,4.0,5.0,6.0,6.0,6.0,1.0,3.0,2.0,4.0,2.0,3.0,4.0,1.0,4.0
0ae37695-7ca1-40f0-9da0-6ece9b1c13c5,HA1,HA,1.0,no mention,1,O3,ADV,3,COL,1,1,True,2.0,2.2,3.8,4.75,4.222222222222222,7.0,7.0,2.25,1.0,50.0,1.0,4.0,0.0,0.0,0,26.233333333333334,1,103.817,152.083,6.0,7.0,4.0,5.0,6.0,6.0,6.0,2.0,3.0,4.0,1.0,2.0,3.0,4.0,1.0,5.666666666666667
70ec672e-5494-4216-ac77-bc33eb080e53,HA1,HA,1.0,no mention,1,O5,ADV,1,ADV,1,1,True,4.0,2.4,5.2,3.5,4.444444444444445,4.4,6.75,4.75,6.333333333333333,43.0,0.0,4.0,0.0,2.0,0,16.583333333333332,1,103.981,306.873,6.0,7.0,6.0,4.0,6.0,7.0,2.0,2.0,1.0,3.0,4.0,2.0,1.0,3.0,4.0,6.333333333333333
70ec672e-5494-4216-ac77-bc33eb080e53,HA1,HA,1.0,no mention,1,O5,REL,2,ADV,1,1,True,4.0,2.4,5.2,3.5,4.444444444444445,4.4,6.75,4.75,6.333333333333333,43.0,0.0,4.0,0.0,2.0,0,16.583333333333332,1,69.532,159.435,7.0,5.0,5.0,6.0,7.0,5.0,4.0,1.0,2.0,3.0,4.0,1.0,2.0,3.0,4.0,5.666666666666667
70ec672e-5494-4216-ac77-bc33eb080e53,HA1,HA,1.0,no mention,1,O5,COL,3,ADV,1,1,True,4.0,2.4,5.2,3.5,4.444444444444445,4.4,6.75,4.75,6.333333333333333,43.0,0.0,4.0,0.0,2.0,0,16.583333333333332,1,115.573,198.769,3.0,5.0,7.0,6.0,7.0,6.0,5.0,3.0,1.0,2.0,4.0,3.0,1.0,2.0,4.0,5.0
1b90a3f2-3a52-425f-9ef5-fd87a2e4e065,HA2,HA,2.0,intellectual,1,O5,ADV,1,ADV,1,1,True,4.0,5.6,4.2,4.0,4.111111111111111,6.0,6.0,5.25,4.0,63.0,1.0,1.0,0.0,3.0,0,15.166666666666666,1,104.021,239.472,5.0,5.0,5.0,5.0,5.0,5.0,5.0,1.0,3.0,2.0,4.0,1.0,2.0,3.0,4.0,5.0
1b90a3f2-3a52-425f-9ef5-fd87a2e4e065,HA2,HA,2.0,intellectual,1,O5,REL,2,ADV,1,1,True,4.0,5.6,4.2,4.0,4.111111111111111,6.0,6.0,5.25,4.0,63.0,1.0,1.0,0.0,3.0,0,15.166666666666666,1,69.602,156.093,5.0,5.0,5.0,5.0,5.0,5.0,5.0,1.0,2.0,3.0,4.0,1.0,2.0,3.0,4.0,5.0
1b90a3f2-3a52-425f-9ef5-fd87a2e4e065,HA2,HA,2.0,intellectual,1,O5,COL,3,ADV,1,1,True,4.0,5.6,4.2,4.0,4.111111111111111,6.0,6.0,5.25,4.0,63.0,1.0,1.0,0.0,3.0,0,15.166666666666666,1,115.504,183.822,5.0,5.0,5.0,5.0,5.0,5.0,5.0,1.0,2.0,3.0,4.0,1.0,2.0,3.0,4.0,5.0
9e50a53c-32b9-4643-bec5-9d821233ed01,H3,H,3.0,mobility,1,O2,ADV,1,ADV,1,1,True,5.0,4.8,5.0,2.25,3.7777777777777777,7.0,7.0,3.5,2.3333333333333335,30.0,0.0,4.0,2.0,3.0,0,11.1,1,103.83,162.207,5.0,5.0,3.0,4.0,6.0,6.0,7.0,3.0,,1.0,2.0,2.0,,1.0,3.0,4.333333333333333
9e50a53c-32b9-4643-bec5-9d821233ed01,H3,H,3.0,mobility,1,O2,COL,2,ADV,1,1,True,5.0,4.8,5.0,2.25,3.7777777777777777,7.0,7.0,3.5,2.3333333333333335,30.0,0.0,4.0,2.0,3.0,0,11.1,1,164.409,197.145,5.0,6.0,2.0,4.0,6.0,6.0,6.0,2.0,,1.0,3.0,2.0,,1.0,3.0,4.333333333333333
9e50a53c-32b9-4643-bec5-9d821233ed01,H3,H,3.0,mobility,1,O2,REL,3,ADV,1,1,True,5.0,4.8,5.0,2.25,3.7777777777777777,7.0,7.0,3.5,2.3333333333333335,30.0,0.0,4.0,2.0,3.0,0,11.1,1,69.385,126.936,4.0,4.0,2.0,4.0,6.0,6.0,6.0,3.0,,1.0,2.0,3.0,,1.0,2.0,3.3333333333333335
9fc04c6e-5db1-42a3-a776-b74a9b542b28,HA2,HA,2.0,intellectual,1,O3,COL,1,COL,1,1,True,5.0,2.2,3.8,4.75,4.222222222222222,6.0,6.75,5.75,6.333333333333333,38.0,0.0,4.0,4.0,5.0,0,10.35,1,115.288,174.663,6.0,6.0,6.0,6.0,7.0,7.0,7.0,4.0,1.0,2.0,3.0,3.0,1.0,2.0,4.0,6.0
9fc04c6e-5db1-42a3-a776-b74a9b542b28,HA2,HA,2.0,intellectual,1,O3,REL,2,COL,1,1,True,5.0,2.2,3.8,4.75,4.222222222222222,6.0,6.75,5.75,6.333333333333333,38.0,0.0,4.0,4.0,5.0,0,10.35,1,69.386,108.423,6.0,7.0,6.0,6.0,7.0,6.0,6.0,3.0,2.0,1.0,4.0,3.0,2.0,1.0,4.0,6.333333333333333
9fc04c6e-5db1-42a3-a776-b74a9b542b28,HA2,HA,2.0,intellectual,1,O3,ADV,3,COL,1,1,True,5.0,2.2,3.8,4.75,4.222222222222222,6.0,6.75,5.75,6.333333333333333,38.0,0.0,4.0,4.0,5.0,0,10.35,1,103.786,127.312,6.0,6.0,6.0,7.0,7.0,6.0,6.0,3.0,1.0,2.0,4.0,3.0,1.0,2.0,4.0,6.0
76840103-ca5d-4938-a155-5de0113c2a12,H1,H,1.0,no mention,1,O4,REL,1,REL,1,1,True,2.0,4.7,6.2,4.25,5.333333333333333,4.0,5.0,1.25,2.3333333333333335,28.0,0.0,5.0,0.0,5.0,0,11.433333333333334,1,69.575,143.649,7.0,7.0,1.0,3.0,5.0,6.0,7.0,1.0,,2.0,3.0,1.0,,2.0,3.0,5.0
76840103-ca5d-4938-a155-5de0113c2a12,H1,H,1.0,no mention,1,O4,COL,2,REL,1,1,True,2.0,4.7,6.2,4.25,5.333333333333333,4.0,5.0,1.25,2.3333333333333335,28.0,0.0,5.0,0.0,5.0,0,11.433333333333334,1,115.322,173.635,2.0,5.0,1.0,1.0,5.0,4.0,7.0,1.0,,2.0,3.0,2.0,,3.0,1.0,2.6666666666666665
76840103-ca5d-4938-a155-5de0113c2a12,H1,H,1.0,no mention,1,O4,ADV,3,REL,1,1,True,2.0,4.7,6.2,4.25,5.333333333333333,4.0,5.0,1.25,2.3333333333333335,28.0,0.0,5.0,0.0,5.0,0,11.433333333333334,1,104.142,150.17,5.0,6.0,1.0,2.0,5.0,5.0,7.0,1.0,,2.0,3.0,1.0,,2.0,3.0,4.0
8bd02386-7e9e-4ce5-8a24-504aeae14c10,A,A,,AI (no operator),0,O2,ADV,1,ADV,1,1,True,5.0,4.3,5.8,3.75,4.888888888888889,5.0,6.0,3.25,3.3333333333333335,40.0,0.0,2.0,0.0,0.0,0,14.3,1,220.184,281.759,4.0,5.0,4.0,4.0,5.0,5.0,,,3.0,1.0,2.0,,1.0,3.0,2.0,4.333333333333333
8bd02386-7e9e-4ce5-8a24-504aeae14c10,A,A,,AI (no operator),0,O2,COL,2,ADV,1,1,True,5.0,4.3,5.8,3.75,4.888888888888889,5.0,6.0,3.25,3.3333333333333335,40.0,0.0,2.0,0.0,0.0,0,14.3,1,115.317,188.296,5.0,4.0,5.0,5.0,4.0,5.0,,,1.0,3.0,2.0,,1.0,2.0,3.0,4.666666666666667
8bd02386-7e9e-4ce5-8a24-504aeae14c10,A,A,,AI (no operator),0,O2,REL,3,ADV,1,1,True,5.0,4.3,5.8,3.75,4.888888888888889,5.0,6.0,3.25,3.3333333333333335,40.0,0.0,2.0,0.0,0.0,0,14.3,1,69.378,113.331,4.0,5.0,5.0,4.0,6.0,5.0,,,1.0,2.0,3.0,,1.0,3.0,2.0,4.666666666666667
087fd503-6718-44d4-b3d7-ff44a2e6ff7c,HA2,HA,2.0,intellectual,1,O4,REL,1,REL,1,1,True,6.0,5.0,4.2,5.0,4.555555555555555,6.0,6.0,5.0,5.0,24.0,0.0,4.0,0.0,0.0,0,21.616666666666667,1,69.386,162.473,6.0,6.0,6.0,6.0,6.0,6.0,6.0,4.0,3.0,1.0,2.0,4.0,3.0,1.0,2.0,6.0
087fd503-6718-44d4-b3d7-ff44a2e6ff7c,HA2,HA,2.0,intellectual,1,O4,COL,2,REL,1,1,True,6.0,5.0,4.2,5.0,4.555555555555555,6.0,6.0,5.0,5.0,24.0,0.0,4.0,0.0,0.0,0,21.616666666666667,1,115.332,164.01,6.0,6.0,6.0,6.0,6.0,6.0,6.0,3.0,4.0,2.0,1.0,4.0,3.0,2.0,1.0,6.0
087fd503-6718-44d4-b3d7-ff44a2e6ff7c,HA2,HA,2.0,intellectual,1,O4,ADV,3,REL,1,1,True,6.0,5.0,4.2,5.0,4.555555555555555,6.0,6.0,5.0,5.0,24.0,0.0,4.0,0.0,0.0,0,21.616666666666667,1,103.759,156.069,6.0,6.0,6.0,6.0,6.0,6.0,6.0,2.0,4.0,1.0,3.0,4.0,3.0,2.0,1.0,6.0
20fa18e5-b8ef-42f0-b2ff-1f5586f5ade4,HA1,HA,1.0,no mention,1,O4,REL,1,REL,1,1,True,7.0,2.8,6.2,6.25,6.222222222222222,6.2,6.5,6.25,6.666666666666667,45.0,0.0,5.0,1.0,5.0,0,36.55,1,69.429,593.434,6.0,7.0,6.0,6.0,7.0,7.0,3.0,1.0,2.0,4.0,3.0,1.0,4.0,3.0,2.0,6.333333333333333
20fa18e5-b8ef-42f0-b2ff-1f5586f5ade4,HA1,HA,1.0,no mention,1,O4,COL,2,REL,1,1,True,7.0,2.8,6.2,6.25,6.222222222222222,6.2,6.5,6.25,6.666666666666667,45.0,0.0,5.0,1.0,5.0,0,36.55,1,115.269,747.039,7.0,7.0,7.0,6.0,6.0,7.0,3.0,1.0,3.0,4.0,2.0,1.0,3.0,4.0,2.0,7.0
20fa18e5-b8ef-42f0-b2ff-1f5586f5ade4,HA1,HA,1.0,no mention,1,O4,ADV,3,REL,1,1,True,7.0,2.8,6.2,6.25,6.222222222222222,6.2,6.5,6.25,6.666666666666667,45.0,0.0,5.0,1.0,5.0,0,36.55,1,103.838,291.942,7.0,7.0,6.0,7.0,7.0,5.0,6.0,1.0,3.0,4.0,2.0,1.0,2.0,4.0,3.0,6.666666666666667
92bee81a-e574-4799-a437-fc31274cabe6,HA3,HA,3.0,mobility,1,O3,COL,1,COL,1,1,True,5.0,4.4,3.0,2.75,2.888888888888889,4.4,4.0,2.0,1.0,41.0,1.0,0.0,0.0,5.0,0,12.766666666666667,1,115.252,238.109,6.0,6.0,2.0,5.0,5.0,6.0,5.0,3.0,4.0,2.0,1.0,2.0,3.0,4.0,1.0,4.666666666666667
92bee81a-e574-4799-a437-fc31274cabe6,HA3,HA,3.0,mobility,1,O3,REL,2,COL,1,1,True,5.0,4.4,3.0,2.75,2.888888888888889,4.4,4.0,2.0,1.0,41.0,1.0,0.0,0.0,5.0,0,12.766666666666667,1,69.369,124.409,6.0,4.0,2.0,3.0,5.0,5.0,6.0,2.0,3.0,4.0,1.0,2.0,3.0,4.0,1.0,4.0
92bee81a-e574-4799-a437-fc31274cabe6,HA3,HA,3.0,mobility,1,O3,ADV,3,COL,1,1,True,5.0,4.4,3.0,2.75,2.888888888888889,4.4,4.0,2.0,1.0,41.0,1.0,0.0,0.0,5.0,0,12.766666666666667,1,103.787,148.107,6.0,6.0,2.0,3.0,6.0,6.0,6.0,2.0,3.0,4.0,1.0,2.0,3.0,4.0,1.0,4.666666666666667
6764b118-1853-4259-8db8-aa556a159c03,H1,H,1.0,no mention,1,O6,COL,1,COL,1,1,True,7.0,5.5,2.0,1.25,1.6666666666666667,4.6,5.75,1.0,3.0,38.0,1.0,0.0,0.0,0.0,0,11.5,1,115.239,194.47,5.0,5.0,1.0,5.0,6.0,6.0,6.0,1.0,,2.0,3.0,1.0,,3.0,2.0,3.6666666666666665
6764b118-1853-4259-8db8-aa556a159c03,H1,H,1.0,no mention,1,O6,ADV,2,COL,1,1,True,7.0,5.5,2.0,1.25,1.6666666666666667,4.6,5.75,1.0,3.0,38.0,1.0,0.0,0.0,0.0,0,11.5,1,103.76,151.569,6.0,6.0,1.0,6.0,6.0,6.0,6.0,2.0,,3.0,1.0,1.0,,3.0,2.0,4.333333333333333
6764b118-1853-4259-8db8-aa556a159c03,H1,H,1.0,no mention,1,O6,REL,3,COL,1,1,True,7.0,5.5,2.0,1.25,1.6666666666666667,4.6,5.75,1.0,3.0,38.0,1.0,0.0,0.0,0.0,0,11.5,1,69.317,102.42,6.0,6.0,1.0,7.0,7.0,7.0,7.0,2.0,,3.0,1.0,2.0,,3.0,1.0,4.333333333333333
4915c0fa-f664-4cd9-ba14-5fa017238808,H3,H,3.0,mobility,1,O4,REL,1,REL,1,1,True,5.0,4.4,5.2,3.25,4.333333333333333,5.8,5.75,6.0,6.0,35.0,1.0,4.0,0.0,1.0,0,14.333333333333334,1,69.723,184.365,6.0,5.0,6.0,6.0,6.0,6.0,6.0,1.0,,3.0,2.0,1.0,,2.0,3.0,5.666666666666667
4915c0fa-f664-4cd9-ba14-5fa017238808,H3,H,3.0,mobility,1,O4,COL,2,REL,1,1,True,5.0,4.4,5.2,3.25,4.333333333333333,5.8,5.75,6.0,6.0,35.0,1.0,4.0,0.0,1.0,0,14.333333333333334,1,115.67,212.813,6.0,6.0,6.0,6.0,6.0,6.0,7.0,1.0,,3.0,2.0,1.0,,2.0,3.0,6.0
4915c0fa-f664-4cd9-ba14-5fa017238808,H3,H,3.0,mobility,1,O4,ADV,3,REL,1,1,True,5.0,4.4,5.2,3.25,4.333333333333333,5.8,5.75,6.0,6.0,35.0,1.0,4.0,0.0,1.0,0,14.333333333333334,1,104.201,170.889,6.0,7.0,7.0,6.0,6.0,6.0,7.0,2.0,,3.0,1.0,1.0,,2.0,3.0,6.666666666666667
55470eb6-c469-4a05-8d39-f338ad8b3b09,HA3,HA,3.0,mobility,1,O6,COL,1,COL,1,1,True,3.0,2.9,5.0,2.75,4.0,3.4,4.75,4.75,7.0,19.0,0.0,1.0,1.0,4.0,0,14.0,1,117.537,270.988,5.0,6.0,7.0,3.0,4.0,5.0,6.0,1.0,2.0,4.0,3.0,1.0,3.0,2.0,4.0,6.0
55470eb6-c469-4a05-8d39-f338ad8b3b09,HA3,HA,3.0,mobility,1,O6,ADV,2,COL,1,1,True,3.0,2.9,5.0,2.75,4.0,3.4,4.75,4.75,7.0,19.0,0.0,1.0,1.0,4.0,0,14.0,1,103.847,211.795,7.0,7.0,7.0,3.0,2.0,6.0,3.0,3.0,2.0,4.0,1.0,4.0,2.0,3.0,1.0,7.0
55470eb6-c469-4a05-8d39-f338ad8b3b09,HA3,HA,3.0,mobility,1,O6,REL,3,COL,1,1,True,3.0,2.9,5.0,2.75,4.0,3.4,4.75,4.75,7.0,19.0,0.0,1.0,1.0,4.0,0,14.0,1,69.406,117.236,6.0,3.0,7.0,7.0,7.0,6.0,3.0,4.0,2.0,1.0,3.0,4.0,2.0,1.0,3.0,5.333333333333333
882e8ec7-e758-4bfe-9bb1-0bc1810d413d,H3,H,3.0,mobility,1,O6,COL,1,COL,1,1,True,3.0,4.5,1.4,2.0,1.6666666666666667,4.4,5.75,4.75,6.666666666666667,27.0,1.0,0.0,3.0,3.0,0,9.016666666666667,1,115.303,171.509,4.0,5.0,5.0,4.0,5.0,5.0,6.0,1.0,,2.0,3.0,1.0,,3.0,2.0,4.666666666666667
882e8ec7-e758-4bfe-9bb1-0bc1810d413d,H3,H,3.0,mobility,1,O6,ADV,2,COL,1,1,True,3.0,4.5,1.4,2.0,1.6666666666666667,4.4,5.75,4.75,6.666666666666667,27.0,1.0,0.0,3.0,3.0,0,9.016666666666667,1,103.797,136.777,6.0,6.0,7.0,7.0,6.0,6.0,7.0,1.0,,3.0,2.0,1.0,,3.0,2.0,6.333333333333333
882e8ec7-e758-4bfe-9bb1-0bc1810d413d,H3,H,3.0,mobility,1,O6,REL,3,COL,1,1,True,3.0,4.5,1.4,2.0,1.6666666666666667,4.4,5.75,4.75,6.666666666666667,27.0,1.0,0.0,3.0,3.0,0,9.016666666666667,1,69.364,95.357,5.0,5.0,6.0,6.0,6.0,6.0,6.0,1.0,,2.0,3.0,1.0,,3.0,2.0,5.333333333333333
83cd3ada-a908-4ffe-8c88-2805d82ce704,HA1,HA,1.0,no mention,1,O1,REL,1,REL,1,1,True,7.0,1.6,7.0,7.0,7.0,7.0,7.0,7.0,7.0,32.0,1.0,5.0,0.0,0.0,1,30.983333333333334,1,78.159,365.199,7.0,7.0,7.0,7.0,7.0,7.0,6.0,1.0,4.0,3.0,2.0,1.0,3.0,2.0,4.0,7.0
83cd3ada-a908-4ffe-8c88-2805d82ce704,HA1,HA,1.0,no mention,1,O1,ADV,2,REL,1,1,True,7.0,1.6,7.0,7.0,7.0,7.0,7.0,7.0,7.0,32.0,1.0,5.0,0.0,0.0,1,30.983333333333334,1,213.763,620.824,7.0,7.0,7.0,7.0,7.0,7.0,7.0,1.0,3.0,2.0,4.0,1.0,3.0,2.0,4.0,7.0
83cd3ada-a908-4ffe-8c88-2805d82ce704,HA1,HA,1.0,no mention,1,O1,COL,3,REL,1,1,True,7.0,1.6,7.0,7.0,7.0,7.0,7.0,7.0,7.0,32.0,1.0,5.0,0.0,0.0,1,30.983333333333334,1,306.86,320.971,7.0,7.0,7.0,7.0,7.0,7.0,7.0,1.0,3.0,2.0,4.0,1.0,3.0,2.0,4.0,7.0
64fef622-281c-430a-b551-1fef8dabf0bf,A,A,,AI (no operator),0,O4,REL,1,REL,1,1,True,5.0,1.8,5.6,6.25,5.888888888888889,6.0,6.5,6.0,6.0,39.0,0.0,5.0,4.0,3.0,0,22.866666666666667,1,69.39,221.508,6.0,6.0,7.0,5.0,6.0,6.0,,,3.0,2.0,1.0,,2.0,3.0,1.0,6.333333333333333
64fef622-281c-430a-b551-1fef8dabf0bf,A,A,,AI (no operator),0,O4,COL,2,REL,1,1,True,5.0,1.8,5.6,6.25,5.888888888888889,6.0,6.5,6.0,6.0,39.0,0.0,5.0,4.0,3.0,0,22.866666666666667,1,115.353,201.832,6.0,6.0,6.0,6.0,6.0,6.0,,,3.0,2.0,1.0,,3.0,2.0,1.0,6.0
64fef622-281c-430a-b551-1fef8dabf0bf,A,A,,AI (no operator),0,O4,ADV,3,REL,1,1,True,5.0,1.8,5.6,6.25,5.888888888888889,6.0,6.5,6.0,6.0,39.0,0.0,5.0,4.0,3.0,0,22.866666666666667,1,103.824,180.923,6.0,6.0,7.0,6.0,6.0,7.0,,,3.0,2.0,1.0,,3.0,2.0,1.0,6.333333333333333
d26d94ac-4113-4662-9aed-1a7869bb84dd,H2,H,2.0,intellectual,1,O1,REL,1,REL,1,1,True,3.0,2.2,5.0,4.75,4.888888888888889,7.0,7.0,5.75,7.0,36.0,1.0,3.0,0.0,3.0,0,14.95,1,69.444,156.891,7.0,7.0,7.0,7.0,7.0,7.0,7.0,3.0,,2.0,1.0,3.0,,1.0,2.0,7.0
d26d94ac-4113-4662-9aed-1a7869bb84dd,H2,H,2.0,intellectual,1,O1,ADV,2,REL,1,1,True,3.0,2.2,5.0,4.75,4.888888888888889,7.0,7.0,5.75,7.0,36.0,1.0,3.0,0.0,3.0,0,14.95,1,103.82,183.284,6.0,7.0,7.0,6.0,7.0,7.0,7.0,2.0,,1.0,3.0,3.0,,1.0,2.0,6.666666666666667
d26d94ac-4113-4662-9aed-1a7869bb84dd,H2,H,2.0,intellectual,1,O1,COL,3,REL,1,1,True,3.0,2.2,5.0,4.75,4.888888888888889,7.0,7.0,5.75,7.0,36.0,1.0,3.0,0.0,3.0,0,14.95,1,115.433,224.922,6.0,7.0,7.0,7.0,7.0,7.0,7.0,2.0,,3.0,1.0,3.0,,1.0,2.0,6.666666666666667
d7533ef3-f374-428e-be04-e0f1e2b72ec0,HA1,HA,1.0,no mention,1,O2,ADV,1,ADV,1,1,True,5.0,3.6,5.0,5.5,5.222222222222222,6.0,6.0,4.25,5.0,51.0,1.0,4.0,0.0,5.0,0,13.766666666666667,1,103.949,214.007,6.0,6.0,6.0,5.0,5.0,6.0,6.0,1.0,3.0,2.0,4.0,1.0,3.0,2.0,4.0,6.0
d7533ef3-f374-428e-be04-e0f1e2b72ec0,HA1,HA,1.0,no mention,1,O2,COL,2,ADV,1,1,True,5.0,3.6,5.0,5.5,5.222222222222222,6.0,6.0,4.25,5.0,51.0,1.0,4.0,0.0,5.0,0,13.766666666666667,1,115.452,227.152,6.0,5.0,6.0,4.0,5.0,6.0,6.0,1.0,3.0,2.0,4.0,1.0,3.0,2.0,4.0,5.666666666666667
d7533ef3-f374-428e-be04-e0f1e2b72ec0,HA1,HA,1.0,no mention,1,O2,REL,3,ADV,1,1,True,5.0,3.6,5.0,5.5,5.222222222222222,6.0,6.0,4.25,5.0,51.0,1.0,4.0,0.0,5.0,0,13.766666666666667,1,69.521,127.756,6.0,4.0,4.0,4.0,5.0,6.0,6.0,1.0,3.0,2.0,4.0,1.0,3.0,2.0,4.0,4.666666666666667
8a637a82-c14e-49fe-ba54-5bd69cddef0c,A,A,,AI (no operator),0,O1,REL,1,REL,1,1,True,5.0,3.7,5.0,4.5,4.777777777777778,4.8,5.0,5.5,5.0,32.0,0.0,4.0,0.0,1.0,0,9.6,1,69.397,122.152,6.0,5.0,4.0,4.0,5.0,5.0,,,1.0,2.0,3.0,,1.0,2.0,3.0,5.0
8a637a82-c14e-49fe-ba54-5bd69cddef0c,A,A,,AI (no operator),0,O1,ADV,2,REL,1,1,True,5.0,3.7,5.0,4.5,4.777777777777778,4.8,5.0,5.5,5.0,32.0,0.0,4.0,0.0,1.0,0,9.6,1,103.816,140.375,5.0,5.0,5.0,5.0,5.0,5.0,,,1.0,2.0,3.0,,1.0,2.0,3.0,5.0
8a637a82-c14e-49fe-ba54-5bd69cddef0c,A,A,,AI (no operator),0,O1,COL,3,REL,1,1,True,5.0,3.7,5.0,4.5,4.777777777777778,4.8,5.0,5.5,5.0,32.0,0.0,4.0,0.0,1.0,0,9.6,1,115.306,141.846,4.0,5.0,5.0,5.0,5.0,5.0,,,1.0,2.0,3.0,,1.0,2.0,3.0,4.666666666666667
33d953e0-fc61-4347-a663-46f0378b8244,H2,H,2.0,intellectual,1,O2,ADV,1,ADV,1,1,True,3.0,3.7,5.4,5.25,5.333333333333333,4.6,4.25,5.0,6.0,44.0,1.0,2.0,2.0,3.0,0,14.066666666666666,1,103.894,177.535,5.0,6.0,6.0,6.0,6.0,6.0,6.0,1.0,,2.0,3.0,2.0,,1.0,3.0,5.666666666666667
33d953e0-fc61-4347-a663-46f0378b8244,H2,H,2.0,intellectual,1,O2,COL,2,ADV,1,1,True,3.0,3.7,5.4,5.25,5.333333333333333,4.6,4.25,5.0,6.0,44.0,1.0,2.0,2.0,3.0,0,14.066666666666666,1,115.321,182.168,3.0,3.0,4.0,3.0,3.0,3.0,5.0,1.0,,2.0,3.0,2.0,,3.0,1.0,3.3333333333333335
33d953e0-fc61-4347-a663-46f0378b8244,H2,H,2.0,intellectual,1,O2,REL,3,ADV,1,1,True,3.0,3.7,5.4,5.25,5.333333333333333,4.6,4.25,5.0,6.0,44.0,1.0,2.0,2.0,3.0,0,14.066666666666666,1,69.379,128.552,6.0,6.0,6.0,6.0,5.0,5.0,5.0,1.0,,3.0,2.0,1.0,,3.0,2.0,6.0
6d57f440-4499-4289-a44d-78a1b5947ed5,H3,H,3.0,mobility,1,O3,COL,1,COL,1,1,True,7.0,5.5,6.4,4.0,5.333333333333333,5.6,5.5,5.25,6.0,78.0,1.0,5.0,0.0,3.0,0,26.516666666666666,1,242.874,515.18,6.0,6.0,5.0,6.0,6.0,6.0,6.0,1.0,,2.0,3.0,1.0,,2.0,3.0,5.666666666666667
6d57f440-4499-4289-a44d-78a1b5947ed5,H3,H,3.0,mobility,1,O3,REL,2,COL,1,1,True,7.0,5.5,6.4,4.0,5.333333333333333,5.6,5.5,5.25,6.0,78.0,1.0,5.0,0.0,3.0,0,26.516666666666666,1,69.344,198.997,7.0,7.0,5.0,7.0,6.0,6.0,6.0,1.0,,2.0,3.0,1.0,,2.0,3.0,6.333333333333333
6d57f440-4499-4289-a44d-78a1b5947ed5,H3,H,3.0,mobility,1,O3,ADV,3,COL,1,1,True,7.0,5.5,6.4,4.0,5.333333333333333,5.6,5.5,5.25,6.0,78.0,1.0,5.0,0.0,3.0,0,26.516666666666666,1,103.832,229.013,7.0,7.0,5.0,6.0,6.0,6.0,6.0,1.0,,2.0,3.0,1.0,,2.0,3.0,6.333333333333333
e779f93d-a23b-4b1d-932b-827ce9c321f2,HA3,HA,3.0,mobility,1,O2,ADV,1,ADV,1,1,True,5.0,5.2,2.8,2.75,2.7777777777777777,5.6,5.0,4.0,6.0,46.0,1.0,3.0,0.0,4.0,0,15.733333333333333,1,103.827,194.965,6.0,6.0,6.0,7.0,7.0,6.0,4.0,1.0,2.0,4.0,3.0,1.0,3.0,2.0,4.0,6.0
e779f93d-a23b-4b1d-932b-827ce9c321f2,HA3,HA,3.0,mobility,1,O2,COL,2,ADV,1,1,True,5.0,5.2,2.8,2.75,2.7777777777777777,5.6,5.0,4.0,6.0,46.0,1.0,3.0,0.0,4.0,0,15.733333333333333,1,210.197,289.057,5.0,5.0,4.0,4.0,6.0,6.0,6.0,1.0,3.0,4.0,2.0,3.0,2.0,4.0,1.0,4.666666666666667
e779f93d-a23b-4b1d-932b-827ce9c321f2,HA3,HA,3.0,mobility,1,O2,REL,3,ADV,1,1,True,5.0,5.2,2.8,2.75,2.7777777777777777,5.6,5.0,4.0,6.0,46.0,1.0,3.0,0.0,4.0,0,15.733333333333333,1,69.331,215.804,6.0,6.0,6.0,6.0,7.0,6.0,6.0,3.0,2.0,4.0,1.0,2.0,1.0,4.0,3.0,6.0
846bc3b9-d1bb-4b81-b03f-37a860b8baf6,H1,H,1.0,no mention,1,O5,ADV,1,ADV,1,1,True,4.0,4.8,5.4,2.25,4.0,4.4,4.25,5.25,3.0,69.0,0.0,4.0,1.0,2.0,0,14.9,1,103.844,245.292,5.0,6.0,3.0,5.0,4.0,3.0,4.0,1.0,,3.0,2.0,1.0,,2.0,3.0,4.666666666666667
846bc3b9-d1bb-4b81-b03f-37a860b8baf6,H1,H,1.0,no mention,1,O5,REL,2,ADV,1,1,True,4.0,4.8,5.4,2.25,4.0,4.4,4.25,5.25,3.0,69.0,0.0,4.0,1.0,2.0,0,14.9,1,69.418,156.435,5.0,3.0,4.0,5.0,5.0,4.0,6.0,1.0,,2.0,3.0,1.0,,2.0,3.0,4.0
846bc3b9-d1bb-4b81-b03f-37a860b8baf6,H1,H,1.0,no mention,1,O5,COL,3,ADV,1,1,True,4.0,4.8,5.4,2.25,4.0,4.4,4.25,5.25,3.0,69.0,0.0,4.0,1.0,2.0,0,14.9,1,115.264,180.194,6.0,6.0,4.0,5.0,5.0,6.0,6.0,1.0,,2.0,3.0,1.0,,2.0,3.0,5.333333333333333
f920d823-5e0a-4f60-9a39-4e8f7d21ce4f,HA1,HA,1.0,no mention,1,O6,COL,1,COL,1,1,True,7.0,2.0,4.2,5.0,4.555555555555555,7.0,7.0,6.75,7.0,48.0,1.0,4.0,0.0,4.0,0,12.666666666666666,1,115.239,235.649,7.0,7.0,7.0,7.0,6.0,7.0,7.0,2.0,4.0,1.0,3.0,2.0,4.0,1.0,3.0,7.0
f920d823-5e0a-4f60-9a39-4e8f7d21ce4f,HA1,HA,1.0,no mention,1,O6,ADV,2,COL,1,1,True,7.0,2.0,4.2,5.0,4.555555555555555,7.0,7.0,6.75,7.0,48.0,1.0,4.0,0.0,4.0,0,12.666666666666666,1,103.744,168.198,7.0,7.0,7.0,7.0,7.0,7.0,7.0,2.0,4.0,1.0,3.0,2.0,4.0,1.0,3.0,7.0
f920d823-5e0a-4f60-9a39-4e8f7d21ce4f,HA1,HA,1.0,no mention,1,O6,REL,3,COL,1,1,True,7.0,2.0,4.2,5.0,4.555555555555555,7.0,7.0,6.75,7.0,48.0,1.0,4.0,0.0,4.0,0,12.666666666666666,1,69.319,133.908,7.0,7.0,7.0,7.0,7.0,7.0,7.0,1.0,3.0,2.0,4.0,1.0,3.0,2.0,4.0,7.0
9cb9f483-d419-45dd-b7a1-eaf9d17c22c2,A,A,,AI (no operator),0,O6,COL,1,COL,1,1,True,6.0,3.4,6.0,5.75,5.888888888888889,6.6,6.0,6.0,7.0,45.0,1.0,5.0,0.0,2.0,1,11.516666666666667,1,115.414,190.928,6.0,7.0,7.0,7.0,6.0,6.0,,,1.0,2.0,3.0,,1.0,2.0,3.0,6.666666666666667
9cb9f483-d419-45dd-b7a1-eaf9d17c22c2,A,A,,AI (no operator),0,O6,ADV,2,COL,1,1,True,6.0,3.4,6.0,5.75,5.888888888888889,6.6,6.0,6.0,7.0,45.0,1.0,5.0,0.0,2.0,1,11.516666666666667,1,103.912,158.024,6.0,6.0,7.0,7.0,6.0,6.0,,,1.0,2.0,3.0,,1.0,2.0,3.0,6.333333333333333
9cb9f483-d419-45dd-b7a1-eaf9d17c22c2,A,A,,AI (no operator),0,O6,REL,3,COL,1,1,True,6.0,3.4,6.0,5.75,5.888888888888889,6.6,6.0,6.0,7.0,45.0,1.0,5.0,0.0,2.0,1,11.516666666666667,1,69.496,95.667,7.0,7.0,7.0,7.0,7.0,7.0,,,1.0,2.0,3.0,,1.0,2.0,3.0,7.0
5048b7fb-cf86-47bc-928f-a7d1900a17a9,A,A,,AI (no operator),0,O5,ADV,1,ADV,1,1,True,5.0,3.6,3.4,3.5,3.4444444444444446,5.4,5.5,5.5,5.333333333333333,45.0,0.0,3.0,0.0,5.0,0,16.65,1,103.875,152.595,5.0,6.0,5.0,5.0,6.0,6.0,,,3.0,2.0,1.0,,3.0,1.0,2.0,5.333333333333333
5048b7fb-cf86-47bc-928f-a7d1900a17a9,A,A,,AI (no operator),0,O5,REL,2,ADV,1,1,True,5.0,3.6,3.4,3.5,3.4444444444444446,5.4,5.5,5.5,5.333333333333333,45.0,0.0,3.0,0.0,5.0,0,16.65,1,69.419,103.266,6.0,6.0,5.0,6.0,6.0,5.0,,,3.0,2.0,1.0,,3.0,1.0,2.0,5.666666666666667
5048b7fb-cf86-47bc-928f-a7d1900a17a9,A,A,,AI (no operator),0,O5,COL,3,ADV,1,1,True,5.0,3.6,3.4,3.5,3.4444444444444446,5.4,5.5,5.5,5.333333333333333,45.0,0.0,3.0,0.0,5.0,0,16.65,1,115.332,164.091,5.0,5.0,5.0,5.0,6.0,5.0,,,2.0,3.0,1.0,,3.0,2.0,1.0,5.0
a3e4181d-74a5-4b63-9bcf-1645580dc07d,HA2,HA,2.0,intellectual,1,O6,COL,1,COL,1,1,True,6.0,5.0,5.0,4.5,4.777777777777778,6.6,6.0,6.5,5.333333333333333,26.0,0.0,5.0,0.0,4.0,0,18.8,1,115.242,351.011,7.0,7.0,7.0,5.0,7.0,7.0,5.0,1.0,2.0,3.0,4.0,1.0,2.0,3.0,4.0,7.0
a3e4181d-74a5-4b63-9bcf-1645580dc07d,HA2,HA,2.0,intellectual,1,O6,ADV,2,COL,1,1,True,6.0,5.0,5.0,4.5,4.777777777777778,6.6,6.0,6.5,5.333333333333333,26.0,0.0,5.0,0.0,4.0,0,18.8,1,103.763,202.291,7.0,7.0,7.0,5.0,7.0,7.0,5.0,1.0,2.0,3.0,4.0,1.0,2.0,3.0,4.0,7.0
a3e4181d-74a5-4b63-9bcf-1645580dc07d,HA2,HA,2.0,intellectual,1,O6,REL,3,COL,1,1,True,6.0,5.0,5.0,4.5,4.777777777777778,6.6,6.0,6.5,5.333333333333333,26.0,0.0,5.0,0.0,4.0,0,18.8,1,69.318,212.681,7.0,7.0,7.0,6.0,7.0,7.0,5.0,1.0,2.0,3.0,4.0,1.0,2.0,3.0,4.0,7.0
34b2805d-14a7-4a6c-9f1d-56a6e48e7318,HA2,HA,2.0,intellectual,1,O1,REL,1,REL,1,1,True,5.0,4.4,4.6,4.75,4.666666666666667,3.6,5.5,7.0,7.0,42.0,1.0,0.0,5.0,5.0,0,29.0,1,69.801,208.921,6.0,6.0,7.0,6.0,6.0,6.0,6.0,3.0,1.0,2.0,4.0,1.0,2.0,3.0,4.0,6.333333333333333
34b2805d-14a7-4a6c-9f1d-56a6e48e7318,HA2,HA,2.0,intellectual,1,O1,ADV,2,REL,1,1,True,5.0,4.4,4.6,4.75,4.666666666666667,3.6,5.5,7.0,7.0,42.0,1.0,0.0,5.0,5.0,0,29.0,1,103.782,176.709,7.0,7.0,7.0,7.0,7.0,7.0,7.0,3.0,1.0,2.0,4.0,3.0,1.0,2.0,4.0,7.0
34b2805d-14a7-4a6c-9f1d-56a6e48e7318,HA2,HA,2.0,intellectual,1,O1,COL,3,REL,1,1,True,5.0,4.4,4.6,4.75,4.666666666666667,3.6,5.5,7.0,7.0,42.0,1.0,0.0,5.0,5.0,0,29.0,1,115.411,164.75,7.0,7.0,7.0,7.0,7.0,7.0,7.0,4.0,1.0,2.0,3.0,4.0,2.0,1.0,3.0,7.0
e66b687f-d519-4a2b-bc5d-e19bf34429b1,H1,H,1.0,no mention,1,O1,REL,1,REL,1,1,True,6.0,4.9,1.8,2.25,2.0,6.0,6.0,6.0,6.0,27.0,1.0,2.0,0.0,5.0,0,16.416666666666668,1,69.441,110.416,7.0,7.0,7.0,7.0,7.0,7.0,7.0,3.0,,2.0,1.0,3.0,,2.0,1.0,7.0
e66b687f-d519-4a2b-bc5d-e19bf34429b1,H1,H,1.0,no mention,1,O1,ADV,2,REL,1,1,True,6.0,4.9,1.8,2.25,2.0,6.0,6.0,6.0,6.0,27.0,1.0,2.0,0.0,5.0,0,16.416666666666668,1,103.855,131.884,7.0,7.0,7.0,7.0,7.0,7.0,7.0,3.0,,2.0,1.0,3.0,,2.0,1.0,7.0
e66b687f-d519-4a2b-bc5d-e19bf34429b1,H1,H,1.0,no mention,1,O1,COL,3,REL,1,1,True,6.0,4.9,1.8,2.25,2.0,6.0,6.0,6.0,6.0,27.0,1.0,2.0,0.0,5.0,0,16.416666666666668,1,115.335,158.467,7.0,7.0,7.0,7.0,7.0,7.0,7.0,1.0,,3.0,2.0,1.0,,3.0,2.0,7.0
9b141cee-b7db-4aea-a468-852b5a06b764,H1,H,1.0,no mention,1,O3,COL,1,COL,1,1,True,6.0,4.5,5.0,4.25,4.666666666666667,5.0,4.75,6.25,5.666666666666667,45.0,0.0,5.0,0.0,2.0,0,16.333333333333332,1,115.253,220.765,6.0,6.0,6.0,6.0,7.0,6.0,6.0,1.0,,3.0,2.0,1.0,,2.0,3.0,6.0
9b141cee-b7db-4aea-a468-852b5a06b764,H1,H,1.0,no mention,1,O3,REL,2,COL,1,1,True,6.0,4.5,5.0,4.25,4.666666666666667,5.0,4.75,6.25,5.666666666666667,45.0,0.0,5.0,0.0,2.0,0,16.333333333333332,1,69.413,134.819,5.0,5.0,5.0,6.0,6.0,6.0,6.0,1.0,,2.0,3.0,1.0,,2.0,3.0,5.0
9b141cee-b7db-4aea-a468-852b5a06b764,H1,H,1.0,no mention,1,O3,ADV,3,COL,1,1,True,6.0,4.5,5.0,4.25,4.666666666666667,5.0,4.75,6.25,5.666666666666667,45.0,0.0,5.0,0.0,2.0,0,16.333333333333332,1,103.844,150.126,5.0,6.0,5.0,5.0,5.0,6.0,5.0,1.0,,2.0,3.0,1.0,,2.0,3.0,5.333333333333333
068422b4-c1f7-4809-9790-d3f0b4ca577b,H1,H,1.0,no mention,1,O2,ADV,1,ADV,1,1,True,6.0,3.8,5.2,6.75,5.888888888888889,5.0,5.25,1.0,5.0,59.0,0.0,5.0,1.0,4.0,1,11.3,1,103.937,176.691,6.0,6.0,6.0,6.0,6.0,6.0,7.0,1.0,,2.0,3.0,1.0,,3.0,2.0,6.0
068422b4-c1f7-4809-9790-d3f0b4ca577b,H1,H,1.0,no mention,1,O2,COL,2,ADV,1,1,True,6.0,3.8,5.2,6.75,5.888888888888889,5.0,5.25,1.0,5.0,59.0,0.0,5.0,1.0,4.0,1,11.3,1,115.405,194.56,6.0,6.0,5.0,6.0,6.0,6.0,6.0,1.0,,3.0,2.0,1.0,,3.0,2.0,5.666666666666667
068422b4-c1f7-4809-9790-d3f0b4ca577b,H1,H,1.0,no mention,1,O2,REL,3,ADV,1,1,True,6.0,3.8,5.2,6.75,5.888888888888889,5.0,5.25,1.0,5.0,59.0,0.0,5.0,1.0,4.0,1,11.3,1,69.475,108.789,6.0,6.0,5.0,6.0,6.0,6.0,6.0,1.0,,2.0,3.0,1.0,,3.0,2.0,5.666666666666667
eab8ebf3-adc6-4b90-aab0-ec78ae3040d2,H2,H,2.0,intellectual,1,O3,COL,1,COL,0,1,False,7.0,3.9,6.6,2.25,4.666666666666667,6.0,6.75,7.0,7.0,36.0,0.0,5.0,4.0,5.0,0,13.466666666666667,1,247.226,304.857,7.0,7.0,7.0,7.0,7.0,7.0,7.0,3.0,,1.0,2.0,2.0,,3.0,1.0,7.0
eab8ebf3-adc6-4b90-aab0-ec78ae3040d2,H2,H,2.0,intellectual,1,O3,REL,2,COL,0,1,False,7.0,3.9,6.6,2.25,4.666666666666667,6.0,6.75,7.0,7.0,36.0,0.0,5.0,4.0,5.0,0,13.466666666666667,1,69.397,111.344,7.0,7.0,7.0,7.0,7.0,7.0,7.0,3.0,,1.0,2.0,2.0,,3.0,1.0,7.0
eab8ebf3-adc6-4b90-aab0-ec78ae3040d2,H2,H,2.0,intellectual,1,O3,ADV,3,COL,0,1,False,7.0,3.9,6.6,2.25,4.666666666666667,6.0,6.75,7.0,7.0,36.0,0.0,5.0,4.0,5.0,0,13.466666666666667,1,103.893,136.765,7.0,7.0,7.0,7.0,7.0,7.0,7.0,3.0,,2.0,1.0,2.0,,3.0,1.0,7.0
27ea0168-db89-4f6f-956d-e4f533b141c7,H2,H,2.0,intellectual,1,O4,REL,1,REL,1,1,True,5.0,4.3,4.6,3.25,4.0,4.6,6.75,5.25,6.666666666666667,31.0,0.0,4.0,2.0,4.0,0,47.35,1,89.184,615.473,4.0,4.0,2.0,2.0,6.0,5.0,7.0,1.0,,2.0,3.0,1.0,,2.0,3.0,3.3333333333333335
27ea0168-db89-4f6f-956d-e4f533b141c7,H2,H,2.0,intellectual,1,O4,COL,2,REL,1,1,True,5.0,4.3,4.6,3.25,4.0,4.6,6.75,5.25,6.666666666666667,31.0,0.0,4.0,2.0,4.0,0,47.35,1,1144.609,1203.324,5.0,7.0,5.0,6.0,6.0,6.0,7.0,1.0,,3.0,2.0,1.0,,2.0,3.0,5.666666666666667
27ea0168-db89-4f6f-956d-e4f533b141c7,H2,H,2.0,intellectual,1,O4,ADV,3,REL,1,1,True,5.0,4.3,4.6,3.25,4.0,4.6,6.75,5.25,6.666666666666667,31.0,0.0,4.0,2.0,4.0,0,47.35,1,125.689,161.086,6.0,7.0,6.0,5.0,6.0,6.0,7.0,1.0,,3.0,2.0,1.0,,3.0,2.0,6.333333333333333
4b758692-7d3a-435c-bedc-4543ee3beb27,H2,H,2.0,intellectual,1,O5,ADV,1,ADV,1,1,True,3.0,6.1,2.6,2.25,2.4444444444444446,3.6,4.5,3.5,2.0,50.0,0.0,4.0,0.0,2.0,0,19.583333333333332,1,212.112,304.277,6.0,5.0,2.0,5.0,5.0,5.0,7.0,1.0,,2.0,3.0,1.0,,2.0,3.0,4.333333333333333
4b758692-7d3a-435c-bedc-4543ee3beb27,H2,H,2.0,intellectual,1,O5,REL,2,ADV,1,1,True,3.0,6.1,2.6,2.25,2.4444444444444446,3.6,4.5,3.5,2.0,50.0,0.0,4.0,0.0,2.0,0,19.583333333333332,1,69.496,156.166,6.0,5.0,2.0,5.0,6.0,5.0,7.0,1.0,,2.0,3.0,1.0,,2.0,3.0,4.333333333333333
4b758692-7d3a-435c-bedc-4543ee3beb27,H2,H,2.0,intellectual,1,O5,COL,3,ADV,1,1,True,3.0,6.1,2.6,2.25,2.4444444444444446,3.6,4.5,3.5,2.0,50.0,0.0,4.0,0.0,2.0,0,19.583333333333332,1,115.41,179.694,5.0,5.0,2.0,5.0,5.0,5.0,7.0,1.0,,2.0,3.0,1.0,,2.0,3.0,4.0
afbc00da-17ae-4201-b2dc-77de56f0a92e,HA3,HA,3.0,mobility,1,O1,REL,1,REL,1,1,True,6.0,2.5,5.8,7.0,6.333333333333333,3.8,4.0,6.0,6.0,29.0,1.0,5.0,0.0,2.0,0,10.733333333333333,1,105.391,183.209,6.0,6.0,6.0,6.0,6.0,6.0,6.0,1.0,3.0,4.0,2.0,1.0,2.0,3.0,4.0,6.0
afbc00da-17ae-4201-b2dc-77de56f0a92e,HA3,HA,3.0,mobility,1,O1,ADV,2,REL,1,1,True,6.0,2.5,5.8,7.0,6.333333333333333,3.8,4.0,6.0,6.0,29.0,1.0,5.0,0.0,2.0,0,10.733333333333333,1,104.023,144.349,7.0,7.0,7.0,7.0,7.0,7.0,7.0,1.0,2.0,3.0,4.0,1.0,2.0,3.0,4.0,7.0
afbc00da-17ae-4201-b2dc-77de56f0a92e,HA3,HA,3.0,mobility,1,O1,COL,3,REL,1,1,True,6.0,2.5,5.8,7.0,6.333333333333333,3.8,4.0,6.0,6.0,29.0,1.0,5.0,0.0,2.0,0,10.733333333333333,1,115.579,140.667,5.0,5.0,5.0,5.0,6.0,6.0,6.0,1.0,2.0,3.0,4.0,1.0,2.0,3.0,4.0,5.0
981d01e4-be90-4f83-832d-d439731ec53d,HA3,HA,3.0,mobility,1,O5,ADV,1,ADV,1,1,True,5.0,6.4,3.0,5.0,3.888888888888889,1.8,1.75,3.25,1.6666666666666667,35.0,1.0,0.0,0.0,5.0,0,21.433333333333334,1,103.78,166.72,6.0,6.0,3.0,3.0,4.0,4.0,5.0,2.0,4.0,3.0,1.0,2.0,4.0,3.0,1.0,5.0
981d01e4-be90-4f83-832d-d439731ec53d,HA3,HA,3.0,mobility,1,O5,REL,2,ADV,1,1,True,5.0,6.4,3.0,5.0,3.888888888888889,1.8,1.75,3.25,1.6666666666666667,35.0,1.0,0.0,0.0,5.0,0,21.433333333333334,1,69.381,108.649,5.0,4.0,3.0,5.0,5.0,5.0,6.0,2.0,4.0,3.0,1.0,2.0,4.0,3.0,1.0,4.0
981d01e4-be90-4f83-832d-d439731ec53d,HA3,HA,3.0,mobility,1,O5,COL,3,ADV,1,1,True,5.0,6.4,3.0,5.0,3.888888888888889,1.8,1.75,3.25,1.6666666666666667,35.0,1.0,0.0,0.0,5.0,0,21.433333333333334,1,115.311,143.223,6.0,6.0,3.0,5.0,5.0,6.0,5.0,2.0,4.0,3.0,1.0,2.0,4.0,3.0,1.0,5.0
f07017ac-ae2d-42bd-b58a-5b9eaa1e6723,HA3,HA,3.0,mobility,1,O4,REL,1,REL,1,1,True,6.0,4.2,4.2,4.25,4.222222222222222,4.0,5.0,6.75,5.333333333333333,34.0,0.0,5.0,4.0,5.0,0,22.45,1,69.526,187.16,7.0,5.0,5.0,7.0,6.0,7.0,7.0,3.0,1.0,2.0,4.0,3.0,1.0,2.0,4.0,5.666666666666667
f07017ac-ae2d-42bd-b58a-5b9eaa1e6723,HA3,HA,3.0,mobility,1,O4,COL,2,REL,1,1,True,6.0,4.2,4.2,4.25,4.222222222222222,4.0,5.0,6.75,5.333333333333333,34.0,0.0,5.0,4.0,5.0,0,22.45,1,115.358,327.538,6.0,7.0,5.0,6.0,6.0,6.0,7.0,1.0,2.0,4.0,3.0,3.0,1.0,2.0,4.0,6.0
f07017ac-ae2d-42bd-b58a-5b9eaa1e6723,HA3,HA,3.0,mobility,1,O4,ADV,3,REL,1,1,True,6.0,4.2,4.2,4.25,4.222222222222222,4.0,5.0,6.75,5.333333333333333,34.0,0.0,5.0,4.0,5.0,0,22.45,1,103.934,302.339,7.0,7.0,7.0,7.0,7.0,7.0,7.0,1.0,2.0,3.0,4.0,3.0,1.0,2.0,4.0,7.0
b2103958-8c62-409b-bc0f-c4f2f8800ae6,H2,H,2.0,intellectual,1,O6,COL,1,COL,1,1,True,3.0,2.9,4.2,4.25,4.222222222222222,4.6,4.5,3.25,6.666666666666667,37.0,0.0,5.0,0.0,1.0,0,14.066666666666666,1,115.717,285.091,4.0,4.0,6.0,3.0,5.0,5.0,7.0,1.0,,2.0,3.0,1.0,,2.0,3.0,4.666666666666667
b2103958-8c62-409b-bc0f-c4f2f8800ae6,H2,H,2.0,intellectual,1,O6,ADV,2,COL,1,1,True,3.0,2.9,4.2,4.25,4.222222222222222,4.6,4.5,3.25,6.666666666666667,37.0,0.0,5.0,0.0,1.0,0,14.066666666666666,1,104.008,192.713,5.0,6.0,6.0,3.0,5.0,5.0,6.0,1.0,,2.0,3.0,1.0,,3.0,2.0,5.666666666666667
b2103958-8c62-409b-bc0f-c4f2f8800ae6,H2,H,2.0,intellectual,1,O6,REL,3,COL,1,1,True,3.0,2.9,4.2,4.25,4.222222222222222,4.6,4.5,3.25,6.666666666666667,37.0,0.0,5.0,0.0,1.0,0,14.066666666666666,1,69.366,118.786,4.0,3.0,5.0,4.0,4.0,4.0,6.0,1.0,,2.0,3.0,1.0,,2.0,3.0,4.0
1417869b-cd15-45f2-b0ff-290ed4c8d468,A,A,,AI (no operator),0,O6,COL,1,COL,0,1,False,7.0,4.4,6.2,6.75,6.444444444444445,6.0,7.0,6.0,6.333333333333333,42.0,0.0,5.0,0.0,1.0,0,49.8,1,237.068,265.491,6.0,6.0,6.0,6.0,6.0,6.0,,,1.0,3.0,2.0,,3.0,2.0,1.0,6.0
1417869b-cd15-45f2-b0ff-290ed4c8d468,A,A,,AI (no operator),0,O6,ADV,2,COL,0,1,False,7.0,4.4,6.2,6.75,6.444444444444445,6.0,7.0,6.0,6.333333333333333,42.0,0.0,5.0,0.0,1.0,0,49.8,1,103.789,123.277,7.0,7.0,7.0,7.0,7.0,7.0,,,1.0,2.0,3.0,,1.0,2.0,3.0,7.0
1417869b-cd15-45f2-b0ff-290ed4c8d468,A,A,,AI (no operator),0,O6,REL,3,COL,0,1,False,7.0,4.4,6.2,6.75,6.444444444444445,6.0,7.0,6.0,6.333333333333333,42.0,0.0,5.0,0.0,1.0,0,49.8,1,69.401,181.898,6.0,7.0,6.0,7.0,7.0,7.0,,,1.0,3.0,2.0,,1.0,2.0,3.0,6.333333333333333
5210d691-ed84-4dac-aff9-d3c55e6c276b,HA2,HA,2.0,intellectual,1,O6,COL,1,COL,1,1,True,5.0,4.0,4.8,3.75,4.333333333333333,5.6,6.0,5.75,4.666666666666667,41.0,1.0,4.0,1.0,5.0,0,16.15,1,125.974,304.861,6.0,7.0,6.0,5.0,6.0,6.0,5.0,3.0,1.0,2.0,4.0,4.0,1.0,2.0,3.0,6.333333333333333
5210d691-ed84-4dac-aff9-d3c55e6c276b,HA2,HA,2.0,intellectual,1,O6,ADV,2,COL,1,1,True,5.0,4.0,4.8,3.75,4.333333333333333,5.6,6.0,5.75,4.666666666666667,41.0,1.0,4.0,1.0,5.0,0,16.15,1,103.829,177.009,6.0,6.0,6.0,6.0,6.0,7.0,5.0,4.0,1.0,3.0,2.0,3.0,2.0,4.0,1.0,6.0
5210d691-ed84-4dac-aff9-d3c55e6c276b,HA2,HA,2.0,intellectual,1,O6,REL,3,COL,1,1,True,5.0,4.0,4.8,3.75,4.333333333333333,5.6,6.0,5.75,4.666666666666667,41.0,1.0,4.0,1.0,5.0,0,16.15,1,151.331,207.98,3.0,5.0,5.0,4.0,5.0,6.0,5.0,2.0,1.0,3.0,4.0,1.0,2.0,3.0,4.0,4.333333333333333
72c35965-d09c-49de-b0a0-a0235f943961,HA2,HA,2.0,intellectual,1,O1,REL,1,REL,1,1,True,6.0,3.6,5.6,5.0,5.333333333333333,4.8,5.75,6.0,5.0,45.0,0.0,5.0,0.0,4.0,0,14.616666666666667,1,69.503,159.81,6.0,6.0,6.0,5.0,6.0,6.0,6.0,1.0,3.0,2.0,4.0,1.0,3.0,2.0,4.0,6.0
72c35965-d09c-49de-b0a0-a0235f943961,HA2,HA,2.0,intellectual,1,O1,ADV,2,REL,1,1,True,6.0,3.6,5.6,5.0,5.333333333333333,4.8,5.75,6.0,5.0,45.0,0.0,5.0,0.0,4.0,0,14.616666666666667,1,104.003,165.289,6.0,6.0,6.0,6.0,6.0,6.0,6.0,1.0,3.0,2.0,4.0,1.0,4.0,2.0,3.0,6.0
72c35965-d09c-49de-b0a0-a0235f943961,HA2,HA,2.0,intellectual,1,O1,COL,3,REL,1,1,True,6.0,3.6,5.6,5.0,5.333333333333333,4.8,5.75,6.0,5.0,45.0,0.0,5.0,0.0,4.0,0,14.616666666666667,1,115.516,170.542,5.0,5.0,6.0,6.0,6.0,5.0,6.0,1.0,3.0,2.0,4.0,1.0,4.0,2.0,3.0,5.333333333333333
0dd79595-1caa-4d29-94fd-139d197b2b59,H2,H,2.0,intellectual,1,O6,COL,1,COL,1,1,True,6.0,3.4,3.8,2.25,3.111111111111111,4.2,4.5,5.25,6.0,23.0,1.0,1.0,0.0,5.0,0,13.433333333333334,1,115.329,256.847,6.0,6.0,5.0,6.0,6.0,6.0,6.0,1.0,,3.0,2.0,1.0,,3.0,2.0,5.666666666666667
0dd79595-1caa-4d29-94fd-139d197b2b59,H2,H,2.0,intellectual,1,O6,ADV,2,COL,1,1,True,6.0,3.4,3.8,2.25,3.111111111111111,4.2,4.5,5.25,6.0,23.0,1.0,1.0,0.0,5.0,0,13.433333333333334,1,103.774,173.058,5.0,5.0,5.0,5.0,6.0,6.0,6.0,2.0,,3.0,1.0,2.0,,3.0,1.0,5.0
0dd79595-1caa-4d29-94fd-139d197b2b59,H2,H,2.0,intellectual,1,O6,REL,3,COL,1,1,True,6.0,3.4,3.8,2.25,3.111111111111111,4.2,4.5,5.25,6.0,23.0,1.0,1.0,0.0,5.0,0,13.433333333333334,1,69.328,124.567,5.0,5.0,5.0,6.0,6.0,6.0,6.0,1.0,,2.0,3.0,1.0,,3.0,2.0,5.0
e9303d5c-9c4f-4093-9689-c09b27586e47,HA3,HA,3.0,mobility,1,O5,ADV,1,ADV,1,1,True,6.0,4.0,4.8,4.5,4.666666666666667,6.4,5.25,3.25,5.333333333333333,23.0,0.0,5.0,5.0,1.0,0,19.166666666666668,1,103.859,312.916,6.0,5.0,5.0,2.0,4.0,5.0,5.0,1.0,3.0,2.0,4.0,2.0,1.0,3.0,4.0,5.333333333333333
e9303d5c-9c4f-4093-9689-c09b27586e47,HA3,HA,3.0,mobility,1,O5,REL,2,ADV,1,1,True,6.0,4.0,4.8,4.5,4.666666666666667,6.4,5.25,3.25,5.333333333333333,23.0,0.0,5.0,5.0,1.0,0,19.166666666666668,1,69.388,121.636,4.0,3.0,3.0,2.0,5.0,5.0,6.0,1.0,2.0,3.0,4.0,1.0,2.0,4.0,3.0,3.3333333333333335
e9303d5c-9c4f-4093-9689-c09b27586e47,HA3,HA,3.0,mobility,1,O5,COL,3,ADV,1,1,True,6.0,4.0,4.8,4.5,4.666666666666667,6.4,5.25,3.25,5.333333333333333,23.0,0.0,5.0,5.0,1.0,0,19.166666666666668,1,129.562,183.313,6.0,6.0,4.0,4.0,6.0,5.0,5.0,1.0,2.0,4.0,3.0,1.0,2.0,4.0,3.0,5.333333333333333
ae8730c3-df05-4888-a235-8125d752f3d5,H1,H,1.0,no mention,1,O1,REL,1,REL,1,1,True,4.0,3.0,6.0,5.5,5.777777777777778,5.8,6.0,5.25,5.0,23.0,0.0,5.0,3.0,2.0,0,42.9,1,69.413,443.04,6.0,6.0,7.0,6.0,6.0,6.0,7.0,1.0,,2.0,3.0,1.0,,2.0,3.0,6.333333333333333
ae8730c3-df05-4888-a235-8125d752f3d5,H1,H,1.0,no mention,1,O1,ADV,2,REL,1,1,True,4.0,3.0,6.0,5.5,5.777777777777778,5.8,6.0,5.25,5.0,23.0,0.0,5.0,3.0,2.0,0,42.9,1,226.68,567.19,6.0,6.0,6.0,6.0,6.0,6.0,7.0,1.0,,2.0,3.0,1.0,,2.0,3.0,6.0
ae8730c3-df05-4888-a235-8125d752f3d5,H1,H,1.0,no mention,1,O1,COL,3,REL,1,1,True,4.0,3.0,6.0,5.5,5.777777777777778,5.8,6.0,5.25,5.0,23.0,0.0,5.0,3.0,2.0,0,42.9,1,115.288,91.89,6.0,6.0,6.0,6.0,6.0,6.0,7.0,1.0,,2.0,3.0,1.0,,2.0,3.0,6.0
70679c8c-980c-4736-9b43-a77f3ade2b1a,H2,H,2.0,intellectual,1,O1,REL,1,REL,1,1,True,5.0,4.5,6.8,5.25,6.111111111111111,4.2,7.0,6.5,6.0,19.0,0.0,5.0,0.0,2.0,0,21.55,1,69.399,230.694,6.0,6.0,5.0,6.0,6.0,7.0,7.0,1.0,,2.0,3.0,1.0,,2.0,3.0,5.666666666666667
70679c8c-980c-4736-9b43-a77f3ade2b1a,H2,H,2.0,intellectual,1,O1,ADV,2,REL,1,1,True,5.0,4.5,6.8,5.25,6.111111111111111,4.2,7.0,6.5,6.0,19.0,0.0,5.0,0.0,2.0,0,21.55,1,103.824,177.294,6.0,6.0,6.0,7.0,6.0,7.0,7.0,1.0,,2.0,3.0,1.0,,2.0,3.0,6.0
70679c8c-980c-4736-9b43-a77f3ade2b1a,H2,H,2.0,intellectual,1,O1,COL,3,REL,1,1,True,5.0,4.5,6.8,5.25,6.111111111111111,4.2,7.0,6.5,6.0,19.0,0.0,5.0,0.0,2.0,0,21.55,1,115.303,150.246,7.0,7.0,7.0,7.0,7.0,7.0,7.0,1.0,,2.0,3.0,1.0,,2.0,3.0,7.0
8decf5a0-9d8a-4ef0-b47c-a45787b9230a,H1,H,1.0,no mention,1,O4,REL,1,REL,1,1,True,7.0,4.2,3.4,1.75,2.6666666666666665,6.2,6.0,4.0,4.333333333333333,67.0,0.0,5.0,0.0,5.0,0,18.416666666666668,1,69.331,228.42,6.0,5.0,5.0,5.0,6.0,6.0,7.0,2.0,,3.0,1.0,1.0,,3.0,2.0,5.333333333333333
8decf5a0-9d8a-4ef0-b47c-a45787b9230a,H1,H,1.0,no mention,1,O4,COL,2,REL,1,1,True,7.0,4.2,3.4,1.75,2.6666666666666665,6.2,6.0,4.0,4.333333333333333,67.0,0.0,5.0,0.0,5.0,0,18.416666666666668,1,115.288,215.253,6.0,6.0,6.0,6.0,6.0,6.0,7.0,1.0,,2.0,3.0,1.0,,3.0,2.0,6.0
8decf5a0-9d8a-4ef0-b47c-a45787b9230a,H1,H,1.0,no mention,1,O4,ADV,3,REL,1,1,True,7.0,4.2,3.4,1.75,2.6666666666666665,6.2,6.0,4.0,4.333333333333333,67.0,0.0,5.0,0.0,5.0,0,18.416666666666668,1,103.814,236.723,7.0,7.0,6.0,5.0,7.0,7.0,7.0,2.0,,3.0,1.0,1.0,,3.0,2.0,6.666666666666667
ecba1927-0620-49d0-8402-3884bbd5a6e7,HA1,HA,1.0,no mention,1,O3,COL,1,COL,1,1,True,6.0,4.0,5.8,3.25,4.666666666666667,5.0,6.75,6.0,6.333333333333333,53.0,1.0,5.0,5.0,5.0,0,22.95,1,115.362,318.976,6.0,5.0,5.0,6.0,6.0,6.0,5.0,3.0,2.0,4.0,1.0,4.0,2.0,3.0,1.0,5.333333333333333
ecba1927-0620-49d0-8402-3884bbd5a6e7,HA1,HA,1.0,no mention,1,O3,REL,2,COL,1,1,True,6.0,4.0,5.8,3.25,4.666666666666667,5.0,6.75,6.0,6.333333333333333,53.0,1.0,5.0,5.0,5.0,0,22.95,1,69.487,143.129,5.0,6.0,5.0,6.0,5.0,6.0,5.0,4.0,2.0,3.0,1.0,3.0,2.0,4.0,1.0,5.333333333333333
ecba1927-0620-49d0-8402-3884bbd5a6e7,HA1,HA,1.0,no mention,1,O3,ADV,3,COL,1,1,True,6.0,4.0,5.8,3.25,4.666666666666667,5.0,6.75,6.0,6.333333333333333,53.0,1.0,5.0,5.0,5.0,0,22.95,1,159.277,215.475,6.0,6.0,7.0,7.0,5.0,6.0,6.0,4.0,2.0,3.0,1.0,3.0,2.0,4.0,1.0,6.333333333333333
4bbd1124-b48e-4578-ad1d-9a5d52438a4b,A,A,,AI (no operator),0,O4,REL,1,REL,1,1,True,7.0,3.7,5.4,3.75,4.666666666666667,5.2,5.75,6.0,6.0,29.0,1.0,5.0,2.0,3.0,0,18.666666666666668,1,69.446,200.045,5.0,6.0,4.0,5.0,6.0,6.0,,,1.0,2.0,3.0,,3.0,2.0,1.0,5.0
4bbd1124-b48e-4578-ad1d-9a5d52438a4b,A,A,,AI (no operator),0,O4,COL,2,REL,1,1,True,7.0,3.7,5.4,3.75,4.666666666666667,5.2,5.75,6.0,6.0,29.0,1.0,5.0,2.0,3.0,0,18.666666666666668,1,115.373,210.324,5.0,6.0,5.0,5.0,6.0,6.0,,,1.0,3.0,2.0,,1.0,2.0,3.0,5.333333333333333
4bbd1124-b48e-4578-ad1d-9a5d52438a4b,A,A,,AI (no operator),0,O4,ADV,3,REL,1,1,True,7.0,3.7,5.4,3.75,4.666666666666667,5.2,5.75,6.0,6.0,29.0,1.0,5.0,2.0,3.0,0,18.666666666666668,1,103.876,164.406,6.0,6.0,6.0,6.0,6.0,6.0,,,2.0,3.0,1.0,,3.0,1.0,2.0,6.0
e2bbc2eb-7606-4d5f-90e0-5e7a7c28b864,HA3,HA,3.0,mobility,1,O1,REL,1,REL,1,1,True,6.0,2.8,6.2,4.5,5.444444444444445,4.8,5.0,6.0,5.0,29.0,1.0,5.0,5.0,5.0,0,27.65,1,290.536,454.883,5.0,5.0,6.0,5.0,6.0,6.0,6.0,1.0,2.0,3.0,4.0,1.0,2.0,3.0,4.0,5.333333333333333
e2bbc2eb-7606-4d5f-90e0-5e7a7c28b864,HA3,HA,3.0,mobility,1,O1,ADV,2,REL,1,1,True,6.0,2.8,6.2,4.5,5.444444444444445,4.8,5.0,6.0,5.0,29.0,1.0,5.0,5.0,5.0,0,27.65,1,103.849,261.431,6.0,7.0,7.0,7.0,6.0,6.0,5.0,1.0,2.0,3.0,4.0,1.0,2.0,3.0,4.0,6.666666666666667
e2bbc2eb-7606-4d5f-90e0-5e7a7c28b864,HA3,HA,3.0,mobility,1,O1,COL,3,REL,1,1,True,6.0,2.8,6.2,4.5,5.444444444444445,4.8,5.0,6.0,5.0,29.0,1.0,5.0,5.0,5.0,0,27.65,1,153.858,241.311,6.0,6.0,6.0,6.0,6.0,6.0,6.0,1.0,2.0,3.0,4.0,1.0,2.0,3.0,4.0,6.0
beb11c56-9f70-41c1-8a81-bcd2ad334e83,HA3,HA,3.0,mobility,1,O4,REL,1,REL,1,1,True,3.0,3.9,5.8,5.75,5.777777777777778,3.6,4.0,5.0,4.0,24.0,0.0,5.0,1.0,3.0,0,39.43333333333333,1,144.808,412.257,3.0,2.0,1.0,1.0,5.0,4.0,3.0,1.0,3.0,2.0,4.0,1.0,2.0,3.0,4.0,2.0
beb11c56-9f70-41c1-8a81-bcd2ad334e83,HA3,HA,3.0,mobility,1,O4,COL,2,REL,1,1,True,3.0,3.9,5.8,5.75,5.777777777777778,3.6,4.0,5.0,4.0,24.0,0.0,5.0,1.0,3.0,0,39.43333333333333,1,115.977,412.958,5.0,7.0,6.0,5.0,6.0,5.0,6.0,2.0,1.0,4.0,3.0,2.0,1.0,4.0,3.0,6.0
beb11c56-9f70-41c1-8a81-bcd2ad334e83,HA3,HA,3.0,mobility,1,O4,ADV,3,REL,1,1,True,3.0,3.9,5.8,5.75,5.777777777777778,3.6,4.0,5.0,4.0,24.0,0.0,5.0,1.0,3.0,0,39.43333333333333,1,195.524,313.162,4.0,6.0,6.0,7.0,6.0,5.0,7.0,2.0,1.0,4.0,3.0,2.0,1.0,4.0,3.0,5.333333333333333
d00970ec-7b89-4399-b158-59f07d4bec1b,H2,H,2.0,intellectual,1,O4,REL,1,REL,1,1,True,5.0,2.0,6.0,6.0,6.0,6.0,7.0,6.0,6.0,32.0,1.0,4.0,0.0,4.0,0,20.116666666666667,1,69.356,250.736,6.0,6.0,6.0,6.0,3.0,3.0,1.0,3.0,,2.0,1.0,3.0,,2.0,1.0,6.0
d00970ec-7b89-4399-b158-59f07d4bec1b,H2,H,2.0,intellectual,1,O4,COL,2,REL,1,1,True,5.0,2.0,6.0,6.0,6.0,6.0,7.0,6.0,6.0,32.0,1.0,4.0,0.0,4.0,0,20.116666666666667,1,237.663,312.92,6.0,6.0,6.0,6.0,7.0,7.0,2.0,3.0,,2.0,1.0,1.0,,2.0,3.0,6.0
d00970ec-7b89-4399-b158-59f07d4bec1b,H2,H,2.0,intellectual,1,O4,ADV,3,REL,1,1,True,5.0,2.0,6.0,6.0,6.0,6.0,7.0,6.0,6.0,32.0,1.0,4.0,0.0,4.0,0,20.116666666666667,1,103.804,221.771,6.0,6.0,6.0,6.0,4.0,6.0,2.0,3.0,,2.0,1.0,3.0,,2.0,1.0,6.0
35057e43-6ca8-424f-b560-1a428ffe56c0,H1,H,1.0,no mention,1,O5,ADV,1,ADV,1,1,True,7.0,5.4,3.0,1.75,2.4444444444444446,2.6,2.25,2.25,1.6666666666666667,48.0,0.0,4.0,0.0,4.0,0,14.316666666666666,1,103.821,213.306,6.0,5.0,2.0,6.0,6.0,6.0,7.0,2.0,,3.0,1.0,1.0,,3.0,2.0,4.333333333333333
35057e43-6ca8-424f-b560-1a428ffe56c0,H1,H,1.0,no mention,1,O5,REL,2,ADV,1,1,True,7.0,5.4,3.0,1.75,2.4444444444444446,2.6,2.25,2.25,1.6666666666666667,48.0,0.0,4.0,0.0,4.0,0,14.316666666666666,1,79.062,152.217,7.0,3.0,2.0,5.0,6.0,5.0,7.0,1.0,,2.0,3.0,1.0,,2.0,3.0,4.0
35057e43-6ca8-424f-b560-1a428ffe56c0,H1,H,1.0,no mention,1,O5,COL,3,ADV,1,1,True,7.0,5.4,3.0,1.75,2.4444444444444446,2.6,2.25,2.25,1.6666666666666667,48.0,0.0,4.0,0.0,4.0,0,14.316666666666666,1,115.3,202.337,3.0,4.0,1.0,6.0,6.0,3.0,7.0,2.0,,3.0,1.0,2.0,,3.0,1.0,2.6666666666666665
8c01457f-fd4b-4cac-b1e8-df525cf494c8,A,A,,AI (no operator),0,O2,ADV,1,ADV,1,1,True,7.0,2.8,4.8,3.75,4.333333333333333,5.0,5.25,5.75,4.0,39.0,0.0,3.0,0.0,2.0,0,14.133333333333333,1,103.805,200.815,7.0,7.0,6.0,5.0,7.0,7.0,,,1.0,3.0,2.0,,2.0,3.0,1.0,6.666666666666667
8c01457f-fd4b-4cac-b1e8-df525cf494c8,A,A,,AI (no operator),0,O2,COL,2,ADV,1,1,True,7.0,2.8,4.8,3.75,4.333333333333333,5.0,5.25,5.75,4.0,39.0,0.0,3.0,0.0,2.0,0,14.133333333333333,1,115.261,198.874,6.0,6.0,6.0,3.0,5.0,6.0,,,1.0,2.0,3.0,,1.0,2.0,3.0,6.0
8c01457f-fd4b-4cac-b1e8-df525cf494c8,A,A,,AI (no operator),0,O2,REL,3,ADV,1,1,True,7.0,2.8,4.8,3.75,4.333333333333333,5.0,5.25,5.75,4.0,39.0,0.0,3.0,0.0,2.0,0,14.133333333333333,1,69.344,123.829,6.0,4.0,6.0,5.0,6.0,6.0,,,1.0,2.0,3.0,,1.0,2.0,3.0,5.333333333333333
32c0e1d1-7e14-4e7e-9a34-79c267424973,HA1,HA,1.0,no mention,1,O5,ADV,1,ADV,1,1,True,2.0,3.0,6.4,6.25,6.333333333333333,5.2,4.5,6.25,6.0,77.0,0.0,5.0,0.0,5.0,0,23.033333333333335,1,103.79,418.716,7.0,7.0,7.0,7.0,7.0,7.0,7.0,1.0,2.0,3.0,4.0,1.0,2.0,3.0,4.0,7.0
32c0e1d1-7e14-4e7e-9a34-79c267424973,HA1,HA,1.0,no mention,1,O5,REL,2,ADV,1,1,True,2.0,3.0,6.4,6.25,6.333333333333333,5.2,4.5,6.25,6.0,77.0,0.0,5.0,0.0,5.0,0,23.033333333333335,1,69.344,224.817,7.0,7.0,7.0,7.0,7.0,7.0,7.0,2.0,3.0,1.0,4.0,2.0,3.0,1.0,4.0,7.0
32c0e1d1-7e14-4e7e-9a34-79c267424973,HA1,HA,1.0,no mention,1,O5,COL,3,ADV,1,1,True,2.0,3.0,6.4,6.25,6.333333333333333,5.2,4.5,6.25,6.0,77.0,0.0,5.0,0.0,5.0,0,23.033333333333335,1,115.263,232.349,7.0,7.0,7.0,7.0,7.0,7.0,7.0,1.0,2.0,3.0,4.0,2.0,1.0,3.0,4.0,7.0
dee4a69a-fa41-4488-8460-e94bcc7fcec0,HA2,HA,2.0,intellectual,1,O4,REL,1,REL,1,1,True,6.0,2.3,6.0,5.5,5.777777777777778,4.6,6.0,6.0,5.333333333333333,26.0,0.0,5.0,4.0,4.0,0,14.883333333333333,1,69.411,236.289,6.0,6.0,6.0,6.0,6.0,6.0,2.0,3.0,2.0,1.0,4.0,1.0,3.0,2.0,4.0,6.0
dee4a69a-fa41-4488-8460-e94bcc7fcec0,HA2,HA,2.0,intellectual,1,O4,COL,2,REL,1,1,True,6.0,2.3,6.0,5.5,5.777777777777778,4.6,6.0,6.0,5.333333333333333,26.0,0.0,5.0,4.0,4.0,0,14.883333333333333,1,115.507,177.546,6.0,6.0,6.0,6.0,6.0,6.0,6.0,1.0,2.0,3.0,4.0,3.0,2.0,1.0,4.0,6.0
dee4a69a-fa41-4488-8460-e94bcc7fcec0,HA2,HA,2.0,intellectual,1,O4,ADV,3,REL,1,1,True,6.0,2.3,6.0,5.5,5.777777777777778,4.6,6.0,6.0,5.333333333333333,26.0,0.0,5.0,4.0,4.0,0,14.883333333333333,1,104.763,154.34,6.0,6.0,6.0,6.0,6.0,6.0,6.0,2.0,3.0,1.0,4.0,3.0,2.0,1.0,4.0,6.0
037e2cc2-250c-40bb-bc6f-4a8ca92fa73d,HA3,HA,3.0,mobility,1,O2,ADV,1,ADV,1,1,True,3.0,4.7,3.8,4.5,4.111111111111111,4.8,6.0,2.25,1.0,48.0,1.0,4.0,0.0,1.0,0,20.766666666666666,1,103.992,366.374,6.0,6.0,3.0,3.0,5.0,5.0,6.0,2.0,3.0,4.0,1.0,2.0,3.0,4.0,1.0,5.0
037e2cc2-250c-40bb-bc6f-4a8ca92fa73d,HA3,HA,3.0,mobility,1,O2,COL,2,ADV,1,1,True,3.0,4.7,3.8,4.5,4.111111111111111,4.8,6.0,2.25,1.0,48.0,1.0,4.0,0.0,1.0,0,20.766666666666666,1,115.241,341.342,6.0,6.0,3.0,3.0,6.0,6.0,6.0,1.0,2.0,4.0,3.0,1.0,2.0,4.0,3.0,5.0
037e2cc2-250c-40bb-bc6f-4a8ca92fa73d,HA3,HA,3.0,mobility,1,O2,REL,3,ADV,1,1,True,3.0,4.7,3.8,4.5,4.111111111111111,4.8,6.0,2.25,1.0,48.0,1.0,4.0,0.0,1.0,0,20.766666666666666,1,69.174,149.346,6.0,6.0,2.0,2.0,6.0,6.0,6.0,1.0,2.0,3.0,4.0,1.0,2.0,3.0,4.0,4.666666666666667
36254981-6b14-48df-8f4e-e6f469e3936d,HA2,HA,2.0,intellectual,1,O5,ADV,1,ADV,1,1,True,7.0,5.0,1.8,3.0,2.3333333333333335,4.8,5.25,5.75,3.6666666666666665,35.0,1.0,3.0,0.0,4.0,0,20.3,1,103.878,189.728,6.0,6.0,5.0,5.0,5.0,7.0,7.0,1.0,2.0,3.0,4.0,1.0,2.0,3.0,4.0,5.666666666666667
36254981-6b14-48df-8f4e-e6f469e3936d,HA2,HA,2.0,intellectual,1,O5,REL,2,ADV,1,1,True,7.0,5.0,1.8,3.0,2.3333333333333335,4.8,5.25,5.75,3.6666666666666665,35.0,1.0,3.0,0.0,4.0,0,20.3,1,69.406,120.519,7.0,7.0,5.0,5.0,6.0,6.0,7.0,1.0,2.0,3.0,4.0,1.0,2.0,3.0,4.0,6.333333333333333
36254981-6b14-48df-8f4e-e6f469e3936d,HA2,HA,2.0,intellectual,1,O5,COL,3,ADV,1,1,True,7.0,5.0,1.8,3.0,2.3333333333333335,4.8,5.25,5.75,3.6666666666666665,35.0,1.0,3.0,0.0,4.0,0,20.3,1,115.329,158.064,6.0,6.0,4.0,4.0,5.0,6.0,7.0,1.0,2.0,3.0,4.0,1.0,2.0,3.0,4.0,5.333333333333333
09299d61-82dd-4739-b4cc-98cc77e3d3b8,H1,H,1.0,no mention,1,O6,COL,1,COL,1,1,True,7.0,2.1,5.0,5.25,5.111111111111111,7.0,7.0,5.5,6.0,38.0,0.0,4.0,0.0,2.0,0,24.783333333333335,1,289.296,305.144,7.0,7.0,7.0,6.0,7.0,7.0,7.0,2.0,,1.0,3.0,2.0,,1.0,3.0,7.0
09299d61-82dd-4739-b4cc-98cc77e3d3b8,H1,H,1.0,no mention,1,O6,ADV,2,COL,1,1,True,7.0,2.1,5.0,5.25,5.111111111111111,7.0,7.0,5.5,6.0,38.0,0.0,4.0,0.0,2.0,0,24.783333333333335,1,165.571,214.92,7.0,7.0,7.0,7.0,7.0,7.0,7.0,1.0,,2.0,3.0,2.0,,3.0,1.0,7.0
09299d61-82dd-4739-b4cc-98cc77e3d3b8,H1,H,1.0,no mention,1,O6,REL,3,COL,1,1,True,7.0,2.1,5.0,5.25,5.111111111111111,7.0,7.0,5.5,6.0,38.0,0.0,4.0,0.0,2.0,0,24.783333333333335,1,69.317,406.368,7.0,7.0,7.0,7.0,7.0,7.0,7.0,1.0,,2.0,3.0,1.0,,2.0,3.0,7.0
e1a45651-cb37-43e9-ab4a-70ea7659edb2,A,A,,AI (no operator),0,O5,ADV,1,ADV,0,0,False,5.0,3.1,6.2,5.0,5.666666666666667,5.6,5.75,5.5,5.333333333333333,26.0,1.0,2.0,2.0,3.0,0,47.35,1,105.222,254.718,5.0,6.0,6.0,5.0,6.0,6.0,,,1.0,2.0,3.0,,1.0,2.0,3.0,5.666666666666667
e1a45651-cb37-43e9-ab4a-70ea7659edb2,A,A,,AI (no operator),0,O5,REL,2,ADV,0,0,False,5.0,3.1,6.2,5.0,5.666666666666667,5.6,5.75,5.5,5.333333333333333,26.0,1.0,2.0,2.0,3.0,0,47.35,1,84.689,121.581,6.0,5.0,6.0,5.0,6.0,6.0,,,1.0,2.0,3.0,,1.0,2.0,3.0,5.666666666666667
e1a45651-cb37-43e9-ab4a-70ea7659edb2,A,A,,AI (no operator),0,O5,COL,3,ADV,0,0,False,5.0,3.1,6.2,5.0,5.666666666666667,5.6,5.75,5.5,5.333333333333333,26.0,1.0,2.0,2.0,3.0,0,47.35,1,115.265,148.656,6.0,6.0,6.0,7.0,6.0,6.0,,,1.0,2.0,3.0,,1.0,2.0,3.0,6.0
a51241bc-bab2-45cd-b646-bf70aeba897a,H3,H,3.0,mobility,1,O4,REL,1,REL,1,1,True,3.0,4.0,4.4,2.5,3.5555555555555554,4.8,4.75,4.25,5.0,52.0,0.0,4.0,0.0,0.0,0,17.75,1,69.345,228.057,5.0,5.0,6.0,5.0,5.0,5.0,7.0,1.0,,2.0,3.0,1.0,,3.0,2.0,5.333333333333333
a51241bc-bab2-45cd-b646-bf70aeba897a,H3,H,3.0,mobility,1,O4,COL,2,REL,1,1,True,3.0,4.0,4.4,2.5,3.5555555555555554,4.8,4.75,4.25,5.0,52.0,0.0,4.0,0.0,0.0,0,17.75,1,115.271,232.626,6.0,6.0,6.0,6.0,4.0,6.0,7.0,1.0,,3.0,2.0,1.0,,3.0,2.0,6.0
a51241bc-bab2-45cd-b646-bf70aeba897a,H3,H,3.0,mobility,1,O4,ADV,3,REL,1,1,True,3.0,4.0,4.4,2.5,3.5555555555555554,4.8,4.75,4.25,5.0,52.0,0.0,4.0,0.0,0.0,0,17.75,1,103.793,165.261,6.0,6.0,6.0,6.0,6.0,6.0,7.0,1.0,,3.0,2.0,1.0,,2.0,3.0,6.0
183aa168-7931-4cf4-827e-cd6cff0472b8,HA1,HA,1.0,no mention,1,O2,ADV,1,ADV,1,1,True,7.0,3.3,5.6,4.75,5.222222222222222,5.6,5.75,4.75,6.666666666666667,43.0,1.0,3.0,1.0,4.0,0,16.266666666666666,1,104.085,268.166,7.0,7.0,6.0,7.0,6.0,6.0,7.0,1.0,4.0,3.0,2.0,1.0,4.0,2.0,3.0,6.666666666666667
183aa168-7931-4cf4-827e-cd6cff0472b8,HA1,HA,1.0,no mention,1,O2,COL,2,ADV,1,1,True,7.0,3.3,5.6,4.75,5.222222222222222,5.6,5.75,4.75,6.666666666666667,43.0,1.0,3.0,1.0,4.0,0,16.266666666666666,1,115.344,229.057,7.0,7.0,6.0,7.0,6.0,6.0,7.0,2.0,3.0,4.0,1.0,1.0,2.0,4.0,3.0,6.666666666666667
183aa168-7931-4cf4-827e-cd6cff0472b8,HA1,HA,1.0,no mention,1,O2,REL,3,ADV,1,1,True,7.0,3.3,5.6,4.75,5.222222222222222,5.6,5.75,4.75,6.666666666666667,43.0,1.0,3.0,1.0,4.0,0,16.266666666666666,1,69.416,128.866,7.0,7.0,6.0,7.0,7.0,6.0,7.0,1.0,2.0,3.0,4.0,1.0,2.0,3.0,4.0,6.666666666666667
1af49545-f786-4c76-9b5e-85ad9453db7e,HA1,HA,1.0,no mention,1,O1,REL,1,REL,1,1,True,5.0,4.4,4.0,3.5,3.7777777777777777,4.2,4.5,4.5,4.0,36.0,0.0,0.0,0.0,2.0,0,13.383333333333333,1,170.69,235.868,4.0,4.0,3.0,4.0,5.0,6.0,5.0,3.0,1.0,2.0,4.0,2.0,1.0,3.0,4.0,3.6666666666666665
1af49545-f786-4c76-9b5e-85ad9453db7e,HA1,HA,1.0,no mention,1,O1,ADV,2,REL,1,1,True,5.0,4.4,4.0,3.5,3.7777777777777777,4.2,4.5,4.5,4.0,36.0,0.0,0.0,0.0,2.0,0,13.383333333333333,1,103.878,169.425,6.0,6.0,3.0,5.0,5.0,6.0,5.0,3.0,1.0,2.0,4.0,2.0,1.0,3.0,4.0,5.0
1af49545-f786-4c76-9b5e-85ad9453db7e,HA1,HA,1.0,no mention,1,O1,COL,3,REL,1,1,True,5.0,4.4,4.0,3.5,3.7777777777777777,4.2,4.5,4.5,4.0,36.0,0.0,0.0,0.0,2.0,0,13.383333333333333,1,115.329,166.395,6.0,6.0,3.0,6.0,6.0,6.0,5.0,3.0,1.0,2.0,4.0,2.0,1.0,3.0,4.0,5.0
f0f1f334-0813-4391-a751-f43866380806,H3,H,3.0,mobility,1,O1,REL,1,REL,1,1,True,6.0,3.4,5.0,4.5,4.777777777777778,4.6,4.25,5.25,4.0,35.0,1.0,5.0,3.0,5.0,0,10.0,1,69.927,110.849,5.0,5.0,5.0,6.0,5.0,5.0,6.0,1.0,,3.0,2.0,2.0,,3.0,1.0,5.0
f0f1f334-0813-4391-a751-f43866380806,H3,H,3.0,mobility,1,O1,ADV,2,REL,1,1,True,6.0,3.4,5.0,4.5,4.777777777777778,4.6,4.25,5.25,4.0,35.0,1.0,5.0,3.0,5.0,0,10.0,1,103.903,162.083,5.0,6.0,5.0,6.0,5.0,6.0,5.0,1.0,,2.0,3.0,1.0,,2.0,3.0,5.333333333333333
f0f1f334-0813-4391-a751-f43866380806,H3,H,3.0,mobility,1,O1,COL,3,REL,1,1,True,6.0,3.4,5.0,4.5,4.777777777777778,4.6,4.25,5.25,4.0,35.0,1.0,5.0,3.0,5.0,0,10.0,1,115.332,142.215,5.0,6.0,6.0,6.0,5.0,6.0,5.0,1.0,,2.0,3.0,1.0,,2.0,3.0,5.666666666666667
fc74d7ce-2818-4bb0-aa42-e9002d717c03,H1,H,1.0,no mention,1,O3,COL,1,COL,1,1,True,6.0,4.0,3.8,2.25,3.111111111111111,6.2,5.0,2.5,4.0,48.0,1.0,4.0,0.0,2.0,0,10.733333333333333,1,115.32,188.806,6.0,6.0,5.0,4.0,4.0,6.0,7.0,2.0,,3.0,1.0,2.0,,3.0,1.0,5.666666666666667
fc74d7ce-2818-4bb0-aa42-e9002d717c03,H1,H,1.0,no mention,1,O3,REL,2,COL,1,1,True,6.0,4.0,3.8,2.25,3.111111111111111,6.2,5.0,2.5,4.0,48.0,1.0,4.0,0.0,2.0,0,10.733333333333333,1,69.372,122.872,6.0,6.0,5.0,7.0,6.0,7.0,7.0,1.0,,3.0,2.0,1.0,,3.0,2.0,5.666666666666667
fc74d7ce-2818-4bb0-aa42-e9002d717c03,H1,H,1.0,no mention,1,O3,ADV,3,COL,1,1,True,6.0,4.0,3.8,2.25,3.111111111111111,6.2,5.0,2.5,4.0,48.0,1.0,4.0,0.0,2.0,0,10.733333333333333,1,103.806,140.077,6.0,7.0,5.0,6.0,6.0,7.0,6.0,2.0,,3.0,1.0,2.0,,3.0,1.0,6.0
087e2941-50e2-4040-b28e-4a6bc2fda26d,H3,H,3.0,mobility,1,O6,COL,1,COL,1,1,True,3.0,4.4,5.4,3.0,4.333333333333333,4.2,5.0,5.5,3.6666666666666665,48.0,0.0,5.0,0.0,3.0,0,28.983333333333334,1,202.646,513.052,6.0,7.0,6.0,3.0,6.0,6.0,6.0,1.0,,2.0,3.0,2.0,,1.0,3.0,6.333333333333333
087e2941-50e2-4040-b28e-4a6bc2fda26d,H3,H,3.0,mobility,1,O6,ADV,2,COL,1,1,True,3.0,4.4,5.4,3.0,4.333333333333333,4.2,5.0,5.5,3.6666666666666665,48.0,0.0,5.0,0.0,3.0,0,28.983333333333334,1,336.484,679.981,5.0,5.0,1.0,4.0,3.0,4.0,2.0,3.0,,2.0,1.0,2.0,,1.0,3.0,3.6666666666666665
087e2941-50e2-4040-b28e-4a6bc2fda26d,H3,H,3.0,mobility,1,O6,REL,3,COL,1,1,True,3.0,4.4,5.4,3.0,4.333333333333333,4.2,5.0,5.5,3.6666666666666665,48.0,0.0,5.0,0.0,3.0,0,28.983333333333334,1,69.384,125.669,5.0,5.0,1.0,4.0,5.0,3.0,2.0,2.0,,1.0,3.0,2.0,,1.0,3.0,3.6666666666666665
09d7687a-d4e3-4019-a688-dc877b72cee9,HA2,HA,2.0,intellectual,1,O3,COL,1,COL,1,1,True,5.0,3.9,4.8,4.5,4.666666666666667,4.2,4.0,4.25,4.666666666666667,44.0,0.0,5.0,1.0,2.0,0,10.4,1,115.266,184.719,4.0,5.0,5.0,3.0,3.0,4.0,4.0,4.0,2.0,3.0,1.0,3.0,4.0,2.0,1.0,4.666666666666667
09d7687a-d4e3-4019-a688-dc877b72cee9,HA2,HA,2.0,intellectual,1,O3,REL,2,COL,1,1,True,5.0,3.9,4.8,4.5,4.666666666666667,4.2,4.0,4.25,4.666666666666667,44.0,0.0,5.0,1.0,2.0,0,10.4,1,69.334,109.256,5.0,5.0,5.0,4.0,3.0,4.0,5.0,4.0,3.0,2.0,1.0,3.0,4.0,2.0,1.0,5.0
09d7687a-d4e3-4019-a688-dc877b72cee9,HA2,HA,2.0,intellectual,1,O3,ADV,3,COL,1,1,True,5.0,3.9,4.8,4.5,4.666666666666667,4.2,4.0,4.25,4.666666666666667,44.0,0.0,5.0,1.0,2.0,0,10.4,1,103.795,135.515,5.0,5.0,5.0,4.0,5.0,5.0,4.0,3.0,4.0,2.0,1.0,3.0,4.0,2.0,1.0,5.0
79be0c22-08c8-47ab-a65e-8c45e2e73ffb,H2,H,2.0,intellectual,1,O2,ADV,1,ADV,1,1,True,6.0,2.6,7.0,6.25,6.666666666666667,4.0,4.0,6.5,7.0,23.0,0.0,5.0,1.0,3.0,0,18.3,1,221.085,364.724,7.0,7.0,7.0,7.0,7.0,7.0,7.0,2.0,,3.0,1.0,2.0,,3.0,1.0,7.0
79be0c22-08c8-47ab-a65e-8c45e2e73ffb,H2,H,2.0,intellectual,1,O2,COL,2,ADV,1,1,True,6.0,2.6,7.0,6.25,6.666666666666667,4.0,4.0,6.5,7.0,23.0,0.0,5.0,1.0,3.0,0,18.3,1,197.898,295.471,7.0,7.0,7.0,7.0,7.0,7.0,7.0,1.0,,3.0,2.0,1.0,,3.0,2.0,7.0
79be0c22-08c8-47ab-a65e-8c45e2e73ffb,H2,H,2.0,intellectual,1,O2,REL,3,ADV,1,1,True,6.0,2.6,7.0,6.25,6.666666666666667,4.0,4.0,6.5,7.0,23.0,0.0,5.0,1.0,3.0,0,18.3,1,69.378,117.196,7.0,7.0,7.0,7.0,7.0,7.0,7.0,1.0,,2.0,3.0,1.0,,2.0,3.0,7.0
133187e9-2dfe-487d-b155-2fc9fac5cabc,HA3,HA,3.0,mobility,1,O3,COL,1,COL,1,1,True,5.0,3.3,4.6,4.25,4.444444444444445,6.0,4.5,5.0,4.333333333333333,62.0,1.0,4.0,2.0,3.0,0,18.083333333333332,1,247.686,367.292,6.0,6.0,6.0,6.0,6.0,6.0,6.0,1.0,2.0,3.0,4.0,1.0,2.0,3.0,4.0,6.0
133187e9-2dfe-487d-b155-2fc9fac5cabc,HA3,HA,3.0,mobility,1,O3,REL,2,COL,1,1,True,5.0,3.3,4.6,4.25,4.444444444444445,6.0,4.5,5.0,4.333333333333333,62.0,1.0,4.0,2.0,3.0,0,18.083333333333332,1,69.755,158.24,5.0,5.0,5.0,5.0,5.0,5.0,5.0,1.0,2.0,3.0,4.0,2.0,3.0,4.0,1.0,5.0
133187e9-2dfe-487d-b155-2fc9fac5cabc,HA3,HA,3.0,mobility,1,O3,ADV,3,COL,1,1,True,5.0,3.3,4.6,4.25,4.444444444444445,6.0,4.5,5.0,4.333333333333333,62.0,1.0,4.0,2.0,3.0,0,18.083333333333332,1,103.832,184.227,6.0,6.0,6.0,6.0,6.0,6.0,6.0,1.0,4.0,3.0,2.0,1.0,2.0,3.0,4.0,6.0
fea1a703-d871-4f3c-9641-c717db442567,H3,H,3.0,mobility,1,O3,COL,1,COL,1,1,True,6.0,2.4,3.2,2.25,2.7777777777777777,5.6,5.5,6.25,7.0,36.0,0.0,0.0,0.0,4.0,0,13.516666666666667,1,115.3,276.992,6.0,6.0,7.0,7.0,6.0,7.0,7.0,1.0,,3.0,2.0,1.0,,3.0,2.0,6.333333333333333
fea1a703-d871-4f3c-9641-c717db442567,H3,H,3.0,mobility,1,O3,REL,2,COL,1,1,True,6.0,2.4,3.2,2.25,2.7777777777777777,5.6,5.5,6.25,7.0,36.0,0.0,0.0,0.0,4.0,0,13.516666666666667,1,99.223,172.232,6.0,6.0,7.0,7.0,6.0,6.0,7.0,1.0,,2.0,3.0,1.0,,2.0,3.0,6.333333333333333
fea1a703-d871-4f3c-9641-c717db442567,H3,H,3.0,mobility,1,O3,ADV,3,COL,1,1,True,6.0,2.4,3.2,2.25,2.7777777777777777,5.6,5.5,6.25,7.0,36.0,0.0,0.0,0.0,4.0,0,13.516666666666667,1,103.846,154.612,7.0,7.0,7.0,7.0,7.0,7.0,7.0,1.0,,3.0,2.0,1.0,,3.0,2.0,7.0
351f34d4-ce9d-4b16-a2cb-30d07ab1071a,H2,H,2.0,intellectual,1,O3,COL,1,COL,1,1,True,5.0,2.7,5.2,4.25,4.777777777777778,4.8,3.75,5.0,5.0,45.0,0.0,5.0,1.0,2.0,0,13.933333333333334,1,115.312,251.818,6.0,6.0,6.0,6.0,5.0,6.0,6.0,1.0,,2.0,3.0,2.0,,3.0,1.0,6.0
351f34d4-ce9d-4b16-a2cb-30d07ab1071a,H2,H,2.0,intellectual,1,O3,REL,2,COL,1,1,True,5.0,2.7,5.2,4.25,4.777777777777778,4.8,3.75,5.0,5.0,45.0,0.0,5.0,1.0,2.0,0,13.933333333333334,1,69.386,130.38,6.0,4.0,5.0,5.0,6.0,4.0,6.0,1.0,,2.0,3.0,1.0,,2.0,3.0,5.0
351f34d4-ce9d-4b16-a2cb-30d07ab1071a,H2,H,2.0,intellectual,1,O3,ADV,3,COL,1,1,True,5.0,2.7,5.2,4.25,4.777777777777778,4.8,3.75,5.0,5.0,45.0,0.0,5.0,1.0,2.0,0,13.933333333333334,1,103.85,154.36,6.0,5.0,5.0,5.0,6.0,6.0,6.0,1.0,,2.0,3.0,1.0,,2.0,3.0,5.333333333333333
0fb51607-9df0-435d-a47f-8551478277f0,HA1,HA,1.0,no mention,1,O4,REL,1,REL,1,1,True,6.0,5.3,2.8,4.25,3.4444444444444446,5.6,5.0,5.0,5.0,48.0,1.0,3.0,0.0,4.0,0,24.3,1,69.399,492.207,6.0,5.0,5.0,6.0,5.0,5.0,7.0,1.0,2.0,3.0,4.0,2.0,1.0,3.0,4.0,5.333333333333333
0fb51607-9df0-435d-a47f-8551478277f0,HA1,HA,1.0,no mention,1,O4,COL,2,REL,1,1,True,6.0,5.3,2.8,4.25,3.4444444444444446,5.6,5.0,5.0,5.0,48.0,1.0,3.0,0.0,4.0,0,24.3,1,115.259,419.295,5.0,6.0,5.0,6.0,6.0,5.0,6.0,1.0,2.0,3.0,4.0,1.0,2.0,3.0,4.0,5.333333333333333
0fb51607-9df0-435d-a47f-8551478277f0,HA1,HA,1.0,no mention,1,O4,ADV,3,REL,1,1,True,6.0,5.3,2.8,4.25,3.4444444444444446,5.6,5.0,5.0,5.0,48.0,1.0,3.0,0.0,4.0,0,24.3,1,103.875,172.634,6.0,6.0,5.0,6.0,6.0,6.0,6.0,2.0,1.0,3.0,4.0,2.0,1.0,3.0,4.0,5.666666666666667
5f461175-9338-49a7-8223-c132b07b2417,H3,H,3.0,mobility,1,O5,ADV,1,ADV,1,1,True,1.0,2.5,4.6,6.25,5.333333333333333,5.6,5.0,2.0,4.666666666666667,45.0,0.0,4.0,0.0,3.0,0,12.316666666666666,1,122.22,202.137,6.0,6.0,5.0,6.0,5.0,6.0,7.0,2.0,,3.0,1.0,2.0,,3.0,1.0,5.666666666666667
5f461175-9338-49a7-8223-c132b07b2417,H3,H,3.0,mobility,1,O5,REL,2,ADV,1,1,True,1.0,2.5,4.6,6.25,5.333333333333333,5.6,5.0,2.0,4.666666666666667,45.0,0.0,4.0,0.0,3.0,0,12.316666666666666,1,82.366,142.754,5.0,4.0,6.0,6.0,6.0,4.0,6.0,1.0,,3.0,2.0,1.0,,3.0,2.0,5.0
5f461175-9338-49a7-8223-c132b07b2417,H3,H,3.0,mobility,1,O5,COL,3,ADV,1,1,True,1.0,2.5,4.6,6.25,5.333333333333333,5.6,5.0,2.0,4.666666666666667,45.0,0.0,4.0,0.0,3.0,0,12.316666666666666,1,135.665,203.375,5.0,3.0,2.0,6.0,6.0,5.0,6.0,2.0,,3.0,1.0,2.0,,3.0,1.0,3.3333333333333335
bf19a146-5fa9-4035-bf22-ffe804ccd6fe,A,A,,AI (no operator),0,O3,COL,1,COL,0,1,False,6.0,3.7,5.4,5.75,5.555555555555555,5.2,6.0,5.75,6.0,31.0,1.0,5.0,0.0,5.0,0,21.066666666666666,1,115.549,273.091,6.0,6.0,6.0,6.0,5.0,6.0,,,1.0,2.0,3.0,,1.0,2.0,3.0,6.0
bf19a146-5fa9-4035-bf22-ffe804ccd6fe,A,A,,AI (no operator),0,O3,REL,2,COL,0,1,False,6.0,3.7,5.4,5.75,5.555555555555555,5.2,6.0,5.75,6.0,31.0,1.0,5.0,0.0,5.0,0,21.066666666666666,1,196.499,341.302,6.0,6.0,6.0,6.0,6.0,6.0,,,1.0,2.0,3.0,,1.0,2.0,3.0,6.0
bf19a146-5fa9-4035-bf22-ffe804ccd6fe,A,A,,AI (no operator),0,O3,ADV,3,COL,0,1,False,6.0,3.7,5.4,5.75,5.555555555555555,5.2,6.0,5.75,6.0,31.0,1.0,5.0,0.0,5.0,0,21.066666666666666,1,168.107,221.958,6.0,6.0,6.0,6.0,6.0,6.0,,,1.0,2.0,3.0,,1.0,2.0,3.0,6.0
1f826613-ad43-4e5e-b234-7e9d84e6ad61,HA2,HA,2.0,intellectual,1,O2,ADV,1,ADV,1,1,True,2.0,2.7,6.6,5.5,6.111111111111111,5.0,4.5,5.0,5.666666666666667,43.0,0.0,5.0,2.0,4.0,0,29.65,1,103.875,554.34,6.0,6.0,7.0,6.0,5.0,6.0,3.0,2.0,4.0,1.0,3.0,3.0,4.0,1.0,2.0,6.333333333333333
1f826613-ad43-4e5e-b234-7e9d84e6ad61,HA2,HA,2.0,intellectual,1,O2,COL,2,ADV,1,1,True,2.0,2.7,6.6,5.5,6.111111111111111,5.0,4.5,5.0,5.666666666666667,43.0,0.0,5.0,2.0,4.0,0,29.65,1,131.269,472.346,4.0,5.0,4.0,3.0,3.0,6.0,5.0,2.0,4.0,1.0,3.0,2.0,3.0,1.0,4.0,4.333333333333333
1f826613-ad43-4e5e-b234-7e9d84e6ad61,HA2,HA,2.0,intellectual,1,O2,REL,3,ADV,1,1,True,2.0,2.7,6.6,5.5,6.111111111111111,5.0,4.5,5.0,5.666666666666667,43.0,0.0,5.0,2.0,4.0,0,29.65,1,69.366,174.487,6.0,7.0,7.0,6.0,5.0,6.0,6.0,1.0,3.0,2.0,4.0,1.0,2.0,3.0,4.0,6.666666666666667
e076d156-e431-4ffd-b72b-c502d04647a7,H2,H,2.0,intellectual,1,O5,ADV,1,ADV,0,1,False,2.0,4.4,5.0,6.0,5.444444444444445,6.0,6.75,5.5,5.0,35.0,1.0,5.0,0.0,2.0,0,28.183333333333334,1,103.858,400.739,6.0,6.0,6.0,6.0,7.0,7.0,7.0,1.0,,3.0,2.0,1.0,,3.0,2.0,6.0
e076d156-e431-4ffd-b72b-c502d04647a7,H2,H,2.0,intellectual,1,O5,REL,2,ADV,0,1,False,2.0,4.4,5.0,6.0,5.444444444444445,6.0,6.75,5.5,5.0,35.0,1.0,5.0,0.0,2.0,0,28.183333333333334,1,69.396,105.564,6.0,6.0,6.0,6.0,7.0,7.0,7.0,1.0,,3.0,2.0,1.0,,3.0,2.0,6.0
e076d156-e431-4ffd-b72b-c502d04647a7,H2,H,2.0,intellectual,1,O5,COL,3,ADV,0,1,False,2.0,4.4,5.0,6.0,5.444444444444445,6.0,6.75,5.5,5.0,35.0,1.0,5.0,0.0,2.0,0,28.183333333333334,1,352.161,410.849,6.0,6.0,6.0,6.0,7.0,7.0,7.0,1.0,,3.0,2.0,1.0,,3.0,2.0,6.0
ae0c7d21-68c4-4f88-958b-1f03a1513833,A,A,,AI (no operator),0,O1,REL,1,REL,1,1,True,6.0,5.2,2.8,3.5,3.111111111111111,3.8,4.0,3.0,3.0,57.0,0.0,2.0,0.0,5.0,0,12.9,1,69.299,134.216,5.0,3.0,2.0,1.0,4.0,4.0,,,1.0,2.0,3.0,,1.0,2.0,3.0,3.3333333333333335
ae0c7d21-68c4-4f88-958b-1f03a1513833,A,A,,AI (no operator),0,O1,ADV,2,REL,1,1,True,6.0,5.2,2.8,3.5,3.111111111111111,3.8,4.0,3.0,3.0,57.0,0.0,2.0,0.0,5.0,0,12.9,1,103.832,144.152,5.0,5.0,2.0,2.0,5.0,4.0,,,1.0,2.0,3.0,,1.0,2.0,3.0,4.0
ae0c7d21-68c4-4f88-958b-1f03a1513833,A,A,,AI (no operator),0,O1,COL,3,REL,1,1,True,6.0,5.2,2.8,3.5,3.111111111111111,3.8,4.0,3.0,3.0,57.0,0.0,2.0,0.0,5.0,0,12.9,1,115.25,146.301,6.0,6.0,4.0,2.0,4.0,6.0,,,1.0,2.0,3.0,,1.0,2.0,3.0,5.333333333333333
d9accccd-7093-4913-b4cf-2104ea995f99,H1,H,1.0,no mention,1,O2,ADV,1,ADV,0,1,False,5.0,5.4,2.4,2.25,2.3333333333333335,5.4,7.0,7.0,7.0,28.0,1.0,0.0,0.0,4.0,0,24.666666666666668,1,107.255,285.014,7.0,7.0,7.0,7.0,7.0,7.0,7.0,1.0,,2.0,3.0,1.0,,2.0,3.0,7.0
d9accccd-7093-4913-b4cf-2104ea995f99,H1,H,1.0,no mention,1,O2,COL,2,ADV,0,1,False,5.0,5.4,2.4,2.25,2.3333333333333335,5.4,7.0,7.0,7.0,28.0,1.0,0.0,0.0,4.0,0,24.666666666666668,1,219.75,732.266,7.0,7.0,7.0,6.0,7.0,7.0,7.0,1.0,,2.0,3.0,1.0,,2.0,3.0,7.0
d9accccd-7093-4913-b4cf-2104ea995f99,H1,H,1.0,no mention,1,O2,REL,3,ADV,0,1,False,5.0,5.4,2.4,2.25,2.3333333333333335,5.4,7.0,7.0,7.0,28.0,1.0,0.0,0.0,4.0,0,24.666666666666668,1,69.345,104.316,7.0,7.0,7.0,7.0,7.0,7.0,7.0,1.0,,2.0,3.0,1.0,,2.0,3.0,7.0
4745d6d9-b5cb-4408-a0f7-744f8b304f77,H3,H,3.0,mobility,1,O2,ADV,1,ADV,1,1,True,4.0,4.1,3.6,3.75,3.6666666666666665,4.6,5.25,5.0,3.0,45.0,0.0,5.0,0.0,4.0,0,17.166666666666668,1,103.843,309.627,7.0,7.0,6.0,7.0,5.0,6.0,7.0,2.0,,3.0,1.0,2.0,,3.0,1.0,6.666666666666667
4745d6d9-b5cb-4408-a0f7-744f8b304f77,H3,H,3.0,mobility,1,O2,COL,2,ADV,1,1,True,4.0,4.1,3.6,3.75,3.6666666666666665,4.6,5.25,5.0,3.0,45.0,0.0,5.0,0.0,4.0,0,17.166666666666668,1,115.329,209.44,5.0,6.0,5.0,5.0,5.0,6.0,7.0,1.0,,3.0,2.0,1.0,,3.0,2.0,5.333333333333333
4745d6d9-b5cb-4408-a0f7-744f8b304f77,H3,H,3.0,mobility,1,O2,REL,3,ADV,1,1,True,4.0,4.1,3.6,3.75,3.6666666666666665,4.6,5.25,5.0,3.0,45.0,0.0,5.0,0.0,4.0,0,17.166666666666668,1,69.387,143.86,4.0,6.0,6.0,3.0,5.0,5.0,7.0,1.0,,2.0,3.0,1.0,,2.0,3.0,5.333333333333333
99d2c234-4113-4add-9a84-8dee9e36f1f9,HA2,HA,2.0,intellectual,1,O3,COL,1,COL,1,1,True,4.0,5.2,4.0,4.0,4.0,5.0,4.0,3.75,2.0,34.0,1.0,5.0,2.0,3.0,0,22.483333333333334,1,115.251,358.776,5.0,4.0,5.0,3.0,4.0,4.0,3.0,1.0,3.0,4.0,2.0,1.0,2.0,4.0,3.0,4.666666666666667
99d2c234-4113-4add-9a84-8dee9e36f1f9,HA2,HA,2.0,intellectual,1,O3,REL,2,COL,1,1,True,4.0,5.2,4.0,4.0,4.0,5.0,4.0,3.75,2.0,34.0,1.0,5.0,2.0,3.0,0,22.483333333333334,1,69.986,174.137,4.0,4.0,2.0,4.0,4.0,4.0,3.0,2.0,1.0,3.0,4.0,2.0,1.0,3.0,4.0,3.3333333333333335
99d2c234-4113-4add-9a84-8dee9e36f1f9,HA2,HA,2.0,intellectual,1,O3,ADV,3,COL,1,1,True,4.0,5.2,4.0,4.0,4.0,5.0,4.0,3.75,2.0,34.0,1.0,5.0,2.0,3.0,0,22.483333333333334,1,103.792,258.273,3.0,4.0,2.0,4.0,4.0,4.0,4.0,3.0,1.0,4.0,2.0,1.0,2.0,3.0,4.0,3.0
fda98ee8-39ec-44b8-a0cc-b862209547ee,A,A,,AI (no operator),0,O2,ADV,1,ADV,1,1,True,4.0,3.2,4.0,4.0,4.0,2.4,4.75,2.5,4.0,57.0,0.0,0.0,0.0,0.0,0,11.966666666666667,1,103.898,222.548,5.0,5.0,4.0,2.0,2.0,4.0,,,1.0,2.0,3.0,,1.0,2.0,3.0,4.666666666666667
fda98ee8-39ec-44b8-a0cc-b862209547ee,A,A,,AI (no operator),0,O2,COL,2,ADV,1,1,True,4.0,3.2,4.0,4.0,4.0,2.4,4.75,2.5,4.0,57.0,0.0,0.0,0.0,0.0,0,11.966666666666667,1,115.312,158.354,5.0,5.0,2.0,3.0,3.0,4.0,,,1.0,2.0,3.0,,1.0,2.0,3.0,4.0
fda98ee8-39ec-44b8-a0cc-b862209547ee,A,A,,AI (no operator),0,O2,REL,3,ADV,1,1,True,4.0,3.2,4.0,4.0,4.0,2.4,4.75,2.5,4.0,57.0,0.0,0.0,0.0,0.0,0,11.966666666666667,1,69.384,105.88,4.0,2.0,1.0,1.0,2.0,3.0,,,1.0,2.0,3.0,,1.0,2.0,3.0,2.3333333333333335
51377a27-e6f2-40ff-ac8f-cdb6b230c95c,HA3,HA,3.0,mobility,1,O5,ADV,1,ADV,1,1,True,5.0,5.6,3.0,3.25,3.111111111111111,4.4,5.0,4.0,3.3333333333333335,46.0,1.0,4.0,0.0,4.0,0,11.15,1,103.788,204.682,5.0,5.0,5.0,4.0,4.0,4.0,3.0,2.0,4.0,3.0,1.0,3.0,4.0,2.0,1.0,5.0
51377a27-e6f2-40ff-ac8f-cdb6b230c95c,HA3,HA,3.0,mobility,1,O5,REL,2,ADV,1,1,True,5.0,5.6,3.0,3.25,3.111111111111111,4.4,5.0,4.0,3.3333333333333335,46.0,1.0,4.0,0.0,4.0,0,11.15,1,77.651,139.732,4.0,4.0,5.0,4.0,5.0,5.0,3.0,2.0,4.0,3.0,1.0,2.0,4.0,3.0,1.0,4.333333333333333
51377a27-e6f2-40ff-ac8f-cdb6b230c95c,HA3,HA,3.0,mobility,1,O5,COL,3,ADV,1,1,True,5.0,5.6,3.0,3.25,3.111111111111111,4.4,5.0,4.0,3.3333333333333335,46.0,1.0,4.0,0.0,4.0,0,11.15,1,115.324,169.295,4.0,5.0,5.0,4.0,4.0,4.0,3.0,2.0,4.0,3.0,1.0,2.0,4.0,3.0,1.0,4.666666666666667
d7b5463c-7d4e-47b5-96c5-d759d7153bc1,HA2,HA,2.0,intellectual,1,O6,COL,1,COL,0,1,False,5.0,4.7,4.2,6.0,5.0,3.4,5.0,5.25,6.333333333333333,23.0,1.0,4.0,0.0,0.0,0,25.3,1,242.907,342.904,5.0,4.0,4.0,2.0,5.0,7.0,6.0,2.0,1.0,3.0,4.0,2.0,1.0,3.0,4.0,4.333333333333333
d7b5463c-7d4e-47b5-96c5-d759d7153bc1,HA2,HA,2.0,intellectual,1,O6,ADV,2,COL,0,1,False,5.0,4.7,4.2,6.0,5.0,3.4,5.0,5.25,6.333333333333333,23.0,1.0,4.0,0.0,0.0,0,25.3,1,104.074,204.321,5.0,7.0,6.0,6.0,6.0,7.0,6.0,1.0,3.0,2.0,4.0,4.0,3.0,1.0,2.0,6.0
d7b5463c-7d4e-47b5-96c5-d759d7153bc1,HA2,HA,2.0,intellectual,1,O6,REL,3,COL,0,1,False,5.0,4.7,4.2,6.0,5.0,3.4,5.0,5.25,6.333333333333333,23.0,1.0,4.0,0.0,0.0,0,25.3,1,69.557,145.435,5.0,7.0,4.0,6.0,6.0,7.0,4.0,4.0,2.0,1.0,3.0,3.0,2.0,1.0,4.0,5.333333333333333
cd3e80ff-9445-4d6e-9f4a-2c0ff7fdce1b,HA3,HA,3.0,mobility,1,O4,REL,1,REL,1,1,True,5.0,4.0,2.2,1.5,1.8888888888888888,5.4,6.0,4.75,4.0,34.0,1.0,0.0,0.0,0.0,0,11.933333333333334,1,69.347,188.037,5.0,5.0,5.0,3.0,6.0,6.0,6.0,1.0,3.0,4.0,2.0,1.0,3.0,4.0,2.0,5.0
cd3e80ff-9445-4d6e-9f4a-2c0ff7fdce1b,HA3,HA,3.0,mobility,1,O4,COL,2,REL,1,1,True,5.0,4.0,2.2,1.5,1.8888888888888888,5.4,6.0,4.75,4.0,34.0,1.0,0.0,0.0,0.0,0,11.933333333333334,1,115.243,158.326,6.0,6.0,5.0,4.0,6.0,6.0,6.0,1.0,3.0,4.0,2.0,1.0,3.0,4.0,2.0,5.666666666666667
cd3e80ff-9445-4d6e-9f4a-2c0ff7fdce1b,HA3,HA,3.0,mobility,1,O4,ADV,3,REL,1,1,True,5.0,4.0,2.2,1.5,1.8888888888888888,5.4,6.0,4.75,4.0,34.0,1.0,0.0,0.0,0.0,0,11.933333333333334,1,103.833,139.674,6.0,6.0,5.0,6.0,6.0,6.0,6.0,1.0,3.0,4.0,2.0,1.0,3.0,4.0,2.0,5.666666666666667
84b47000-1187-49b8-adab-b5664820d330,HA1,HA,1.0,no mention,1,O2,ADV,1,ADV,1,1,True,6.0,2.8,6.0,6.0,6.0,5.6,6.0,6.5,6.0,74.0,1.0,5.0,1.0,3.0,0,13.616666666666667,1,103.809,215.316,6.0,6.0,6.0,6.0,6.0,6.0,6.0,1.0,2.0,3.0,4.0,1.0,3.0,2.0,4.0,6.0
84b47000-1187-49b8-adab-b5664820d330,HA1,HA,1.0,no mention,1,O2,COL,2,ADV,1,1,True,6.0,2.8,6.0,6.0,6.0,5.6,6.0,6.5,6.0,74.0,1.0,5.0,1.0,3.0,0,13.616666666666667,1,115.27,213.312,5.0,5.0,5.0,6.0,6.0,6.0,6.0,1.0,2.0,3.0,4.0,1.0,4.0,2.0,3.0,5.0
84b47000-1187-49b8-adab-b5664820d330,HA1,HA,1.0,no mention,1,O2,REL,3,ADV,1,1,True,6.0,2.8,6.0,6.0,6.0,5.6,6.0,6.5,6.0,74.0,1.0,5.0,1.0,3.0,0,13.616666666666667,1,69.369,141.159,6.0,5.0,6.0,6.0,6.0,6.0,6.0,1.0,3.0,2.0,4.0,1.0,3.0,2.0,4.0,5.666666666666667
8ddb013a-7fb9-4ea3-b5fa-8e1a790eef92,A,A,,AI (no operator),0,O3,COL,1,COL,1,1,True,6.0,6.2,1.2,2.25,1.6666666666666667,5.0,6.0,3.25,2.6666666666666665,41.0,1.0,3.0,3.0,3.0,0,14.7,1,192.368,267.369,5.0,6.0,2.0,3.0,5.0,5.0,,,2.0,3.0,1.0,,1.0,2.0,3.0,4.333333333333333
8ddb013a-7fb9-4ea3-b5fa-8e1a790eef92,A,A,,AI (no operator),0,O3,REL,2,COL,1,1,True,6.0,6.2,1.2,2.25,1.6666666666666667,5.0,6.0,3.25,2.6666666666666665,41.0,1.0,3.0,3.0,3.0,0,14.7,1,69.505,124.833,6.0,6.0,2.0,7.0,7.0,6.0,,,1.0,2.0,3.0,,1.0,2.0,3.0,4.666666666666667
8ddb013a-7fb9-4ea3-b5fa-8e1a790eef92,A,A,,AI (no operator),0,O3,ADV,3,COL,1,1,True,6.0,6.2,1.2,2.25,1.6666666666666667,5.0,6.0,3.25,2.6666666666666665,41.0,1.0,3.0,3.0,3.0,0,14.7,1,103.927,168.446,7.0,6.0,3.0,5.0,5.0,6.0,,,2.0,3.0,1.0,,1.0,3.0,2.0,5.333333333333333
1226333f-de2d-4520-998a-105cf7abd0c3,H2,H,2.0,intellectual,1,O1,REL,1,REL,1,1,True,5.0,3.8,7.0,6.25,6.666666666666667,6.0,5.75,5.75,7.0,51.0,0.0,5.0,0.0,2.0,0,18.85,1,69.364,164.636,6.0,6.0,6.0,5.0,6.0,6.0,6.0,1.0,,2.0,3.0,1.0,,2.0,3.0,6.0
1226333f-de2d-4520-998a-105cf7abd0c3,H2,H,2.0,intellectual,1,O1,ADV,2,REL,1,1,True,5.0,3.8,7.0,6.25,6.666666666666667,6.0,5.75,5.75,7.0,51.0,0.0,5.0,0.0,2.0,0,18.85,1,103.787,211.066,6.0,6.0,6.0,5.0,7.0,7.0,6.0,1.0,,2.0,3.0,1.0,,2.0,3.0,6.0
1226333f-de2d-4520-998a-105cf7abd0c3,H2,H,2.0,intellectual,1,O1,COL,3,REL,1,1,True,5.0,3.8,7.0,6.25,6.666666666666667,6.0,5.75,5.75,7.0,51.0,0.0,5.0,0.0,2.0,0,18.85,1,261.5,319.883,7.0,7.0,7.0,6.0,6.0,6.0,6.0,1.0,,2.0,3.0,1.0,,2.0,3.0,7.0
9bb2a9d9-6ba5-4ae4-9a6c-89decc58032b,HA1,HA,1.0,no mention,1,O6,COL,1,COL,1,1,True,6.0,4.5,5.4,3.0,4.333333333333333,5.6,6.0,5.5,6.0,53.0,0.0,5.0,0.0,0.0,0,18.816666666666666,1,115.388,272.411,6.0,6.0,7.0,5.0,6.0,6.0,5.0,3.0,1.0,2.0,4.0,1.0,2.0,3.0,4.0,6.333333333333333
9bb2a9d9-6ba5-4ae4-9a6c-89decc58032b,HA1,HA,1.0,no mention,1,O6,ADV,2,COL,1,1,True,6.0,4.5,5.4,3.0,4.333333333333333,5.6,6.0,5.5,6.0,53.0,0.0,5.0,0.0,0.0,0,18.816666666666666,1,103.885,221.313,7.0,7.0,7.0,6.0,5.0,5.0,6.0,3.0,2.0,1.0,4.0,3.0,2.0,1.0,4.0,7.0
9bb2a9d9-6ba5-4ae4-9a6c-89decc58032b,HA1,HA,1.0,no mention,1,O6,REL,3,COL,1,1,True,6.0,4.5,5.4,3.0,4.333333333333333,5.6,6.0,5.5,6.0,53.0,0.0,5.0,0.0,0.0,0,18.816666666666666,1,69.405,165.749,7.0,7.0,7.0,6.0,6.0,6.0,6.0,1.0,2.0,3.0,4.0,1.0,3.0,2.0,4.0,7.0
f6c5bdff-6ba7-4984-86e2-3d459bb154af,HA3,HA,3.0,mobility,1,O1,REL,1,REL,1,1,True,6.0,3.4,5.2,6.0,5.555555555555555,4.4,4.25,5.5,5.0,34.0,1.0,5.0,2.0,2.0,0,15.983333333333333,1,69.415,161.413,6.0,6.0,7.0,7.0,6.0,7.0,5.0,2.0,3.0,4.0,1.0,2.0,4.0,3.0,1.0,6.333333333333333
f6c5bdff-6ba7-4984-86e2-3d459bb154af,HA3,HA,3.0,mobility,1,O1,ADV,2,REL,1,1,True,6.0,3.4,5.2,6.0,5.555555555555555,4.4,4.25,5.5,5.0,34.0,1.0,5.0,2.0,2.0,0,15.983333333333333,1,103.824,212.53,4.0,4.0,3.0,3.0,6.0,6.0,6.0,2.0,4.0,3.0,1.0,3.0,4.0,2.0,1.0,3.6666666666666665
f6c5bdff-6ba7-4984-86e2-3d459bb154af,HA3,HA,3.0,mobility,1,O1,COL,3,REL,1,1,True,6.0,3.4,5.2,6.0,5.555555555555555,4.4,4.25,5.5,5.0,34.0,1.0,5.0,2.0,2.0,0,15.983333333333333,1,115.297,166.281,5.0,6.0,5.0,5.0,6.0,6.0,6.0,4.0,3.0,2.0,1.0,4.0,3.0,2.0,1.0,5.333333333333333
3e635e6f-cfda-4f3f-a234-d29da3795ade,HA1,HA,1.0,no mention,1,O3,COL,1,COL,1,1,True,3.0,4.2,4.4,2.25,3.4444444444444446,6.4,5.5,6.25,5.666666666666667,51.0,1.0,5.0,0.0,5.0,0,18.183333333333334,1,115.366,321.572,7.0,7.0,7.0,7.0,5.0,7.0,5.0,3.0,1.0,2.0,4.0,3.0,1.0,2.0,4.0,7.0
3e635e6f-cfda-4f3f-a234-d29da3795ade,HA1,HA,1.0,no mention,1,O3,REL,2,COL,1,1,True,3.0,4.2,4.4,2.25,3.4444444444444446,6.4,5.5,6.25,5.666666666666667,51.0,1.0,5.0,0.0,5.0,0,18.183333333333334,1,69.334,189.092,4.0,6.0,5.0,5.0,6.0,7.0,6.0,3.0,1.0,2.0,4.0,1.0,2.0,3.0,4.0,5.0
3e635e6f-cfda-4f3f-a234-d29da3795ade,HA1,HA,1.0,no mention,1,O3,ADV,3,COL,1,1,True,3.0,4.2,4.4,2.25,3.4444444444444446,6.4,5.5,6.25,5.666666666666667,51.0,1.0,5.0,0.0,5.0,0,18.183333333333334,1,103.874,177.301,7.0,7.0,7.0,7.0,6.0,7.0,5.0,3.0,1.0,2.0,4.0,3.0,1.0,2.0,4.0,7.0
1c618aca-7f8a-4eb3-be6c-cbf56c4c0e4b,H1,H,1.0,no mention,1,O2,ADV,1,ADV,1,1,True,2.0,3.9,6.0,4.75,5.444444444444445,5.8,5.75,4.75,6.0,40.0,1.0,5.0,1.0,3.0,0,12.65,1,103.762,194.805,6.0,6.0,5.0,6.0,6.0,6.0,6.0,1.0,,2.0,3.0,1.0,,3.0,2.0,5.666666666666667
1c618aca-7f8a-4eb3-be6c-cbf56c4c0e4b,H1,H,1.0,no mention,1,O2,COL,2,ADV,1,1,True,2.0,3.9,6.0,4.75,5.444444444444445,5.8,5.75,4.75,6.0,40.0,1.0,5.0,1.0,3.0,0,12.65,1,115.314,179.713,3.0,4.0,4.0,6.0,6.0,5.0,7.0,2.0,,3.0,1.0,2.0,,3.0,1.0,3.6666666666666665
1c618aca-7f8a-4eb3-be6c-cbf56c4c0e4b,H1,H,1.0,no mention,1,O2,REL,3,ADV,1,1,True,2.0,3.9,6.0,4.75,5.444444444444445,5.8,5.75,4.75,6.0,40.0,1.0,5.0,1.0,3.0,0,12.65,1,69.307,125.296,6.0,6.0,6.0,7.0,7.0,7.0,7.0,2.0,,1.0,3.0,1.0,,2.0,3.0,6.0
70a83f04-10e2-4a84-9359-31eb80ea2e48,A,A,,AI (no operator),0,O5,ADV,1,ADV,1,1,True,6.0,4.6,2.6,2.5,2.5555555555555554,4.8,4.0,2.0,1.6666666666666667,51.0,1.0,3.0,4.0,5.0,0,13.233333333333333,1,103.86,198.782,2.0,2.0,2.0,1.0,2.0,3.0,,,1.0,2.0,3.0,,2.0,3.0,1.0,2.0
70a83f04-10e2-4a84-9359-31eb80ea2e48,A,A,,AI (no operator),0,O5,REL,2,ADV,1,1,True,6.0,4.6,2.6,2.5,2.5555555555555554,4.8,4.0,2.0,1.6666666666666667,51.0,1.0,3.0,4.0,5.0,0,13.233333333333333,1,69.387,124.211,2.0,2.0,2.0,1.0,1.0,3.0,,,1.0,2.0,3.0,,1.0,2.0,3.0,2.0
70a83f04-10e2-4a84-9359-31eb80ea2e48,A,A,,AI (no operator),0,O5,COL,3,ADV,1,1,True,6.0,4.6,2.6,2.5,2.5555555555555554,4.8,4.0,2.0,1.6666666666666667,51.0,1.0,3.0,4.0,5.0,0,13.233333333333333,1,115.334,182.091,4.0,4.0,2.0,2.0,1.0,5.0,,,1.0,3.0,2.0,,2.0,3.0,1.0,3.3333333333333335
1494532b-9dd3-40aa-b8a4-0f67127e28b4,HA3,HA,3.0,mobility,1,O6,COL,1,COL,1,0,True,6.0,3.3,6.2,5.0,5.666666666666667,5.0,4.75,5.75,5.0,46.0,0.0,5.0,0.0,4.0,1,31.733333333333334,1,137.003,1229.476,7.0,5.0,7.0,6.0,5.0,7.0,5.0,1.0,2.0,3.0,4.0,1.0,2.0,3.0,4.0,6.333333333333333
1494532b-9dd3-40aa-b8a4-0f67127e28b4,HA3,HA,3.0,mobility,1,O6,ADV,2,COL,1,0,True,6.0,3.3,6.2,5.0,5.666666666666667,5.0,4.75,5.75,5.0,46.0,0.0,5.0,0.0,4.0,1,31.733333333333334,1,104.278,205.118,5.0,5.0,7.0,4.0,5.0,5.0,6.0,1.0,2.0,3.0,4.0,2.0,1.0,3.0,4.0,5.666666666666667
1494532b-9dd3-40aa-b8a4-0f67127e28b4,HA3,HA,3.0,mobility,1,O6,REL,3,COL,1,0,True,6.0,3.3,6.2,5.0,5.666666666666667,5.0,4.75,5.75,5.0,46.0,0.0,5.0,0.0,4.0,1,31.733333333333334,1,69.919,142.208,6.0,5.0,7.0,4.0,6.0,5.0,6.0,1.0,2.0,3.0,4.0,1.0,2.0,3.0,4.0,6.0
4a4b96bf-d63f-4bec-860f-b9e88fc2ab56,H2,H,2.0,intellectual,1,O2,ADV,1,ADV,1,1,True,5.0,2.6,5.8,5.75,5.777777777777778,5.2,6.0,7.0,7.0,32.0,1.0,4.0,3.0,2.0,0,27.333333333333332,1,103.737,258.736,7.0,7.0,7.0,7.0,7.0,7.0,3.0,2.0,,3.0,1.0,1.0,,3.0,2.0,7.0
4a4b96bf-d63f-4bec-860f-b9e88fc2ab56,H2,H,2.0,intellectual,1,O2,COL,2,ADV,1,1,True,5.0,2.6,5.8,5.75,5.777777777777778,5.2,6.0,7.0,7.0,32.0,1.0,4.0,3.0,2.0,0,27.333333333333332,1,164.19,548.3,7.0,6.0,6.0,7.0,6.0,6.0,6.0,1.0,,2.0,3.0,1.0,,3.0,2.0,6.333333333333333
4a4b96bf-d63f-4bec-860f-b9e88fc2ab56,H2,H,2.0,intellectual,1,O2,REL,3,ADV,1,1,True,5.0,2.6,5.8,5.75,5.777777777777778,5.2,6.0,7.0,7.0,32.0,1.0,4.0,3.0,2.0,0,27.333333333333332,1,69.37,144.311,6.0,7.0,7.0,6.0,7.0,7.0,7.0,3.0,,2.0,1.0,2.0,,1.0,3.0,6.666666666666667
d02ab038-37e6-4d2a-a962-773727238a8a,H2,H,2.0,intellectual,1,O6,COL,1,COL,1,0,True,5.0,3.0,5.4,5.5,5.444444444444445,5.0,5.5,7.0,7.0,42.0,0.0,5.0,1.0,2.0,0,14.533333333333333,1,128.113,190.84,5.0,4.0,7.0,4.0,5.0,5.0,4.0,1.0,,2.0,3.0,1.0,,2.0,3.0,5.333333333333333
d02ab038-37e6-4d2a-a962-773727238a8a,H2,H,2.0,intellectual,1,O6,ADV,2,COL,1,0,True,5.0,3.0,5.4,5.5,5.444444444444445,5.0,5.5,7.0,7.0,42.0,0.0,5.0,1.0,2.0,0,14.533333333333333,1,104.04,166.16,7.0,6.0,7.0,5.0,5.0,6.0,5.0,1.0,,2.0,3.0,1.0,,2.0,3.0,6.666666666666667
d02ab038-37e6-4d2a-a962-773727238a8a,H2,H,2.0,intellectual,1,O6,REL,3,COL,1,0,True,5.0,3.0,5.4,5.5,5.444444444444445,5.0,5.5,7.0,7.0,42.0,0.0,5.0,1.0,2.0,0,14.533333333333333,1,127.989,167.39,6.0,6.0,7.0,6.0,6.0,6.0,6.0,1.0,,2.0,3.0,1.0,,2.0,3.0,6.333333333333333
d6cd762e-92d2-4e2e-944c-8f9120c5563f,H1,H,1.0,no mention,1,O4,REL,1,REL,1,1,True,7.0,2.4,5.2,3.75,4.555555555555555,6.8,7.0,7.0,5.0,47.0,0.0,4.0,0.0,5.0,0,12.333333333333334,1,74.95,191.456,7.0,7.0,7.0,6.0,6.0,7.0,7.0,1.0,,2.0,3.0,1.0,,2.0,3.0,7.0
d6cd762e-92d2-4e2e-944c-8f9120c5563f,H1,H,1.0,no mention,1,O4,COL,2,REL,1,1,True,7.0,2.4,5.2,3.75,4.555555555555555,6.8,7.0,7.0,5.0,47.0,0.0,4.0,0.0,5.0,0,12.333333333333334,1,115.505,167.084,7.0,7.0,7.0,7.0,6.0,6.0,7.0,1.0,,2.0,3.0,1.0,,2.0,3.0,7.0
d6cd762e-92d2-4e2e-944c-8f9120c5563f,H1,H,1.0,no mention,1,O4,ADV,3,REL,1,1,True,7.0,2.4,5.2,3.75,4.555555555555555,6.8,7.0,7.0,5.0,47.0,0.0,4.0,0.0,5.0,0,12.333333333333334,1,104.003,142.044,7.0,7.0,7.0,7.0,7.0,7.0,7.0,1.0,,2.0,3.0,1.0,,2.0,3.0,7.0
76d6c310-7118-4164-b433-38560deda0f5,H3,H,3.0,mobility,1,O1,REL,1,REL,1,1,True,2.0,4.7,5.4,3.75,4.666666666666667,5.0,4.25,5.25,4.333333333333333,65.0,0.0,4.0,0.0,3.0,0,19.683333333333334,1,179.299,224.598,5.0,6.0,2.0,6.0,6.0,6.0,6.0,1.0,,2.0,3.0,1.0,,2.0,3.0,4.333333333333333
76d6c310-7118-4164-b433-38560deda0f5,H3,H,3.0,mobility,1,O1,ADV,2,REL,1,1,True,2.0,4.7,5.4,3.75,4.666666666666667,5.0,4.25,5.25,4.333333333333333,65.0,0.0,4.0,0.0,3.0,0,19.683333333333334,1,152.827,262.327,6.0,6.0,3.0,6.0,6.0,6.0,6.0,2.0,,3.0,1.0,1.0,,3.0,2.0,5.0
76d6c310-7118-4164-b433-38560deda0f5,H3,H,3.0,mobility,1,O1,COL,3,REL,1,1,True,2.0,4.7,5.4,3.75,4.666666666666667,5.0,4.25,5.25,4.333333333333333,65.0,0.0,4.0,0.0,3.0,0,19.683333333333334,1,127.67,311.538,4.0,4.0,2.0,5.0,6.0,5.0,6.0,1.0,,2.0,3.0,2.0,,3.0,1.0,3.3333333333333335
a7617287-8483-4103-9088-c9585d6326bc,H1,H,1.0,no mention,1,O1,REL,1,REL,1,1,True,7.0,1.0,7.0,7.0,7.0,5.4,6.75,7.0,7.0,30.0,0.0,5.0,5.0,5.0,0,16.466666666666665,1,69.357,407.4,5.0,5.0,5.0,5.0,6.0,6.0,6.0,1.0,,2.0,3.0,1.0,,2.0,3.0,5.0
a7617287-8483-4103-9088-c9585d6326bc,H1,H,1.0,no mention,1,O1,ADV,2,REL,1,1,True,7.0,1.0,7.0,7.0,7.0,5.4,6.75,7.0,7.0,30.0,0.0,5.0,5.0,5.0,0,16.466666666666665,1,103.839,160.518,7.0,7.0,7.0,7.0,7.0,7.0,7.0,1.0,,2.0,3.0,1.0,,2.0,3.0,7.0
a7617287-8483-4103-9088-c9585d6326bc,H1,H,1.0,no mention,1,O1,COL,3,REL,1,1,True,7.0,1.0,7.0,7.0,7.0,5.4,6.75,7.0,7.0,30.0,0.0,5.0,5.0,5.0,0,16.466666666666665,1,115.269,161.476,7.0,7.0,7.0,7.0,7.0,7.0,7.0,1.0,,2.0,3.0,1.0,,2.0,3.0,7.0
35d63674-c43c-46f8-8ab3-4c8e01f8d340,HA2,HA,2.0,intellectual,1,O4,REL,1,REL,1,1,True,5.0,2.4,6.8,6.0,6.444444444444445,5.0,5.5,5.5,5.333333333333333,22.0,0.0,5.0,2.0,3.0,0,13.4,1,69.326,198.173,6.0,5.0,5.0,3.0,6.0,5.0,4.0,1.0,2.0,3.0,4.0,2.0,3.0,4.0,1.0,5.333333333333333
35d63674-c43c-46f8-8ab3-4c8e01f8d340,HA2,HA,2.0,intellectual,1,O4,COL,2,REL,1,1,True,5.0,2.4,6.8,6.0,6.444444444444445,5.0,5.5,5.5,5.333333333333333,22.0,0.0,5.0,2.0,3.0,0,13.4,1,115.235,194.39,6.0,5.0,5.0,3.0,6.0,6.0,4.0,1.0,2.0,3.0,4.0,4.0,3.0,2.0,1.0,5.333333333333333
35d63674-c43c-46f8-8ab3-4c8e01f8d340,HA2,HA,2.0,intellectual,1,O4,ADV,3,REL,1,1,True,5.0,2.4,6.8,6.0,6.444444444444445,5.0,5.5,5.5,5.333333333333333,22.0,0.0,5.0,2.0,3.0,0,13.4,1,103.766,169.451,5.0,6.0,6.0,6.0,5.0,5.0,4.0,1.0,3.0,2.0,4.0,2.0,3.0,4.0,1.0,5.666666666666667
eceec80d-adb9-4b18-9092-c0caaf238939,H2,H,2.0,intellectual,1,O4,REL,1,REL,1,1,True,5.0,4.6,4.0,4.0,4.0,6.2,6.25,5.25,4.0,34.0,1.0,3.0,3.0,1.0,0,26.85,1,69.391,140.08,6.0,6.0,6.0,7.0,6.0,6.0,6.0,1.0,,2.0,3.0,1.0,,2.0,3.0,6.0
eceec80d-adb9-4b18-9092-c0caaf238939,H2,H,2.0,intellectual,1,O4,COL,2,REL,1,1,True,5.0,4.6,4.0,4.0,4.0,6.2,6.25,5.25,4.0,34.0,1.0,3.0,3.0,1.0,0,26.85,1,115.273,172.533,6.0,6.0,5.0,5.0,6.0,6.0,7.0,1.0,,2.0,3.0,1.0,,2.0,3.0,5.666666666666667
eceec80d-adb9-4b18-9092-c0caaf238939,H2,H,2.0,intellectual,1,O4,ADV,3,REL,1,1,True,5.0,4.6,4.0,4.0,4.0,6.2,6.25,5.25,4.0,34.0,1.0,3.0,3.0,1.0,0,26.85,1,103.831,130.245,6.0,7.0,6.0,6.0,6.0,7.0,7.0,1.0,,2.0,3.0,1.0,,2.0,3.0,6.333333333333333
17db936e-b072-4dce-a4b8-d504175735eb,A,A,,AI (no operator),0,O6,COL,1,COL,1,1,True,6.0,3.4,4.6,4.75,4.666666666666667,7.0,7.0,5.5,6.0,24.0,0.0,5.0,3.0,1.0,0,9.15,1,116.044,196.187,6.0,5.0,4.0,4.0,5.0,7.0,,,2.0,3.0,1.0,,3.0,2.0,1.0,5.0
17db936e-b072-4dce-a4b8-d504175735eb,A,A,,AI (no operator),0,O6,ADV,2,COL,1,1,True,6.0,3.4,4.6,4.75,4.666666666666667,7.0,7.0,5.5,6.0,24.0,0.0,5.0,3.0,1.0,0,9.15,1,104.164,131.082,5.0,4.0,6.0,5.0,4.0,3.0,,,2.0,1.0,3.0,,1.0,3.0,2.0,5.0
17db936e-b072-4dce-a4b8-d504175735eb,A,A,,AI (no operator),0,O6,REL,3,COL,1,1,True,6.0,3.4,4.6,4.75,4.666666666666667,7.0,7.0,5.5,6.0,24.0,0.0,5.0,3.0,1.0,0,9.15,1,70.139,93.518,5.0,3.0,2.0,6.0,4.0,3.0,,,2.0,1.0,3.0,,1.0,3.0,2.0,3.3333333333333335
36136b43-8a38-4b95-8834-0bd8b77e929b,HA2,HA,2.0,intellectual,1,O2,ADV,1,ADV,1,1,True,6.0,2.4,7.0,5.5,6.333333333333333,6.2,6.5,7.0,7.0,45.0,1.0,4.0,1.0,2.0,0,14.75,1,104.286,251.071,7.0,7.0,7.0,7.0,7.0,7.0,7.0,4.0,3.0,2.0,1.0,4.0,3.0,2.0,1.0,7.0
36136b43-8a38-4b95-8834-0bd8b77e929b,HA2,HA,2.0,intellectual,1,O2,COL,2,ADV,1,1,True,6.0,2.4,7.0,5.5,6.333333333333333,6.2,6.5,7.0,7.0,45.0,1.0,4.0,1.0,2.0,0,14.75,1,116.238,209.973,7.0,7.0,7.0,7.0,7.0,7.0,7.0,4.0,3.0,2.0,1.0,4.0,3.0,2.0,1.0,7.0
36136b43-8a38-4b95-8834-0bd8b77e929b,HA2,HA,2.0,intellectual,1,O2,REL,3,ADV,1,1,True,6.0,2.4,7.0,5.5,6.333333333333333,6.2,6.5,7.0,7.0,45.0,1.0,4.0,1.0,2.0,0,14.75,1,69.416,127.421,7.0,7.0,7.0,7.0,7.0,7.0,7.0,4.0,3.0,2.0,1.0,4.0,3.0,2.0,1.0,7.0
afe6a0f8-a255-4c1c-bc37-4559eb17d0c8,HA1,HA,1.0,no mention,1,O5,ADV,1,ADV,1,1,True,2.0,2.8,4.8,5.25,5.0,3.6,4.25,3.75,4.0,38.0,1.0,4.0,1.0,2.0,0,20.266666666666666,1,212.754,573.482,5.0,5.0,6.0,6.0,6.0,6.0,6.0,2.0,4.0,3.0,1.0,2.0,4.0,3.0,1.0,5.333333333333333
afe6a0f8-a255-4c1c-bc37-4559eb17d0c8,HA1,HA,1.0,no mention,1,O5,REL,2,ADV,1,1,True,2.0,2.8,4.8,5.25,5.0,3.6,4.25,3.75,4.0,38.0,1.0,4.0,1.0,2.0,0,20.266666666666666,1,142.216,154.673,5.0,5.0,5.0,5.0,5.0,5.0,5.0,1.0,3.0,2.0,4.0,1.0,3.0,2.0,4.0,5.0
afe6a0f8-a255-4c1c-bc37-4559eb17d0c8,HA1,HA,1.0,no mention,1,O5,COL,3,ADV,1,1,True,2.0,2.8,4.8,5.25,5.0,3.6,4.25,3.75,4.0,38.0,1.0,4.0,1.0,2.0,0,20.266666666666666,1,115.35,168.441,5.0,5.0,5.0,5.0,6.0,6.0,6.0,2.0,4.0,3.0,1.0,2.0,4.0,3.0,1.0,5.0
8ee7ff58-a7bc-497f-9f68-edde8dd8d0fb,HA3,HA,3.0,mobility,1,O2,ADV,1,ADV,1,1,True,6.0,1.4,7.0,6.0,6.555555555555555,4.2,4.5,7.0,7.0,38.0,1.0,5.0,0.0,1.0,1,12.133333333333333,1,104.011,183.98,7.0,7.0,7.0,7.0,5.0,7.0,4.0,3.0,2.0,1.0,4.0,3.0,2.0,1.0,4.0,7.0
8ee7ff58-a7bc-497f-9f68-edde8dd8d0fb,HA3,HA,3.0,mobility,1,O2,COL,2,ADV,1,1,True,6.0,1.4,7.0,6.0,6.555555555555555,4.2,4.5,7.0,7.0,38.0,1.0,5.0,0.0,1.0,1,12.133333333333333,1,115.483,191.263,7.0,7.0,7.0,5.0,5.0,7.0,4.0,3.0,1.0,2.0,4.0,3.0,2.0,1.0,4.0,7.0
8ee7ff58-a7bc-497f-9f68-edde8dd8d0fb,HA3,HA,3.0,mobility,1,O2,REL,3,ADV,1,1,True,6.0,1.4,7.0,6.0,6.555555555555555,4.2,4.5,7.0,7.0,38.0,1.0,5.0,0.0,1.0,1,12.133333333333333,1,69.555,130.914,7.0,7.0,7.0,7.0,7.0,7.0,1.0,3.0,1.0,2.0,4.0,3.0,1.0,2.0,4.0,7.0
c5b1e737-1b78-4969-af33-fea6b742817f,H2,H,2.0,intellectual,1,O5,ADV,1,ADV,1,1,True,5.0,2.4,5.6,5.0,5.333333333333333,3.2,6.5,6.75,5.666666666666667,34.0,1.0,5.0,3.0,3.0,0,17.65,1,246.482,253.465,6.0,6.0,7.0,5.0,6.0,6.0,7.0,1.0,,2.0,3.0,2.0,,3.0,1.0,6.333333333333333
c5b1e737-1b78-4969-af33-fea6b742817f,H2,H,2.0,intellectual,1,O5,REL,2,ADV,1,1,True,5.0,2.4,5.6,5.0,5.333333333333333,3.2,6.5,6.75,5.666666666666667,34.0,1.0,5.0,3.0,3.0,0,17.65,1,69.378,123.345,5.0,4.0,7.0,6.0,6.0,5.0,7.0,2.0,,3.0,1.0,1.0,,3.0,2.0,5.333333333333333
c5b1e737-1b78-4969-af33-fea6b742817f,H2,H,2.0,intellectual,1,O5,COL,3,ADV,1,1,True,5.0,2.4,5.6,5.0,5.333333333333333,3.2,6.5,6.75,5.666666666666667,34.0,1.0,5.0,3.0,3.0,0,17.65,1,126.31,157.096,5.0,7.0,7.0,5.0,5.0,7.0,7.0,1.0,,3.0,2.0,2.0,,3.0,1.0,6.333333333333333
6240cbf7-49c2-4c42-add9-12120fbeded9,HA1,HA,1.0,no mention,1,O4,REL,1,REL,1,1,True,6.0,3.2,5.8,6.0,5.888888888888889,7.0,4.0,6.25,6.333333333333333,56.0,1.0,5.0,0.0,3.0,0,18.183333333333334,1,69.317,184.102,5.0,5.0,7.0,7.0,6.0,6.0,6.0,1.0,2.0,3.0,4.0,1.0,2.0,3.0,4.0,5.666666666666667
6240cbf7-49c2-4c42-add9-12120fbeded9,HA1,HA,1.0,no mention,1,O4,COL,2,REL,1,1,True,6.0,3.2,5.8,6.0,5.888888888888889,7.0,4.0,6.25,6.333333333333333,56.0,1.0,5.0,0.0,3.0,0,18.183333333333334,1,115.261,195.538,6.0,6.0,7.0,7.0,6.0,6.0,6.0,1.0,2.0,3.0,4.0,1.0,2.0,3.0,4.0,6.333333333333333
6240cbf7-49c2-4c42-add9-12120fbeded9,HA1,HA,1.0,no mention,1,O4,ADV,3,REL,1,1,True,6.0,3.2,5.8,6.0,5.888888888888889,7.0,4.0,6.25,6.333333333333333,56.0,1.0,5.0,0.0,3.0,0,18.183333333333334,1,103.799,176.949,5.0,6.0,7.0,6.0,6.0,6.0,6.0,1.0,2.0,3.0,4.0,1.0,2.0,3.0,4.0,6.0
83443f10-b343-4799-b417-33540c4c6f7a,HA3,HA,3.0,mobility,1,O3,COL,1,COL,1,1,True,5.0,3.8,5.0,5.5,5.222222222222222,6.0,4.0,5.5,3.3333333333333335,53.0,1.0,5.0,0.0,2.0,0,20.483333333333334,1,115.342,321.417,5.0,5.0,5.0,3.0,6.0,6.0,6.0,2.0,4.0,3.0,1.0,3.0,4.0,1.0,2.0,5.0
83443f10-b343-4799-b417-33540c4c6f7a,HA3,HA,3.0,mobility,1,O3,REL,2,COL,1,1,True,5.0,3.8,5.0,5.5,5.222222222222222,6.0,4.0,5.5,3.3333333333333335,53.0,1.0,5.0,0.0,2.0,0,20.483333333333334,1,69.398,222.06,4.0,2.0,2.0,2.0,6.0,5.0,3.0,3.0,1.0,2.0,4.0,2.0,1.0,3.0,4.0,2.6666666666666665
83443f10-b343-4799-b417-33540c4c6f7a,HA3,HA,3.0,mobility,1,O3,ADV,3,COL,1,1,True,5.0,3.8,5.0,5.5,5.222222222222222,6.0,4.0,5.5,3.3333333333333335,53.0,1.0,5.0,0.0,2.0,0,20.483333333333334,1,103.593,229.007,5.0,6.0,4.0,5.0,5.0,4.0,2.0,2.0,1.0,3.0,4.0,2.0,1.0,3.0,4.0,5.0
16ccb80e-a010-45c5-bd58-4bbdf0219048,H2,H,2.0,intellectual,1,O3,COL,1,COL,1,1,True,5.0,3.9,4.8,4.75,4.777777777777778,5.0,5.0,5.0,5.0,38.0,1.0,4.0,3.0,4.0,0,22.366666666666667,1,115.311,279.379,5.0,5.0,5.0,5.0,4.0,5.0,4.0,1.0,,2.0,3.0,1.0,,2.0,3.0,5.0
16ccb80e-a010-45c5-bd58-4bbdf0219048,H2,H,2.0,intellectual,1,O3,REL,2,COL,1,1,True,5.0,3.9,4.8,4.75,4.777777777777778,5.0,5.0,5.0,5.0,38.0,1.0,4.0,3.0,4.0,0,22.366666666666667,1,69.435,139.487,5.0,5.0,5.0,5.0,5.0,5.0,5.0,1.0,,2.0,3.0,1.0,,2.0,3.0,5.0
16ccb80e-a010-45c5-bd58-4bbdf0219048,H2,H,2.0,intellectual,1,O3,ADV,3,COL,1,1,True,5.0,3.9,4.8,4.75,4.777777777777778,5.0,5.0,5.0,5.0,38.0,1.0,4.0,3.0,4.0,0,22.366666666666667,1,103.825,148.318,5.0,5.0,5.0,5.0,5.0,5.0,5.0,1.0,,2.0,3.0,1.0,,2.0,3.0,5.0
84ff0a36-c23d-44ed-aaa0-c88fb0a061aa,H1,H,1.0,no mention,1,O3,COL,1,COL,1,1,True,6.0,3.2,6.6,5.75,6.222222222222222,4.4,5.25,4.75,5.0,21.0,0.0,5.0,5.0,4.0,0,17.3,1,186.864,303.375,6.0,7.0,5.0,3.0,6.0,5.0,7.0,3.0,,2.0,1.0,3.0,,2.0,1.0,6.0
84ff0a36-c23d-44ed-aaa0-c88fb0a061aa,H1,H,1.0,no mention,1,O3,REL,2,COL,1,1,True,6.0,3.2,6.6,5.75,6.222222222222222,4.4,5.25,4.75,5.0,21.0,0.0,5.0,5.0,4.0,0,17.3,1,80.499,131.975,5.0,6.0,4.0,7.0,7.0,4.0,6.0,1.0,,2.0,3.0,1.0,,2.0,3.0,5.0
84ff0a36-c23d-44ed-aaa0-c88fb0a061aa,H1,H,1.0,no mention,1,O3,ADV,3,COL,1,1,True,6.0,3.2,6.6,5.75,6.222222222222222,4.4,5.25,4.75,5.0,21.0,0.0,5.0,5.0,4.0,0,17.3,1,103.791,177.695,5.0,6.0,7.0,5.0,3.0,5.0,7.0,2.0,,1.0,3.0,2.0,,1.0,3.0,6.0
bc63571c-d01c-49a7-8820-8264a3181a5b,A,A,,AI (no operator),0,O1,REL,1,REL,1,1,True,3.0,5.0,3.8,5.75,4.666666666666667,4.6,5.0,2.75,4.0,62.0,1.0,4.0,0.0,5.0,1,13.666666666666666,1,69.628,149.05,6.0,5.0,4.0,5.0,5.0,5.0,,,1.0,2.0,3.0,,1.0,2.0,3.0,5.0
bc63571c-d01c-49a7-8820-8264a3181a5b,A,A,,AI (no operator),0,O1,ADV,2,REL,1,1,True,3.0,5.0,3.8,5.75,4.666666666666667,4.6,5.0,2.75,4.0,62.0,1.0,4.0,0.0,5.0,1,13.666666666666666,1,104.1,175.568,5.0,5.0,4.0,5.0,5.0,5.0,,,3.0,1.0,2.0,,3.0,1.0,2.0,4.666666666666667
bc63571c-d01c-49a7-8820-8264a3181a5b,A,A,,AI (no operator),0,O1,COL,3,REL,1,1,True,3.0,5.0,3.8,5.75,4.666666666666667,4.6,5.0,2.75,4.0,62.0,1.0,4.0,0.0,5.0,1,13.666666666666666,1,182.988,226.374,5.0,6.0,4.0,5.0,5.0,5.0,,,2.0,1.0,3.0,,2.0,1.0,3.0,5.0
c9175693-aa12-4011-b1fb-7fff89a1371e,H1,H,1.0,no mention,1,O6,COL,1,COL,1,1,True,7.0,2.8,6.2,5.5,5.888888888888889,4.4,5.0,6.75,6.666666666666667,23.0,0.0,5.0,0.0,1.0,0,12.1,1,115.274,161.606,7.0,7.0,7.0,6.0,7.0,7.0,7.0,2.0,,1.0,3.0,1.0,,2.0,3.0,7.0
c9175693-aa12-4011-b1fb-7fff89a1371e,H1,H,1.0,no mention,1,O6,ADV,2,COL,1,1,True,7.0,2.8,6.2,5.5,5.888888888888889,4.4,5.0,6.75,6.666666666666667,23.0,0.0,5.0,0.0,1.0,0,12.1,1,103.836,169.827,7.0,7.0,7.0,7.0,7.0,7.0,7.0,3.0,,1.0,2.0,2.0,,1.0,3.0,7.0
c9175693-aa12-4011-b1fb-7fff89a1371e,H1,H,1.0,no mention,1,O6,REL,3,COL,1,1,True,7.0,2.8,6.2,5.5,5.888888888888889,4.4,5.0,6.75,6.666666666666667,23.0,0.0,5.0,0.0,1.0,0,12.1,1,69.372,117.142,7.0,7.0,7.0,7.0,7.0,7.0,7.0,1.0,,2.0,3.0,1.0,,2.0,3.0,7.0
5be4985a-778e-4020-b41e-0908fa399bb0,H3,H,3.0,mobility,1,O2,ADV,1,ADV,1,1,True,7.0,1.8,7.0,6.75,6.888888888888889,4.6,6.0,6.5,6.666666666666667,29.0,0.0,5.0,1.0,5.0,0,17.983333333333334,1,108.443,264.965,6.0,6.0,7.0,7.0,7.0,6.0,7.0,2.0,,3.0,1.0,1.0,,3.0,2.0,6.333333333333333
5be4985a-778e-4020-b41e-0908fa399bb0,H3,H,3.0,mobility,1,O2,COL,2,ADV,1,1,True,7.0,1.8,7.0,6.75,6.888888888888889,4.6,6.0,6.5,6.666666666666667,29.0,0.0,5.0,1.0,5.0,0,17.983333333333334,1,116.08,237.895,6.0,7.0,7.0,6.0,6.0,7.0,7.0,1.0,,3.0,2.0,1.0,,3.0,2.0,6.666666666666667
5be4985a-778e-4020-b41e-0908fa399bb0,H3,H,3.0,mobility,1,O2,REL,3,ADV,1,1,True,7.0,1.8,7.0,6.75,6.888888888888889,4.6,6.0,6.5,6.666666666666667,29.0,0.0,5.0,1.0,5.0,0,17.983333333333334,1,69.516,145.875,6.0,6.0,7.0,7.0,7.0,6.0,7.0,1.0,,2.0,3.0,1.0,,3.0,2.0,6.333333333333333
277e94b6-5317-4bfd-b54e-6f1bdd825a38,A,A,,AI (no operator),0,O4,REL,1,REL,1,1,True,5.0,4.0,2.4,1.75,2.111111111111111,3.6,4.0,1.0,1.0,37.0,1.0,0.0,2.0,2.0,0,26.6,1,76.277,198.689,2.0,2.0,1.0,1.0,2.0,2.0,,,1.0,2.0,3.0,,1.0,2.0,3.0,1.6666666666666667
277e94b6-5317-4bfd-b54e-6f1bdd825a38,A,A,,AI (no operator),0,O4,COL,2,REL,1,1,True,5.0,4.0,2.4,1.75,2.111111111111111,3.6,4.0,1.0,1.0,37.0,1.0,0.0,2.0,2.0,0,26.6,1,121.388,486.662,4.0,4.0,1.0,1.0,2.0,4.0,,,1.0,3.0,2.0,,1.0,2.0,3.0,3.0
277e94b6-5317-4bfd-b54e-6f1bdd825a38,A,A,,AI (no operator),0,O4,ADV,3,REL,1,1,True,5.0,4.0,2.4,1.75,2.111111111111111,3.6,4.0,1.0,1.0,37.0,1.0,0.0,2.0,2.0,0,26.6,1,110.02,348.859,4.0,4.0,1.0,1.0,3.0,4.0,,,2.0,3.0,1.0,,1.0,2.0,3.0,3.0
c0d53eea-4ba7-421e-ba75-3175f2f742f5,H3,H,3.0,mobility,1,O4,REL,1,REL,1,1,True,6.0,4.3,4.8,4.25,4.555555555555555,4.0,4.25,5.5,6.333333333333333,37.0,0.0,5.0,1.0,3.0,0,16.45,1,69.8,182.06,6.0,6.0,7.0,5.0,7.0,6.0,5.0,3.0,,1.0,2.0,3.0,,1.0,2.0,6.333333333333333
c0d53eea-4ba7-421e-ba75-3175f2f742f5,H3,H,3.0,mobility,1,O4,COL,2,REL,1,1,True,6.0,4.3,4.8,4.25,4.555555555555555,4.0,4.25,5.5,6.333333333333333,37.0,0.0,5.0,1.0,3.0,0,16.45,1,115.326,235.548,6.0,7.0,7.0,6.0,6.0,7.0,6.0,2.0,,1.0,3.0,2.0,,1.0,3.0,6.666666666666667
c0d53eea-4ba7-421e-ba75-3175f2f742f5,H3,H,3.0,mobility,1,O4,ADV,3,REL,1,1,True,6.0,4.3,4.8,4.25,4.555555555555555,4.0,4.25,5.5,6.333333333333333,37.0,0.0,5.0,1.0,3.0,0,16.45,1,104.007,192.983,6.0,7.0,7.0,5.0,6.0,5.0,5.0,3.0,,2.0,1.0,2.0,,1.0,3.0,6.666666666666667
b16ae556-fc47-47bd-b0e9-69331c7f0f52,H3,H,3.0,mobility,1,O5,ADV,1,ADV,1,1,True,3.0,3.5,4.8,5.75,5.222222222222222,2.6,4.5,4.75,4.0,,0.0,5.0,1.0,3.0,1,23.416666666666668,1,103.987,259.025,6.0,6.0,6.0,3.0,2.0,5.0,3.0,2.0,,3.0,1.0,2.0,,3.0,1.0,6.0
b16ae556-fc47-47bd-b0e9-69331c7f0f52,H3,H,3.0,mobility,1,O5,REL,2,ADV,1,1,True,3.0,3.5,4.8,5.75,5.222222222222222,2.6,4.5,4.75,4.0,,0.0,5.0,1.0,3.0,1,23.416666666666668,1,210.717,484.874,3.0,3.0,6.0,3.0,2.0,4.0,5.0,2.0,,3.0,1.0,2.0,,3.0,1.0,4.0
b16ae556-fc47-47bd-b0e9-69331c7f0f52,H3,H,3.0,mobility,1,O5,COL,3,ADV,1,1,True,3.0,3.5,4.8,5.75,5.222222222222222,2.6,4.5,4.75,4.0,,0.0,5.0,1.0,3.0,1,23.416666666666668,1,115.325,209.043,3.0,7.0,6.0,2.0,2.0,4.0,6.0,2.0,,3.0,1.0,2.0,,3.0,1.0,5.333333333333333
13a81a41-9d01-4668-9c0b-8a6773f5d2ea,H3,H,3.0,mobility,1,O6,COL,1,COL,1,1,True,3.0,4.9,5.0,4.75,4.888888888888889,4.8,5.5,3.0,2.0,23.0,0.0,5.0,1.0,1.0,1,9.666666666666666,1,115.56,173.393,5.0,6.0,4.0,4.0,5.0,6.0,6.0,1.0,,2.0,3.0,1.0,,2.0,3.0,5.0
13a81a41-9d01-4668-9c0b-8a6773f5d2ea,H3,H,3.0,mobility,1,O6,ADV,2,COL,1,1,True,3.0,4.9,5.0,4.75,4.888888888888889,4.8,5.5,3.0,2.0,23.0,0.0,5.0,1.0,1.0,1,9.666666666666666,1,104.039,156.399,5.0,5.0,4.0,5.0,5.0,6.0,5.0,1.0,,2.0,3.0,1.0,,2.0,3.0,4.666666666666667
13a81a41-9d01-4668-9c0b-8a6773f5d2ea,H3,H,3.0,mobility,1,O6,REL,3,COL,1,1,True,3.0,4.9,5.0,4.75,4.888888888888889,4.8,5.5,3.0,2.0,23.0,0.0,5.0,1.0,1.0,1,9.666666666666666,1,69.66,104.372,4.0,4.0,3.0,3.0,4.0,5.0,5.0,1.0,,2.0,3.0,1.0,,2.0,3.0,3.6666666666666665
02b04b0b-078b-4ed1-a487-cb0e90826b19,HA1,HA,1.0,no mention,1,O1,REL,1,REL,1,1,True,5.0,4.6,6.4,5.75,6.111111111111111,5.4,5.75,6.5,6.0,48.0,1.0,5.0,0.0,2.0,0,12.883333333333333,1,69.605,189.08,7.0,5.0,6.0,5.0,6.0,6.0,6.0,1.0,2.0,3.0,4.0,2.0,1.0,4.0,3.0,6.0
02b04b0b-078b-4ed1-a487-cb0e90826b19,HA1,HA,1.0,no mention,1,O1,ADV,2,REL,1,1,True,5.0,4.6,6.4,5.75,6.111111111111111,5.4,5.75,6.5,6.0,48.0,1.0,5.0,0.0,2.0,0,12.883333333333333,1,104.075,195.88,6.0,6.0,5.0,6.0,6.0,6.0,6.0,1.0,2.0,3.0,4.0,1.0,2.0,4.0,3.0,5.666666666666667
02b04b0b-078b-4ed1-a487-cb0e90826b19,HA1,HA,1.0,no mention,1,O1,COL,3,REL,1,1,True,5.0,4.6,6.4,5.75,6.111111111111111,5.4,5.75,6.5,6.0,48.0,1.0,5.0,0.0,2.0,0,12.883333333333333,1,121.774,174.667,6.0,7.0,6.0,7.0,7.0,7.0,7.0,2.0,1.0,4.0,3.0,2.0,3.0,4.0,1.0,6.333333333333333
a2ca5ef8-f8ad-4c6b-b91f-b1aa8853acdd,HA2,HA,2.0,intellectual,1,O5,ADV,1,ADV,1,1,True,6.0,2.7,5.0,4.75,4.888888888888889,5.2,4.0,4.25,6.0,58.0,1.0,5.0,2.0,5.0,0,15.15,1,103.798,256.76,6.0,6.0,6.0,6.0,5.0,6.0,3.0,2.0,4.0,1.0,3.0,2.0,4.0,1.0,3.0,6.0
a2ca5ef8-f8ad-4c6b-b91f-b1aa8853acdd,HA2,HA,2.0,intellectual,1,O5,REL,2,ADV,1,1,True,6.0,2.7,5.0,4.75,4.888888888888889,5.2,4.0,4.25,6.0,58.0,1.0,5.0,2.0,5.0,0,15.15,1,69.34,168.696,6.0,6.0,6.0,6.0,4.0,6.0,5.0,1.0,3.0,2.0,4.0,1.0,3.0,2.0,4.0,6.0
a2ca5ef8-f8ad-4c6b-b91f-b1aa8853acdd,HA2,HA,2.0,intellectual,1,O5,COL,3,ADV,1,1,True,6.0,2.7,5.0,4.75,4.888888888888889,5.2,4.0,4.25,6.0,58.0,1.0,5.0,2.0,5.0,0,15.15,1,115.273,165.646,5.0,6.0,5.0,5.0,4.0,6.0,5.0,1.0,3.0,2.0,4.0,1.0,3.0,2.0,4.0,5.333333333333333
d99db41b-b02b-4a3d-a2da-c937f4bfef41,H3,H,3.0,mobility,1,O5,ADV,1,ADV,1,1,True,6.0,5.1,6.4,4.5,5.555555555555555,6.6,7.0,7.0,7.0,22.0,1.0,5.0,0.0,2.0,0,20.35,1,114.143,260.88,7.0,7.0,7.0,7.0,7.0,7.0,7.0,1.0,,2.0,3.0,1.0,,2.0,3.0,7.0
d99db41b-b02b-4a3d-a2da-c937f4bfef41,H3,H,3.0,mobility,1,O5,REL,2,ADV,1,1,True,6.0,5.1,6.4,4.5,5.555555555555555,6.6,7.0,7.0,7.0,22.0,1.0,5.0,0.0,2.0,0,20.35,1,171.982,322.298,7.0,7.0,7.0,7.0,7.0,7.0,7.0,1.0,,2.0,3.0,1.0,,2.0,3.0,7.0
d99db41b-b02b-4a3d-a2da-c937f4bfef41,H3,H,3.0,mobility,1,O5,COL,3,ADV,1,1,True,6.0,5.1,6.4,4.5,5.555555555555555,6.6,7.0,7.0,7.0,22.0,1.0,5.0,0.0,2.0,0,20.35,1,154.375,252.678,7.0,7.0,7.0,7.0,7.0,7.0,7.0,2.0,,3.0,1.0,2.0,,3.0,1.0,7.0
43017062-1e81-4486-beb6-bbae49a86136,H1,H,1.0,no mention,1,O5,ADV,1,ADV,1,1,True,6.0,4.3,4.2,2.75,3.5555555555555554,5.6,4.25,5.0,6.0,32.0,1.0,4.0,0.0,2.0,1,9.4,1,104.032,167.914,6.0,6.0,6.0,6.0,4.0,5.0,7.0,1.0,,2.0,3.0,1.0,,3.0,2.0,6.0
43017062-1e81-4486-beb6-bbae49a86136,H1,H,1.0,no mention,1,O5,REL,2,ADV,1,1,True,6.0,4.3,4.2,2.75,3.5555555555555554,5.6,4.25,5.0,6.0,32.0,1.0,4.0,0.0,2.0,1,9.4,1,69.553,117.471,5.0,2.0,5.0,3.0,5.0,5.0,7.0,1.0,,2.0,3.0,1.0,,2.0,3.0,4.0
43017062-1e81-4486-beb6-bbae49a86136,H1,H,1.0,no mention,1,O5,COL,3,ADV,1,1,True,6.0,4.3,4.2,2.75,3.5555555555555554,5.6,4.25,5.0,6.0,32.0,1.0,4.0,0.0,2.0,1,9.4,1,115.474,139.55,5.0,6.0,6.0,5.0,5.0,5.0,7.0,1.0,,2.0,3.0,1.0,,2.0,3.0,5.666666666666667
1d5b4855-052c-4dd0-a1f7-4276a2fbdddd,HA3,HA,3.0,mobility,1,O2,ADV,1,ADV,1,1,True,3.0,3.8,2.4,3.0,2.6666666666666665,6.0,6.0,2.0,2.0,30.0,0.0,0.0,0.0,0.0,0,9.733333333333333,1,103.744,183.975,5.0,5.0,2.0,2.0,5.0,5.0,5.0,1.0,2.0,3.0,4.0,1.0,2.0,3.0,4.0,4.0
1d5b4855-052c-4dd0-a1f7-4276a2fbdddd,HA3,HA,3.0,mobility,1,O2,COL,2,ADV,1,1,True,3.0,3.8,2.4,3.0,2.6666666666666665,6.0,6.0,2.0,2.0,30.0,0.0,0.0,0.0,0.0,0,9.733333333333333,1,115.243,161.715,3.0,3.0,2.0,2.0,5.0,5.0,5.0,1.0,2.0,3.0,4.0,1.0,2.0,3.0,4.0,2.6666666666666665
1d5b4855-052c-4dd0-a1f7-4276a2fbdddd,HA3,HA,3.0,mobility,1,O2,REL,3,ADV,1,1,True,3.0,3.8,2.4,3.0,2.6666666666666665,6.0,6.0,2.0,2.0,30.0,0.0,0.0,0.0,0.0,0,9.733333333333333,1,69.314,110.235,5.0,5.0,1.0,4.0,6.0,6.0,6.0,1.0,2.0,3.0,4.0,1.0,2.0,3.0,4.0,3.6666666666666665
b8279060-2d86-4d20-aaa7-387d97b96357,HA2,HA,2.0,intellectual,1,O3,COL,1,COL,1,1,True,6.0,3.6,4.6,3.75,4.222222222222222,4.8,5.75,6.0,5.0,23.0,0.0,4.0,1.0,3.0,0,18.75,1,115.197,446.765,6.0,7.0,6.0,5.0,5.0,6.0,4.0,1.0,2.0,3.0,4.0,1.0,3.0,2.0,4.0,6.333333333333333
b8279060-2d86-4d20-aaa7-387d97b96357,HA2,HA,2.0,intellectual,1,O3,REL,2,COL,1,1,True,6.0,3.6,4.6,3.75,4.222222222222222,4.8,5.75,6.0,5.0,23.0,0.0,4.0,1.0,3.0,0,18.75,1,69.427,134.351,5.0,5.0,5.0,6.0,6.0,6.0,6.0,2.0,1.0,3.0,4.0,2.0,1.0,3.0,4.0,5.0
b8279060-2d86-4d20-aaa7-387d97b96357,HA2,HA,2.0,intellectual,1,O3,ADV,3,COL,1,1,True,6.0,3.6,4.6,3.75,4.222222222222222,4.8,5.75,6.0,5.0,23.0,0.0,4.0,1.0,3.0,0,18.75,1,103.819,158.903,5.0,7.0,5.0,4.0,6.0,5.0,5.0,1.0,2.0,3.0,4.0,1.0,3.0,2.0,4.0,5.666666666666667
70ecbedb-6055-43b6-8987-f1ab142607a2,H1,H,1.0,no mention,1,O2,ADV,1,ADV,1,1,True,6.0,3.6,6.8,6.0,6.444444444444445,6.2,6.25,7.0,7.0,32.0,0.0,5.0,0.0,4.0,0,24.933333333333334,1,103.839,174.216,7.0,7.0,7.0,7.0,7.0,7.0,5.0,1.0,,2.0,3.0,1.0,,2.0,3.0,7.0
70ecbedb-6055-43b6-8987-f1ab142607a2,H1,H,1.0,no mention,1,O2,COL,2,ADV,1,1,True,6.0,3.6,6.8,6.0,6.444444444444445,6.2,6.25,7.0,7.0,32.0,0.0,5.0,0.0,4.0,0,24.933333333333334,1,115.296,185.348,7.0,7.0,7.0,7.0,7.0,7.0,5.0,2.0,,3.0,1.0,1.0,,3.0,2.0,7.0
70ecbedb-6055-43b6-8987-f1ab142607a2,H1,H,1.0,no mention,1,O2,REL,3,ADV,1,1,True,6.0,3.6,6.8,6.0,6.444444444444445,6.2,6.25,7.0,7.0,32.0,0.0,5.0,0.0,4.0,0,24.933333333333334,1,69.387,104.048,7.0,7.0,7.0,7.0,7.0,7.0,5.0,1.0,,2.0,3.0,1.0,,3.0,2.0,7.0
639833ab-f46a-47d9-ab3d-8f00cdb198ea,HA2,HA,2.0,intellectual,1,O4,REL,1,REL,1,1,True,6.0,2.8,6.0,6.0,6.0,6.0,6.0,5.75,5.666666666666667,58.0,0.0,5.0,2.0,2.0,1,12.633333333333333,1,69.493,181.055,6.0,6.0,6.0,6.0,6.0,6.0,6.0,3.0,2.0,4.0,1.0,4.0,3.0,2.0,1.0,6.0
639833ab-f46a-47d9-ab3d-8f00cdb198ea,HA2,HA,2.0,intellectual,1,O4,COL,2,REL,1,1,True,6.0,2.8,6.0,6.0,6.0,6.0,6.0,5.75,5.666666666666667,58.0,0.0,5.0,2.0,2.0,1,12.633333333333333,1,115.405,186.283,6.0,6.0,6.0,6.0,6.0,6.0,6.0,3.0,2.0,4.0,1.0,4.0,3.0,2.0,1.0,6.0
639833ab-f46a-47d9-ab3d-8f00cdb198ea,HA2,HA,2.0,intellectual,1,O4,ADV,3,REL,1,1,True,6.0,2.8,6.0,6.0,6.0,6.0,6.0,5.75,5.666666666666667,58.0,0.0,5.0,2.0,2.0,1,12.633333333333333,1,104.035,153.62,6.0,6.0,6.0,6.0,6.0,6.0,6.0,3.0,2.0,4.0,1.0,3.0,2.0,4.0,1.0,6.0
7a3f7ba8-31b4-4b38-b41c-9e60641afd68,A,A,,AI (no operator),0,O6,COL,1,COL,1,1,True,4.0,5.3,2.4,2.5,2.4444444444444446,5.4,5.25,5.0,5.0,45.0,1.0,0.0,0.0,5.0,0,14.883333333333333,1,115.461,278.707,5.0,5.0,4.0,3.0,5.0,5.0,,,1.0,2.0,3.0,,1.0,2.0,3.0,4.666666666666667
7a3f7ba8-31b4-4b38-b41c-9e60641afd68,A,A,,AI (no operator),0,O6,ADV,2,COL,1,1,True,4.0,5.3,2.4,2.5,2.4444444444444446,5.4,5.25,5.0,5.0,45.0,1.0,0.0,0.0,5.0,0,14.883333333333333,1,103.99,192.136,6.0,6.0,4.0,6.0,5.0,6.0,,,3.0,2.0,1.0,,1.0,2.0,3.0,5.333333333333333
7a3f7ba8-31b4-4b38-b41c-9e60641afd68,A,A,,AI (no operator),0,O6,REL,3,COL,1,1,True,4.0,5.3,2.4,2.5,2.4444444444444446,5.4,5.25,5.0,5.0,45.0,1.0,0.0,0.0,5.0,0,14.883333333333333,1,69.526,126.653,4.0,4.0,4.0,6.0,5.0,4.0,,,1.0,2.0,3.0,,1.0,2.0,3.0,4.0
92eb9769-ca81-4e1f-8afa-cf5713f78b55,HA3,HA,3.0,mobility,1,O4,REL,1,REL,1,1,True,6.0,5.5,4.2,3.5,3.888888888888889,5.8,5.5,6.0,6.0,57.0,1.0,5.0,0.0,5.0,0,13.933333333333334,1,69.414,174.283,6.0,6.0,6.0,6.0,5.0,5.0,6.0,1.0,2.0,3.0,4.0,1.0,2.0,3.0,4.0,6.0
92eb9769-ca81-4e1f-8afa-cf5713f78b55,HA3,HA,3.0,mobility,1,O4,COL,2,REL,1,1,True,6.0,5.5,4.2,3.5,3.888888888888889,5.8,5.5,6.0,6.0,57.0,1.0,5.0,0.0,5.0,0,13.933333333333334,1,115.329,183.019,7.0,7.0,7.0,7.0,6.0,6.0,6.0,1.0,2.0,3.0,4.0,1.0,2.0,3.0,4.0,7.0
92eb9769-ca81-4e1f-8afa-cf5713f78b55,HA3,HA,3.0,mobility,1,O4,ADV,3,REL,1,1,True,6.0,5.5,4.2,3.5,3.888888888888889,5.8,5.5,6.0,6.0,57.0,1.0,5.0,0.0,5.0,0,13.933333333333334,1,103.805,152.59,7.0,7.0,7.0,7.0,6.0,6.0,6.0,1.0,2.0,3.0,4.0,1.0,2.0,3.0,4.0,7.0
84606d3a-ec1b-4c96-9796-9aa60dd93691,H2,H,2.0,intellectual,1,O4,REL,1,REL,1,1,True,2.0,4.9,3.0,3.5,3.2222222222222223,5.6,5.75,5.0,2.6666666666666665,40.0,1.0,3.0,0.0,4.0,0,10.633333333333333,1,69.404,144.391,5.0,4.0,2.0,3.0,5.0,5.0,6.0,1.0,,2.0,3.0,3.0,,2.0,1.0,3.6666666666666665
84606d3a-ec1b-4c96-9796-9aa60dd93691,H2,H,2.0,intellectual,1,O4,COL,2,REL,1,1,True,2.0,4.9,3.0,3.5,3.2222222222222223,5.6,5.75,5.0,2.6666666666666665,40.0,1.0,3.0,0.0,4.0,0,10.633333333333333,1,115.783,163.074,5.0,6.0,4.0,3.0,5.0,6.0,7.0,3.0,,2.0,1.0,1.0,,3.0,2.0,5.0
84606d3a-ec1b-4c96-9796-9aa60dd93691,H2,H,2.0,intellectual,1,O4,ADV,3,REL,1,1,True,2.0,4.9,3.0,3.5,3.2222222222222223,5.6,5.75,5.0,2.6666666666666665,40.0,1.0,3.0,0.0,4.0,0,10.633333333333333,1,103.976,140.983,5.0,6.0,4.0,4.0,6.0,6.0,7.0,1.0,,2.0,3.0,1.0,,3.0,2.0,5.0
3c7c1552-1321-433d-aeed-a2e9ad557634,HA2,HA,2.0,intellectual,1,O5,ADV,1,ADV,1,1,True,5.0,4.7,1.6,1.25,1.4444444444444444,5.0,4.5,2.75,2.0,35.0,0.0,3.0,0.0,1.0,0,12.4,1,103.854,199.081,4.0,5.0,2.0,3.0,5.0,5.0,6.0,1.0,2.0,4.0,3.0,1.0,2.0,4.0,3.0,3.6666666666666665
3c7c1552-1321-433d-aeed-a2e9ad557634,HA2,HA,2.0,intellectual,1,O5,REL,2,ADV,1,1,True,5.0,4.7,1.6,1.25,1.4444444444444444,5.0,4.5,2.75,2.0,35.0,0.0,3.0,0.0,1.0,0,12.4,1,69.416,129.413,4.0,3.0,2.0,4.0,5.0,5.0,6.0,1.0,2.0,3.0,4.0,1.0,2.0,3.0,4.0,3.0
3c7c1552-1321-433d-aeed-a2e9ad557634,HA2,HA,2.0,intellectual,1,O5,COL,3,ADV,1,1,True,5.0,4.7,1.6,1.25,1.4444444444444444,5.0,4.5,2.75,2.0,35.0,0.0,3.0,0.0,1.0,0,12.4,1,115.349,171.193,2.0,2.0,2.0,3.0,4.0,3.0,6.0,1.0,2.0,4.0,3.0,1.0,2.0,4.0,3.0,2.0
88ff2f99-f6f3-493e-85a4-e32a733fe9c9,A,A,,AI (no operator),0,O2,ADV,1,ADV,1,1,True,6.0,5.0,3.8,3.5,3.6666666666666665,5.6,5.0,3.25,2.0,59.0,0.0,4.0,0.0,4.0,0,12.233333333333333,1,103.852,198.029,6.0,6.0,2.0,2.0,3.0,6.0,,,2.0,3.0,1.0,,1.0,2.0,3.0,4.666666666666667
88ff2f99-f6f3-493e-85a4-e32a733fe9c9,A,A,,AI (no operator),0,O2,COL,2,ADV,1,1,True,6.0,5.0,3.8,3.5,3.6666666666666665,5.6,5.0,3.25,2.0,59.0,0.0,4.0,0.0,4.0,0,12.233333333333333,1,115.335,176.604,3.0,5.0,2.0,2.0,2.0,3.0,,,2.0,1.0,3.0,,2.0,1.0,3.0,3.3333333333333335
88ff2f99-f6f3-493e-85a4-e32a733fe9c9,A,A,,AI (no operator),0,O2,REL,3,ADV,1,1,True,6.0,5.0,3.8,3.5,3.6666666666666665,5.6,5.0,3.25,2.0,59.0,0.0,4.0,0.0,4.0,0,12.233333333333333,1,69.399,110.356,6.0,6.0,2.0,2.0,5.0,6.0,,,2.0,1.0,3.0,,2.0,1.0,3.0,4.666666666666667
008af7a0-d0f9-47d6-84ba-b48240ae641e,H2,H,2.0,intellectual,1,O2,ADV,1,ADV,1,1,True,7.0,5.2,2.4,3.5,2.888888888888889,5.2,5.25,1.0,5.333333333333333,33.0,1.0,4.0,0.0,5.0,1,10.45,1,111.545,189.344,6.0,6.0,6.0,6.0,6.0,6.0,7.0,1.0,,2.0,3.0,1.0,,2.0,3.0,6.0
008af7a0-d0f9-47d6-84ba-b48240ae641e,H2,H,2.0,intellectual,1,O2,COL,2,ADV,1,1,True,7.0,5.2,2.4,3.5,2.888888888888889,5.2,5.25,1.0,5.333333333333333,33.0,1.0,4.0,0.0,5.0,1,10.45,1,115.385,170.926,7.0,7.0,6.0,7.0,6.0,6.0,7.0,1.0,,2.0,3.0,1.0,,3.0,2.0,6.666666666666667
008af7a0-d0f9-47d6-84ba-b48240ae641e,H2,H,2.0,intellectual,1,O2,REL,3,ADV,1,1,True,7.0,5.2,2.4,3.5,2.888888888888889,5.2,5.25,1.0,5.333333333333333,33.0,1.0,4.0,0.0,5.0,1,10.45,1,69.53,106.853,6.0,6.0,2.0,4.0,6.0,6.0,7.0,1.0,,2.0,3.0,1.0,,2.0,3.0,4.666666666666667
d145ac41-ceb2-4582-a30d-556facec157b,A,A,,AI (no operator),0,O3,COL,1,COL,0,1,False,6.0,3.5,4.8,6.75,5.666666666666667,4.6,4.75,6.0,7.0,27.0,1.0,4.0,1.0,4.0,1,29.183333333333334,1,171.103,290.478,7.0,7.0,7.0,7.0,7.0,7.0,,,1.0,2.0,3.0,,1.0,2.0,3.0,7.0
d145ac41-ceb2-4582-a30d-556facec157b,A,A,,AI (no operator),0,O3,REL,2,COL,0,1,False,6.0,3.5,4.8,6.75,5.666666666666667,4.6,4.75,6.0,7.0,27.0,1.0,4.0,1.0,4.0,1,29.183333333333334,1,214.422,518.74,7.0,7.0,7.0,7.0,7.0,7.0,,,2.0,3.0,1.0,,1.0,2.0,3.0,7.0
d145ac41-ceb2-4582-a30d-556facec157b,A,A,,AI (no operator),0,O3,ADV,3,COL,0,1,False,6.0,3.5,4.8,6.75,5.666666666666667,4.6,4.75,6.0,7.0,27.0,1.0,4.0,1.0,4.0,1,29.183333333333334,1,114.183,409.175,7.0,7.0,7.0,7.0,7.0,7.0,,,2.0,1.0,3.0,,2.0,1.0,3.0,7.0
e70caa2f-b48f-4106-9cb7-457b534cb3ef,HA1,HA,1.0,no mention,1,O3,COL,1,COL,0,1,False,6.0,2.6,5.4,6.5,5.888888888888889,5.8,6.0,7.0,7.0,56.0,1.0,5.0,4.0,5.0,1,20.7,1,115.402,362.121,6.0,6.0,7.0,6.0,7.0,7.0,7.0,1.0,3.0,4.0,2.0,1.0,3.0,4.0,2.0,6.333333333333333
e70caa2f-b48f-4106-9cb7-457b534cb3ef,HA1,HA,1.0,no mention,1,O3,REL,2,COL,0,1,False,6.0,2.6,5.4,6.5,5.888888888888889,5.8,6.0,7.0,7.0,56.0,1.0,5.0,4.0,5.0,1,20.7,1,69.505,229.856,6.0,6.0,7.0,6.0,7.0,7.0,6.0,4.0,1.0,2.0,3.0,1.0,3.0,4.0,2.0,6.333333333333333
e70caa2f-b48f-4106-9cb7-457b534cb3ef,HA1,HA,1.0,no mention,1,O3,ADV,3,COL,0,1,False,6.0,2.6,5.4,6.5,5.888888888888889,5.8,6.0,7.0,7.0,56.0,1.0,5.0,4.0,5.0,1,20.7,1,103.982,192.563,7.0,7.0,7.0,7.0,7.0,7.0,4.0,1.0,3.0,4.0,2.0,2.0,3.0,4.0,1.0,7.0
47183d25-3171-47aa-9bbe-c041b3fdd70b,A,A,,AI (no operator),0,O4,REL,1,REL,1,1,True,6.0,4.0,4.2,6.0,5.0,5.2,6.0,2.0,2.0,38.0,0.0,3.0,0.0,3.0,0,21.9,1,69.456,260.26,6.0,6.0,1.0,2.0,6.0,6.0,,,2.0,1.0,3.0,,3.0,1.0,2.0,4.333333333333333
47183d25-3171-47aa-9bbe-c041b3fdd70b,A,A,,AI (no operator),0,O4,COL,2,REL,1,1,True,6.0,4.0,4.2,6.0,5.0,5.2,6.0,2.0,2.0,38.0,0.0,3.0,0.0,3.0,0,21.9,1,115.537,183.045,6.0,2.0,2.0,2.0,6.0,6.0,,,1.0,2.0,3.0,,1.0,2.0,3.0,3.3333333333333335
47183d25-3171-47aa-9bbe-c041b3fdd70b,A,A,,AI (no operator),0,O4,ADV,3,REL,1,1,True,6.0,4.0,4.2,6.0,5.0,5.2,6.0,2.0,2.0,38.0,0.0,3.0,0.0,3.0,0,21.9,1,104.004,152.203,6.0,6.0,2.0,2.0,6.0,6.0,,,1.0,2.0,3.0,,1.0,2.0,3.0,4.666666666666667
83642aa3-769c-4019-9df1-9d31129d82dd,H3,H,3.0,mobility,1,O1,REL,1,REL,1,1,True,5.0,3.2,5.4,4.25,4.888888888888889,4.6,5.0,6.0,5.0,22.0,0.0,2.0,2.0,2.0,0,19.466666666666665,1,69.419,245.773,6.0,5.0,5.0,6.0,6.0,6.0,4.0,3.0,,2.0,1.0,3.0,,2.0,1.0,5.333333333333333
83642aa3-769c-4019-9df1-9d31129d82dd,H3,H,3.0,mobility,1,O1,ADV,2,REL,1,1,True,5.0,3.2,5.4,4.25,4.888888888888889,4.6,5.0,6.0,5.0,22.0,0.0,2.0,2.0,2.0,0,19.466666666666665,1,103.811,277.237,6.0,6.0,6.0,6.0,6.0,6.0,6.0,3.0,,2.0,1.0,3.0,,2.0,1.0,6.0
83642aa3-769c-4019-9df1-9d31129d82dd,H3,H,3.0,mobility,1,O1,COL,3,REL,1,1,True,5.0,3.2,5.4,4.25,4.888888888888889,4.6,5.0,6.0,5.0,22.0,0.0,2.0,2.0,2.0,0,19.466666666666665,1,115.296,173.622,6.0,6.0,6.0,6.0,6.0,6.0,5.0,3.0,,2.0,1.0,3.0,,2.0,1.0,6.0
190dd5d4-9090-418f-8687-4f097aae3710,H2,H,2.0,intellectual,1,O6,COL,1,COL,1,1,True,7.0,5.2,4.2,4.75,4.444444444444445,4.0,4.0,1.0,1.0,36.0,0.0,4.0,0.0,0.0,0,24.416666666666668,1,114.741,201.121,7.0,7.0,4.0,1.0,4.0,4.0,4.0,3.0,,2.0,1.0,3.0,,2.0,1.0,6.0
190dd5d4-9090-418f-8687-4f097aae3710,H2,H,2.0,intellectual,1,O6,ADV,2,COL,1,1,True,7.0,5.2,4.2,4.75,4.444444444444445,4.0,4.0,1.0,1.0,36.0,0.0,4.0,0.0,0.0,0,24.416666666666668,1,103.735,147.337,7.0,7.0,4.0,5.0,4.0,3.0,4.0,3.0,,2.0,1.0,3.0,,2.0,1.0,6.0
190dd5d4-9090-418f-8687-4f097aae3710,H2,H,2.0,intellectual,1,O6,REL,3,COL,1,1,True,7.0,5.2,4.2,4.75,4.444444444444445,4.0,4.0,1.0,1.0,36.0,0.0,4.0,0.0,0.0,0,24.416666666666668,1,69.252,104.486,7.0,4.0,4.0,3.0,4.0,4.0,4.0,3.0,,2.0,1.0,3.0,,2.0,1.0,5.0
fe00660a-de26-484c-8c3f-913e1f4e1659,HA3,HA,3.0,mobility,1,O1,REL,1,REL,1,1,True,6.0,5.0,4.8,3.5,4.222222222222222,5.4,6.0,5.0,5.0,39.0,1.0,3.0,1.0,3.0,0,14.833333333333334,1,69.407,160.456,6.0,6.0,5.0,6.0,6.0,6.0,7.0,1.0,2.0,3.0,4.0,1.0,2.0,3.0,4.0,5.666666666666667
fe00660a-de26-484c-8c3f-913e1f4e1659,HA3,HA,3.0,mobility,1,O1,ADV,2,REL,1,1,True,6.0,5.0,4.8,3.5,4.222222222222222,5.4,6.0,5.0,5.0,39.0,1.0,3.0,1.0,3.0,0,14.833333333333334,1,103.87,206.495,6.0,6.0,6.0,6.0,6.0,6.0,7.0,1.0,3.0,4.0,2.0,1.0,3.0,4.0,2.0,6.0
fe00660a-de26-484c-8c3f-913e1f4e1659,HA3,HA,3.0,mobility,1,O1,COL,3,REL,1,1,True,6.0,5.0,4.8,3.5,4.222222222222222,5.4,6.0,5.0,5.0,39.0,1.0,3.0,1.0,3.0,0,14.833333333333334,1,115.345,177.716,5.0,5.0,5.0,5.0,6.0,5.0,7.0,1.0,3.0,4.0,2.0,1.0,3.0,4.0,2.0,5.0
43bd5130-44f2-4d1e-9ada-6c61e6daf8cd,H3,H,3.0,mobility,1,O6,COL,1,COL,1,1,True,7.0,3.7,5.4,5.0,5.222222222222222,5.8,6.75,7.0,7.0,39.0,0.0,4.0,1.0,5.0,0,17.35,1,115.52,197.999,7.0,7.0,7.0,7.0,6.0,7.0,7.0,1.0,,3.0,2.0,1.0,,3.0,2.0,7.0
43bd5130-44f2-4d1e-9ada-6c61e6daf8cd,H3,H,3.0,mobility,1,O6,ADV,2,COL,1,1,True,7.0,3.7,5.4,5.0,5.222222222222222,5.8,6.75,7.0,7.0,39.0,0.0,4.0,1.0,5.0,0,17.35,1,104.316,151.529,6.0,7.0,6.0,6.0,6.0,7.0,7.0,1.0,,3.0,2.0,1.0,,3.0,2.0,6.333333333333333
43bd5130-44f2-4d1e-9ada-6c61e6daf8cd,H3,H,3.0,mobility,1,O6,REL,3,COL,1,1,True,7.0,3.7,5.4,5.0,5.222222222222222,5.8,6.75,7.0,7.0,39.0,0.0,4.0,1.0,5.0,0,17.35,1,69.403,124.411,6.0,5.0,6.0,6.0,7.0,7.0,7.0,1.0,,3.0,2.0,1.0,,3.0,2.0,5.666666666666667
927d4962-e2ab-47ab-ac46-4a37d290d89d,HA1,HA,1.0,no mention,1,O2,ADV,1,ADV,1,1,True,7.0,2.8,6.8,5.25,6.111111111111111,4.4,4.25,7.0,7.0,47.0,1.0,5.0,1.0,2.0,1,15.116666666666667,1,104.037,200.798,7.0,7.0,7.0,7.0,6.0,6.0,6.0,1.0,2.0,3.0,4.0,1.0,2.0,3.0,4.0,7.0
927d4962-e2ab-47ab-ac46-4a37d290d89d,HA1,HA,1.0,no mention,1,O2,COL,2,ADV,1,1,True,7.0,2.8,6.8,5.25,6.111111111111111,4.4,4.25,7.0,7.0,47.0,1.0,5.0,1.0,2.0,1,15.116666666666667,1,115.466,196.922,7.0,7.0,7.0,7.0,7.0,7.0,7.0,1.0,2.0,3.0,4.0,1.0,2.0,3.0,4.0,7.0
927d4962-e2ab-47ab-ac46-4a37d290d89d,HA1,HA,1.0,no mention,1,O2,REL,3,ADV,1,1,True,7.0,2.8,6.8,5.25,6.111111111111111,4.4,4.25,7.0,7.0,47.0,1.0,5.0,1.0,2.0,1,15.116666666666667,1,145.76,308.921,6.0,6.0,6.0,6.0,7.0,7.0,7.0,1.0,2.0,3.0,4.0,1.0,2.0,3.0,4.0,6.0
adac2433-751e-40c7-b9d1-29cb6f0c7e86,H2,H,2.0,intellectual,1,O1,REL,1,REL,1,1,True,7.0,1.7,5.6,4.75,5.222222222222222,6.6,6.75,6.75,6.666666666666667,50.0,1.0,5.0,5.0,3.0,0,25.35,1,69.346,273.89,7.0,7.0,7.0,7.0,7.0,7.0,7.0,1.0,,2.0,3.0,2.0,,1.0,3.0,7.0
adac2433-751e-40c7-b9d1-29cb6f0c7e86,H2,H,2.0,intellectual,1,O1,ADV,2,REL,1,1,True,7.0,1.7,5.6,4.75,5.222222222222222,6.6,6.75,6.75,6.666666666666667,50.0,1.0,5.0,5.0,3.0,0,25.35,1,103.792,151.351,7.0,7.0,7.0,7.0,7.0,7.0,7.0,2.0,,1.0,3.0,2.0,,1.0,3.0,7.0
adac2433-751e-40c7-b9d1-29cb6f0c7e86,H2,H,2.0,intellectual,1,O1,COL,3,REL,1,1,True,7.0,1.7,5.6,4.75,5.222222222222222,6.6,6.75,6.75,6.666666666666667,50.0,1.0,5.0,5.0,3.0,0,25.35,1,115.244,136.007,7.0,7.0,7.0,7.0,6.0,6.0,6.0,2.0,,1.0,3.0,2.0,,1.0,3.0,7.0
f9b83273-cb90-484d-b3a9-8c96dcfe213b,H3,H,3.0,mobility,1,O4,REL,1,REL,1,1,True,5.0,2.8,5.8,5.0,5.444444444444445,4.8,5.5,6.0,5.333333333333333,61.0,1.0,5.0,4.0,5.0,1,12.016666666666667,1,69.282,151.763,7.0,3.0,6.0,4.0,5.0,7.0,7.0,1.0,,2.0,3.0,1.0,,3.0,2.0,5.333333333333333
f9b83273-cb90-484d-b3a9-8c96dcfe213b,H3,H,3.0,mobility,1,O4,COL,2,REL,1,1,True,5.0,2.8,5.8,5.0,5.444444444444445,4.8,5.5,6.0,5.333333333333333,61.0,1.0,5.0,4.0,5.0,1,12.016666666666667,1,121.66,191.693,7.0,7.0,7.0,7.0,7.0,7.0,7.0,2.0,,1.0,3.0,2.0,,1.0,3.0,7.0
f9b83273-cb90-484d-b3a9-8c96dcfe213b,H3,H,3.0,mobility,1,O4,ADV,3,REL,1,1,True,5.0,2.8,5.8,5.0,5.444444444444445,4.8,5.5,6.0,5.333333333333333,61.0,1.0,5.0,4.0,5.0,1,12.016666666666667,1,103.869,140.831,7.0,5.0,6.0,7.0,7.0,7.0,7.0,1.0,,2.0,3.0,1.0,,2.0,3.0,6.0
1cde374c-621a-4cdb-b392-84d3b33506f1,H1,H,1.0,no mention,1,O4,REL,1,REL,1,1,True,5.0,3.8,5.6,6.0,5.777777777777778,4.8,4.25,5.75,5.0,63.0,1.0,5.0,0.0,1.0,0,11.216666666666667,1,69.375,121.167,6.0,6.0,6.0,6.0,6.0,6.0,6.0,1.0,,2.0,3.0,1.0,,2.0,3.0,6.0
1cde374c-621a-4cdb-b392-84d3b33506f1,H1,H,1.0,no mention,1,O4,COL,2,REL,1,1,True,5.0,3.8,5.6,6.0,5.777777777777778,4.8,4.25,5.75,5.0,63.0,1.0,5.0,0.0,1.0,0,11.216666666666667,1,115.337,163.351,6.0,6.0,6.0,6.0,6.0,6.0,6.0,1.0,,2.0,3.0,1.0,,2.0,3.0,6.0
1cde374c-621a-4cdb-b392-84d3b33506f1,H1,H,1.0,no mention,1,O4,ADV,3,REL,1,1,True,5.0,3.8,5.6,6.0,5.777777777777778,4.8,4.25,5.75,5.0,63.0,1.0,5.0,0.0,1.0,0,11.216666666666667,1,103.871,132.471,6.0,6.0,6.0,6.0,6.0,6.0,6.0,1.0,,2.0,3.0,1.0,,2.0,3.0,6.0
97fba1c0-94c5-4ede-8bab-78e41c4d41a6,HA1,HA,1.0,no mention,1,O4,REL,1,REL,1,1,True,4.0,3.6,5.0,5.0,5.0,4.8,4.0,6.0,6.0,60.0,1.0,5.0,0.0,2.0,0,18.416666666666668,1,69.685,293.633,6.0,6.0,6.0,6.0,6.0,6.0,5.0,1.0,3.0,4.0,2.0,1.0,4.0,3.0,2.0,6.0
97fba1c0-94c5-4ede-8bab-78e41c4d41a6,HA1,HA,1.0,no mention,1,O4,COL,2,REL,1,1,True,4.0,3.6,5.0,5.0,5.0,4.8,4.0,6.0,6.0,60.0,1.0,5.0,0.0,2.0,0,18.416666666666668,1,115.65,231.308,6.0,6.0,6.0,6.0,6.0,6.0,5.0,2.0,1.0,4.0,3.0,2.0,3.0,4.0,1.0,6.0
97fba1c0-94c5-4ede-8bab-78e41c4d41a6,HA1,HA,1.0,no mention,1,O4,ADV,3,REL,1,1,True,4.0,3.6,5.0,5.0,5.0,4.8,4.0,6.0,6.0,60.0,1.0,5.0,0.0,2.0,0,18.416666666666668,1,103.992,215.378,6.0,6.0,6.0,6.0,6.0,6.0,5.0,2.0,4.0,3.0,1.0,1.0,2.0,3.0,4.0,6.0
61becf08-2633-4d9f-b69f-76364fa76048,HA3,HA,3.0,mobility,1,O3,COL,1,COL,1,0,True,6.0,4.1,4.8,4.0,4.444444444444445,4.0,4.5,6.0,6.0,72.0,1.0,5.0,0.0,0.0,0,21.783333333333335,1,115.234,379.535,5.0,5.0,5.0,5.0,5.0,5.0,6.0,1.0,2.0,4.0,3.0,1.0,3.0,4.0,2.0,5.0
61becf08-2633-4d9f-b69f-76364fa76048,HA3,HA,3.0,mobility,1,O3,REL,2,COL,1,0,True,6.0,4.1,4.8,4.0,4.444444444444445,4.0,4.5,6.0,6.0,72.0,1.0,5.0,0.0,0.0,0,21.783333333333335,1,69.346,223.086,6.0,6.0,6.0,6.0,5.0,6.0,5.0,1.0,3.0,2.0,4.0,1.0,3.0,2.0,4.0,6.0
61becf08-2633-4d9f-b69f-76364fa76048,HA3,HA,3.0,mobility,1,O3,ADV,3,COL,1,0,True,6.0,4.1,4.8,4.0,4.444444444444445,4.0,4.5,6.0,6.0,72.0,1.0,5.0,0.0,0.0,0,21.783333333333335,1,103.821,207.206,6.0,6.0,6.0,6.0,6.0,6.0,6.0,1.0,3.0,2.0,4.0,1.0,3.0,2.0,4.0,6.0
e0054ac5-eb8b-466f-bfb5-00c3342a0f3b,HA2,HA,2.0,intellectual,1,O6,COL,1,COL,1,0,True,4.0,3.8,5.4,5.0,5.222222222222222,5.8,6.0,5.0,4.666666666666667,46.0,0.0,5.0,0.0,2.0,0,28.683333333333334,1,115.276,318.473,5.0,5.0,4.0,5.0,6.0,6.0,6.0,1.0,2.0,3.0,4.0,1.0,3.0,2.0,4.0,4.666666666666667
e0054ac5-eb8b-466f-bfb5-00c3342a0f3b,HA2,HA,2.0,intellectual,1,O6,ADV,2,COL,1,0,True,4.0,3.8,5.4,5.0,5.222222222222222,5.8,6.0,5.0,4.666666666666667,46.0,0.0,5.0,0.0,2.0,0,28.683333333333334,1,202.156,312.368,6.0,6.0,6.0,6.0,6.0,6.0,6.0,2.0,3.0,1.0,4.0,2.0,3.0,1.0,4.0,6.0
e0054ac5-eb8b-466f-bfb5-00c3342a0f3b,HA2,HA,2.0,intellectual,1,O6,REL,3,COL,1,0,True,4.0,3.8,5.4,5.0,5.222222222222222,5.8,6.0,5.0,4.666666666666667,46.0,0.0,5.0,0.0,2.0,0,28.683333333333334,1,69.364,137.617,5.0,5.0,5.0,6.0,6.0,6.0,6.0,2.0,3.0,1.0,4.0,2.0,3.0,1.0,4.0,5.0
a3bb67c4-7a56-4558-bd77-befab58a77e0,HA1,HA,1.0,no mention,1,O1,REL,1,REL,1,1,True,6.0,2.8,6.0,6.25,6.111111111111111,5.4,5.25,5.75,6.666666666666667,70.0,0.0,4.0,0.0,0.0,0,13.233333333333333,1,69.37,179.797,6.0,6.0,6.0,6.0,5.0,6.0,6.0,1.0,2.0,3.0,4.0,1.0,2.0,3.0,4.0,6.0
a3bb67c4-7a56-4558-bd77-befab58a77e0,HA1,HA,1.0,no mention,1,O1,ADV,2,REL,1,1,True,6.0,2.8,6.0,6.25,6.111111111111111,5.4,5.25,5.75,6.666666666666667,70.0,0.0,4.0,0.0,0.0,0,13.233333333333333,1,103.843,161.541,6.0,6.0,6.0,6.0,6.0,6.0,6.0,1.0,2.0,3.0,4.0,1.0,2.0,3.0,4.0,6.0
a3bb67c4-7a56-4558-bd77-befab58a77e0,HA1,HA,1.0,no mention,1,O1,COL,3,REL,1,1,True,6.0,2.8,6.0,6.25,6.111111111111111,5.4,5.25,5.75,6.666666666666667,70.0,0.0,4.0,0.0,0.0,0,13.233333333333333,1,115.28,159.381,6.0,6.0,6.0,6.0,6.0,6.0,6.0,1.0,2.0,3.0,4.0,1.0,2.0,3.0,4.0,6.0
0d2ae04e-d3af-4da2-abe9-635aa4cfc734,HA2,HA,2.0,intellectual,1,O2,ADV,1,ADV,1,1,True,5.0,4.2,6.6,5.75,6.222222222222222,6.0,6.0,3.0,5.0,47.0,1.0,5.0,0.0,2.0,1,21.016666666666666,1,103.881,265.12,6.0,6.0,6.0,3.0,5.0,5.0,5.0,1.0,3.0,2.0,4.0,1.0,2.0,3.0,4.0,6.0
0d2ae04e-d3af-4da2-abe9-635aa4cfc734,HA2,HA,2.0,intellectual,1,O2,COL,2,ADV,1,1,True,5.0,4.2,6.6,5.75,6.222222222222222,6.0,6.0,3.0,5.0,47.0,1.0,5.0,0.0,2.0,1,21.016666666666666,1,115.376,707.875,6.0,6.0,6.0,3.0,5.0,5.0,6.0,1.0,2.0,3.0,4.0,1.0,2.0,3.0,4.0,6.0
0d2ae04e-d3af-4da2-abe9-635aa4cfc734,HA2,HA,2.0,intellectual,1,O2,REL,3,ADV,1,1,True,5.0,4.2,6.6,5.75,6.222222222222222,6.0,6.0,3.0,5.0,47.0,1.0,5.0,0.0,2.0,1,21.016666666666666,1,69.547,109.354,6.0,6.0,6.0,3.0,5.0,5.0,5.0,1.0,2.0,3.0,4.0,1.0,2.0,3.0,4.0,6.0
43e4be6d-648e-42cd-bc6c-edec44746281,H3,H,3.0,mobility,1,O2,ADV,1,ADV,1,1,True,6.0,4.6,3.2,2.75,3.0,4.6,5.0,1.25,2.3333333333333335,33.0,0.0,5.0,0.0,2.0,0,12.166666666666666,1,103.907,210.524,5.0,5.0,2.0,5.0,4.0,5.0,6.0,2.0,,1.0,3.0,2.0,,1.0,3.0,4.0
43e4be6d-648e-42cd-bc6c-edec44746281,H3,H,3.0,mobility,1,O2,COL,2,ADV,1,1,True,6.0,4.6,3.2,2.75,3.0,4.6,5.0,1.25,2.3333333333333335,33.0,0.0,5.0,0.0,2.0,0,12.166666666666666,1,122.166,183.064,3.0,4.0,2.0,6.0,4.0,5.0,6.0,2.0,,1.0,3.0,2.0,,1.0,3.0,3.0
43e4be6d-648e-42cd-bc6c-edec44746281,H3,H,3.0,mobility,1,O2,REL,3,ADV,1,1,True,6.0,4.6,3.2,2.75,3.0,4.6,5.0,1.25,2.3333333333333335,33.0,0.0,5.0,0.0,2.0,0,12.166666666666666,1,70.26,106.67,5.0,5.0,2.0,5.0,5.0,5.0,6.0,2.0,,1.0,3.0,2.0,,1.0,3.0,4.0
78493e05-ec9b-48cf-aa4d-790997ede6c7,HA2,HA,2.0,intellectual,1,O1,REL,1,REL,1,1,True,6.0,3.4,4.6,4.75,4.666666666666667,6.0,6.0,3.25,3.6666666666666665,31.0,1.0,4.0,0.0,3.0,0,11.866666666666667,1,69.526,159.861,6.0,5.0,4.0,4.0,5.0,5.0,6.0,1.0,3.0,2.0,4.0,1.0,2.0,3.0,4.0,5.0
78493e05-ec9b-48cf-aa4d-790997ede6c7,HA2,HA,2.0,intellectual,1,O1,ADV,2,REL,1,1,True,6.0,3.4,4.6,4.75,4.666666666666667,6.0,6.0,3.25,3.6666666666666665,31.0,1.0,4.0,0.0,3.0,0,11.866666666666667,1,103.829,164.421,5.0,6.0,4.0,5.0,5.0,6.0,6.0,1.0,2.0,3.0,4.0,1.0,2.0,3.0,4.0,5.0
78493e05-ec9b-48cf-aa4d-790997ede6c7,HA2,HA,2.0,intellectual,1,O1,COL,3,REL,1,1,True,6.0,3.4,4.6,4.75,4.666666666666667,6.0,6.0,3.25,3.6666666666666665,31.0,1.0,4.0,0.0,3.0,0,11.866666666666667,1,115.037,167.912,5.0,6.0,3.0,3.0,4.0,6.0,6.0,1.0,2.0,3.0,4.0,1.0,2.0,3.0,4.0,4.666666666666667
6c363e70-7035-4c4f-b8c0-d381f49ec94e,A,A,,AI (no operator),0,O1,REL,1,REL,1,1,True,7.0,4.5,3.4,3.0,3.2222222222222223,4.4,5.25,7.0,7.0,22.0,1.0,4.0,0.0,1.0,1,16.933333333333334,1,69.546,266.883,3.0,2.0,5.0,7.0,7.0,7.0,,,1.0,2.0,3.0,,2.0,1.0,3.0,3.3333333333333335
6c363e70-7035-4c4f-b8c0-d381f49ec94e,A,A,,AI (no operator),0,O1,ADV,2,REL,1,1,True,7.0,4.5,3.4,3.0,3.2222222222222223,4.4,5.25,7.0,7.0,22.0,1.0,4.0,0.0,1.0,1,16.933333333333334,1,103.992,167.659,7.0,7.0,6.0,7.0,7.0,7.0,,,1.0,2.0,3.0,,2.0,1.0,3.0,6.666666666666667
6c363e70-7035-4c4f-b8c0-d381f49ec94e,A,A,,AI (no operator),0,O1,COL,3,REL,1,1,True,7.0,4.5,3.4,3.0,3.2222222222222223,4.4,5.25,7.0,7.0,22.0,1.0,4.0,0.0,1.0,1,16.933333333333334,1,115.486,165.205,7.0,7.0,6.0,7.0,7.0,7.0,,,1.0,2.0,3.0,,2.0,1.0,3.0,6.666666666666667
9ab1148d-80cc-4a6b-8e92-ac2aff3b6bdf,A,A,,AI (no operator),0,O5,ADV,1,ADV,1,1,True,5.0,4.0,6.4,4.5,5.555555555555555,5.2,4.25,5.25,6.333333333333333,21.0,0.0,5.0,0.0,2.0,0,14.016666666666667,1,212.848,301.632,5.0,6.0,5.0,2.0,5.0,6.0,,,1.0,3.0,2.0,,1.0,3.0,2.0,5.333333333333333
9ab1148d-80cc-4a6b-8e92-ac2aff3b6bdf,A,A,,AI (no operator),0,O5,REL,2,ADV,1,1,True,5.0,4.0,6.4,4.5,5.555555555555555,5.2,4.25,5.25,6.333333333333333,21.0,0.0,5.0,0.0,2.0,0,14.016666666666667,1,118.851,167.088,5.0,2.0,6.0,5.0,5.0,5.0,,,1.0,2.0,3.0,,1.0,3.0,2.0,4.333333333333333
9ab1148d-80cc-4a6b-8e92-ac2aff3b6bdf,A,A,,AI (no operator),0,O5,COL,3,ADV,1,1,True,5.0,4.0,6.4,4.5,5.555555555555555,5.2,4.25,5.25,6.333333333333333,21.0,0.0,5.0,0.0,2.0,0,14.016666666666667,1,116.605,162.001,6.0,7.0,6.0,2.0,4.0,7.0,,,1.0,3.0,2.0,,2.0,3.0,1.0,6.333333333333333
c964f2ae-f7ce-4c7e-a65d-18c48d024072,H2,H,2.0,intellectual,1,O5,ADV,1,ADV,1,1,True,5.0,4.9,5.0,4.75,4.888888888888889,5.2,6.75,4.75,2.3333333333333335,18.0,0.0,0.0,0.0,0.0,0,15.733333333333333,1,103.891,171.894,5.0,5.0,2.0,2.0,4.0,5.0,5.0,1.0,,2.0,3.0,1.0,,2.0,3.0,4.0
c964f2ae-f7ce-4c7e-a65d-18c48d024072,H2,H,2.0,intellectual,1,O5,REL,2,ADV,1,1,True,5.0,4.9,5.0,4.75,4.888888888888889,5.2,6.75,4.75,2.3333333333333335,18.0,0.0,0.0,0.0,0.0,0,15.733333333333333,1,69.378,125.334,3.0,4.0,2.0,5.0,5.0,5.0,6.0,3.0,,2.0,1.0,1.0,,2.0,3.0,3.0
c964f2ae-f7ce-4c7e-a65d-18c48d024072,H2,H,2.0,intellectual,1,O5,COL,3,ADV,1,1,True,5.0,4.9,5.0,4.75,4.888888888888889,5.2,6.75,4.75,2.3333333333333335,18.0,0.0,0.0,0.0,0.0,0,15.733333333333333,1,115.555,154.424,5.0,6.0,2.0,5.0,5.0,5.0,6.0,3.0,,2.0,1.0,3.0,,2.0,1.0,4.333333333333333
d458e336-49e6-4e4b-981b-dba6921720ac,HA3,HA,3.0,mobility,1,O5,ADV,1,ADV,1,1,True,5.0,4.2,5.0,4.5,4.777777777777778,5.2,6.25,4.75,5.0,29.0,0.0,5.0,4.0,4.0,0,19.2,1,103.857,312.448,6.0,6.0,6.0,7.0,7.0,7.0,1.0,1.0,2.0,3.0,4.0,1.0,2.0,3.0,4.0,6.0
d458e336-49e6-4e4b-981b-dba6921720ac,HA3,HA,3.0,mobility,1,O5,REL,2,ADV,1,1,True,5.0,4.2,5.0,4.5,4.777777777777778,5.2,6.25,4.75,5.0,29.0,0.0,5.0,4.0,4.0,0,19.2,1,69.383,154.294,5.0,5.0,5.0,5.0,5.0,5.0,1.0,1.0,2.0,3.0,4.0,1.0,2.0,3.0,4.0,5.0
d458e336-49e6-4e4b-981b-dba6921720ac,HA3,HA,3.0,mobility,1,O5,COL,3,ADV,1,1,True,5.0,4.2,5.0,4.5,4.777777777777778,5.2,6.25,4.75,5.0,29.0,0.0,5.0,4.0,4.0,0,19.2,1,115.235,373.612,7.0,7.0,7.0,7.0,7.0,7.0,1.0,1.0,2.0,3.0,4.0,1.0,2.0,3.0,4.0,7.0
5e194bab-b38e-41da-84fd-b288fd42daf0,H3,H,3.0,mobility,1,O3,COL,1,COL,1,1,True,5.0,5.1,4.8,3.5,4.222222222222222,4.8,4.75,5.0,4.666666666666667,60.0,1.0,5.0,0.0,3.0,0,19.0,1,115.26,273.648,5.0,6.0,6.0,5.0,4.0,5.0,5.0,2.0,,3.0,1.0,2.0,,3.0,1.0,5.666666666666667
5e194bab-b38e-41da-84fd-b288fd42daf0,H3,H,3.0,mobility,1,O3,REL,2,COL,1,1,True,5.0,5.1,4.8,3.5,4.222222222222222,4.8,4.75,5.0,4.666666666666667,60.0,1.0,5.0,0.0,3.0,0,19.0,1,69.383,209.794,4.0,5.0,5.0,6.0,6.0,6.0,7.0,1.0,,2.0,3.0,1.0,,2.0,3.0,4.666666666666667
5e194bab-b38e-41da-84fd-b288fd42daf0,H3,H,3.0,mobility,1,O3,ADV,3,COL,1,1,True,5.0,5.1,4.8,3.5,4.222222222222222,4.8,4.75,5.0,4.666666666666667,60.0,1.0,5.0,0.0,3.0,0,19.0,1,103.84,185.677,7.0,7.0,5.0,7.0,7.0,7.0,7.0,1.0,,3.0,2.0,1.0,,3.0,2.0,6.333333333333333
b7972b16-b7a7-4625-b62e-6a0892c62d43,H1,H,1.0,no mention,1,O3,COL,1,COL,1,1,True,5.0,5.7,4.0,2.75,3.4444444444444446,4.8,5.75,5.75,4.0,31.0,1.0,5.0,0.0,3.0,0,13.35,1,115.345,211.903,6.0,6.0,5.0,6.0,5.0,6.0,6.0,1.0,,2.0,3.0,1.0,,2.0,3.0,5.666666666666667
b7972b16-b7a7-4625-b62e-6a0892c62d43,H1,H,1.0,no mention,1,O3,REL,2,COL,1,1,True,5.0,5.7,4.0,2.75,3.4444444444444446,4.8,5.75,5.75,4.0,31.0,1.0,5.0,0.0,3.0,0,13.35,1,147.642,194.064,6.0,6.0,3.0,5.0,6.0,6.0,6.0,1.0,,2.0,3.0,1.0,,2.0,3.0,5.0
b7972b16-b7a7-4625-b62e-6a0892c62d43,H1,H,1.0,no mention,1,O3,ADV,3,COL,1,1,True,5.0,5.7,4.0,2.75,3.4444444444444446,4.8,5.75,5.75,4.0,31.0,1.0,5.0,0.0,3.0,0,13.35,1,103.856,153.137,6.0,6.0,3.0,6.0,6.0,6.0,6.0,1.0,,2.0,3.0,1.0,,2.0,3.0,5.0
f54e1697-93b8-422b-9ca6-0bc3133634ba,H1,H,1.0,no mention,1,O1,REL,1,REL,0,1,False,4.0,4.4,4.8,5.0,4.888888888888889,3.4,5.0,5.0,5.333333333333333,55.0,1.0,5.0,0.0,1.0,1,22.583333333333332,1,69.539,178.499,5.0,6.0,5.0,3.0,5.0,6.0,6.0,1.0,,2.0,3.0,2.0,,3.0,1.0,5.333333333333333
f54e1697-93b8-422b-9ca6-0bc3133634ba,H1,H,1.0,no mention,1,O1,ADV,2,REL,0,1,False,4.0,4.4,4.8,5.0,4.888888888888889,3.4,5.0,5.0,5.333333333333333,55.0,1.0,5.0,0.0,1.0,1,22.583333333333332,1,104.021,202.282,5.0,6.0,6.0,7.0,5.0,6.0,6.0,1.0,,2.0,3.0,2.0,,3.0,1.0,5.666666666666667
f54e1697-93b8-422b-9ca6-0bc3133634ba,H1,H,1.0,no mention,1,O1,COL,3,REL,0,1,False,4.0,4.4,4.8,5.0,4.888888888888889,3.4,5.0,5.0,5.333333333333333,55.0,1.0,5.0,0.0,1.0,1,22.583333333333332,1,115.13,168.49,2.0,3.0,2.0,3.0,4.0,4.0,3.0,1.0,,2.0,3.0,3.0,,2.0,1.0,2.3333333333333335
c40e95bd-7537-4c76-b33e-a595fc4f99b6,HA1,HA,1.0,no mention,1,O5,ADV,1,ADV,1,1,True,4.0,5.2,3.2,3.5,3.3333333333333335,4.0,5.75,5.25,5.666666666666667,24.0,1.0,3.0,0.0,2.0,1,9.45,1,103.902,165.647,6.0,7.0,4.0,6.0,6.0,7.0,5.0,3.0,2.0,1.0,4.0,1.0,3.0,4.0,2.0,5.666666666666667
c40e95bd-7537-4c76-b33e-a595fc4f99b6,HA1,HA,1.0,no mention,1,O5,REL,2,ADV,1,1,True,4.0,5.2,3.2,3.5,3.3333333333333335,4.0,5.75,5.25,5.666666666666667,24.0,1.0,3.0,0.0,2.0,1,9.45,1,69.455,107.098,6.0,6.0,5.0,6.0,6.0,7.0,4.0,3.0,2.0,1.0,4.0,3.0,2.0,1.0,4.0,5.666666666666667
c40e95bd-7537-4c76-b33e-a595fc4f99b6,HA1,HA,1.0,no mention,1,O5,COL,3,ADV,1,1,True,4.0,5.2,3.2,3.5,3.3333333333333335,4.0,5.75,5.25,5.666666666666667,24.0,1.0,3.0,0.0,2.0,1,9.45,1,115.467,158.942,6.0,5.0,4.0,6.0,6.0,7.0,7.0,3.0,2.0,1.0,4.0,3.0,2.0,1.0,4.0,5.0
d5bb24a0-10ab-4efc-9dd2-898560804ef5,H2,H,2.0,intellectual,1,O3,COL,1,COL,1,1,True,5.0,4.6,4.2,3.75,4.0,5.8,4.5,4.75,4.333333333333333,45.0,0.0,3.0,1.0,4.0,0,13.35,1,115.241,225.221,4.0,6.0,5.0,4.0,5.0,6.0,6.0,3.0,,2.0,1.0,2.0,,3.0,1.0,5.0
d5bb24a0-10ab-4efc-9dd2-898560804ef5,H2,H,2.0,intellectual,1,O3,REL,2,COL,1,1,True,5.0,4.6,4.2,3.75,4.0,5.8,4.5,4.75,4.333333333333333,45.0,0.0,3.0,1.0,4.0,0,13.35,1,83.252,160.412,4.0,5.0,4.0,4.0,5.0,5.0,6.0,1.0,,3.0,2.0,1.0,,3.0,2.0,4.333333333333333
d5bb24a0-10ab-4efc-9dd2-898560804ef5,H2,H,2.0,intellectual,1,O3,ADV,3,COL,1,1,True,5.0,4.6,4.2,3.75,4.0,5.8,4.5,4.75,4.333333333333333,45.0,0.0,3.0,1.0,4.0,0,13.35,1,103.788,152.876,4.0,5.0,4.0,4.0,5.0,5.0,5.0,2.0,,3.0,1.0,2.0,,3.0,1.0,4.333333333333333
150b15c2-8589-48d3-ba96-531cdb51d5ca,H1,H,1.0,no mention,1,O5,ADV,1,ADV,1,1,True,6.0,3.9,3.8,2.5,3.2222222222222223,5.4,6.0,4.75,4.333333333333333,71.0,1.0,3.0,1.0,5.0,0,15.933333333333334,1,110.06,208.638,6.0,5.0,3.0,6.0,6.0,5.0,7.0,1.0,,2.0,3.0,2.0,,3.0,1.0,4.666666666666667
150b15c2-8589-48d3-ba96-531cdb51d5ca,H1,H,1.0,no mention,1,O5,REL,2,ADV,1,1,True,6.0,3.9,3.8,2.5,3.2222222222222223,5.4,6.0,4.75,4.333333333333333,71.0,1.0,3.0,1.0,5.0,0,15.933333333333334,1,69.406,154.314,6.0,6.0,4.0,6.0,6.0,6.0,6.0,1.0,,3.0,2.0,1.0,,3.0,2.0,5.333333333333333
150b15c2-8589-48d3-ba96-531cdb51d5ca,H1,H,1.0,no mention,1,O5,COL,3,ADV,1,1,True,6.0,3.9,3.8,2.5,3.2222222222222223,5.4,6.0,4.75,4.333333333333333,71.0,1.0,3.0,1.0,5.0,0,15.933333333333334,1,115.309,176.257,6.0,7.0,4.0,6.0,7.0,6.0,7.0,1.0,,2.0,3.0,1.0,,2.0,3.0,5.666666666666667
7bdd1463-5ed9-4dad-a858-2019debf1043,HA1,HA,1.0,no mention,1,O6,COL,1,COL,1,1,True,4.0,4.8,5.8,5.75,5.777777777777778,4.0,4.0,5.5,5.0,60.0,0.0,5.0,0.0,1.0,0,14.266666666666667,1,115.499,297.087,6.0,6.0,6.0,5.0,5.0,6.0,6.0,1.0,2.0,3.0,4.0,1.0,2.0,3.0,4.0,6.0
7bdd1463-5ed9-4dad-a858-2019debf1043,HA1,HA,1.0,no mention,1,O6,ADV,2,COL,1,1,True,4.0,4.8,5.8,5.75,5.777777777777778,4.0,4.0,5.5,5.0,60.0,0.0,5.0,0.0,1.0,0,14.266666666666667,1,104.043,198.128,6.0,6.0,6.0,6.0,5.0,6.0,6.0,1.0,2.0,3.0,4.0,2.0,1.0,3.0,4.0,6.0
7bdd1463-5ed9-4dad-a858-2019debf1043,HA1,HA,1.0,no mention,1,O6,REL,3,COL,1,1,True,4.0,4.8,5.8,5.75,5.777777777777778,4.0,4.0,5.5,5.0,60.0,0.0,5.0,0.0,1.0,0,14.266666666666667,1,69.47,114.954,6.0,6.0,6.0,6.0,6.0,6.0,6.0,1.0,2.0,3.0,4.0,2.0,1.0,3.0,4.0,6.0
412f3339-d3e8-4185-8cef-7084f78e6007,HA3,HA,3.0,mobility,1,O6,COL,1,COL,1,1,True,6.0,5.3,3.4,3.25,3.3333333333333335,6.4,6.0,4.0,3.0,68.0,1.0,3.0,0.0,3.0,0,20.333333333333332,1,519.889,375.891,5.0,6.0,3.0,5.0,4.0,6.0,6.0,2.0,3.0,4.0,1.0,2.0,3.0,4.0,1.0,4.666666666666667
412f3339-d3e8-4185-8cef-7084f78e6007,HA3,HA,3.0,mobility,1,O6,ADV,2,COL,1,1,True,6.0,5.3,3.4,3.25,3.3333333333333335,6.4,6.0,4.0,3.0,68.0,1.0,3.0,0.0,3.0,0,20.333333333333332,1,104.174,215.682,6.0,6.0,5.0,5.0,5.0,6.0,7.0,2.0,3.0,4.0,1.0,2.0,3.0,4.0,1.0,5.666666666666667
412f3339-d3e8-4185-8cef-7084f78e6007,HA3,HA,3.0,mobility,1,O6,REL,3,COL,1,1,True,6.0,5.3,3.4,3.25,3.3333333333333335,6.4,6.0,4.0,3.0,68.0,1.0,3.0,0.0,3.0,0,20.333333333333332,1,69.389,164.669,6.0,5.0,3.0,3.0,5.0,6.0,6.0,1.0,2.0,3.0,4.0,1.0,2.0,3.0,4.0,4.666666666666667
0b30c424-9028-4fad-ac58-ef0b05682d65,H1,H,1.0,no mention,1,O6,COL,1,COL,1,1,True,5.0,4.6,3.8,5.0,4.333333333333333,4.2,6.25,4.5,5.333333333333333,47.0,1.0,3.0,0.0,2.0,0,17.35,1,115.348,258.493,4.0,6.0,5.0,3.0,4.0,4.0,6.0,1.0,,2.0,3.0,2.0,,3.0,1.0,5.0
0b30c424-9028-4fad-ac58-ef0b05682d65,H1,H,1.0,no mention,1,O6,ADV,2,COL,1,1,True,5.0,4.6,3.8,5.0,4.333333333333333,4.2,6.25,4.5,5.333333333333333,47.0,1.0,3.0,0.0,2.0,0,17.35,1,103.813,226.285,5.0,5.0,5.0,5.0,5.0,5.0,7.0,2.0,,3.0,1.0,1.0,,3.0,2.0,5.0
0b30c424-9028-4fad-ac58-ef0b05682d65,H1,H,1.0,no mention,1,O6,REL,3,COL,1,1,True,5.0,4.6,3.8,5.0,4.333333333333333,4.2,6.25,4.5,5.333333333333333,47.0,1.0,3.0,0.0,2.0,0,17.35,1,69.37,159.227,6.0,5.0,5.0,6.0,6.0,6.0,6.0,1.0,,2.0,3.0,2.0,,1.0,3.0,5.333333333333333
c3cb6658-1621-40a0-93e9-d3c064c5841a,HA2,HA,2.0,intellectual,1,O6,COL,1,COL,1,1,True,5.0,3.7,5.0,2.5,3.888888888888889,6.4,5.5,5.75,5.666666666666667,49.0,0.0,4.0,2.0,4.0,0,14.733333333333333,1,115.317,253.407,5.0,7.0,6.0,6.0,4.0,6.0,5.0,3.0,4.0,2.0,1.0,3.0,2.0,4.0,1.0,6.0
c3cb6658-1621-40a0-93e9-d3c064c5841a,HA2,HA,2.0,intellectual,1,O6,ADV,2,COL,1,1,True,5.0,3.7,5.0,2.5,3.888888888888889,6.4,5.5,5.75,5.666666666666667,49.0,0.0,4.0,2.0,4.0,0,14.733333333333333,1,103.826,171.057,6.0,6.0,6.0,6.0,5.0,6.0,5.0,3.0,2.0,1.0,4.0,4.0,2.0,3.0,1.0,6.0
c3cb6658-1621-40a0-93e9-d3c064c5841a,HA2,HA,2.0,intellectual,1,O6,REL,3,COL,1,1,True,5.0,3.7,5.0,2.5,3.888888888888889,6.4,5.5,5.75,5.666666666666667,49.0,0.0,4.0,2.0,4.0,0,14.733333333333333,1,69.378,119.403,5.0,4.0,5.0,5.0,5.0,5.0,5.0,3.0,4.0,1.0,2.0,3.0,2.0,4.0,1.0,4.666666666666667
40d344ea-fefd-41cb-a10b-213cf991dfa5,H2,H,2.0,intellectual,1,O4,REL,1,REL,1,1,True,6.0,2.4,7.0,6.5,6.777777777777778,6.0,6.0,6.0,6.0,19.0,0.0,5.0,0.0,0.0,0,37.46666666666667,1,69.359,285.702,6.0,6.0,6.0,6.0,6.0,6.0,7.0,1.0,,2.0,3.0,1.0,,2.0,3.0,6.0
40d344ea-fefd-41cb-a10b-213cf991dfa5,H2,H,2.0,intellectual,1,O4,COL,2,REL,1,1,True,6.0,2.4,7.0,6.5,6.777777777777778,6.0,6.0,6.0,6.0,19.0,0.0,5.0,0.0,0.0,0,37.46666666666667,1,115.284,228.304,6.0,6.0,6.0,6.0,6.0,6.0,7.0,1.0,,2.0,3.0,1.0,,2.0,3.0,6.0
40d344ea-fefd-41cb-a10b-213cf991dfa5,H2,H,2.0,intellectual,1,O4,ADV,3,REL,1,1,True,6.0,2.4,7.0,6.5,6.777777777777778,6.0,6.0,6.0,6.0,19.0,0.0,5.0,0.0,0.0,0,37.46666666666667,1,103.798,341.485,6.0,6.0,6.0,6.0,6.0,6.0,7.0,1.0,,2.0,3.0,1.0,,2.0,3.0,6.0
fd34b17e-22ca-430c-a733-32fc95374ede,HA1,HA,1.0,no mention,1,O2,ADV,1,ADV,1,1,True,5.0,4.9,4.2,4.5,4.333333333333333,4.0,4.5,5.0,5.666666666666667,59.0,1.0,3.0,3.0,2.0,0,26.866666666666667,1,209.504,448.54,5.0,5.0,5.0,5.0,6.0,5.0,5.0,1.0,3.0,4.0,2.0,3.0,1.0,2.0,4.0,5.0
fd34b17e-22ca-430c-a733-32fc95374ede,HA1,HA,1.0,no mention,1,O2,COL,2,ADV,1,1,True,5.0,4.9,4.2,4.5,4.333333333333333,4.0,4.5,5.0,5.666666666666667,59.0,1.0,3.0,3.0,2.0,0,26.866666666666667,1,237.658,405.557,5.0,6.0,6.0,5.0,6.0,6.0,5.0,2.0,3.0,4.0,1.0,2.0,4.0,3.0,1.0,5.666666666666667
fd34b17e-22ca-430c-a733-32fc95374ede,HA1,HA,1.0,no mention,1,O2,REL,3,ADV,1,1,True,5.0,4.9,4.2,4.5,4.333333333333333,4.0,4.5,5.0,5.666666666666667,59.0,1.0,3.0,3.0,2.0,0,26.866666666666667,1,69.326,178.911,5.0,6.0,5.0,5.0,6.0,6.0,5.0,2.0,3.0,4.0,1.0,2.0,3.0,4.0,1.0,5.333333333333333
867de350-ded7-4f1b-be20-c23b15912b73,H2,H,2.0,intellectual,1,O3,COL,1,COL,1,1,True,6.0,2.9,6.0,4.5,5.333333333333333,4.4,7.0,5.75,5.333333333333333,47.0,1.0,4.0,4.0,5.0,0,20.833333333333332,1,116.211,312.35,5.0,5.0,5.0,5.0,5.0,5.0,7.0,1.0,,2.0,3.0,2.0,,3.0,1.0,5.0
867de350-ded7-4f1b-be20-c23b15912b73,H2,H,2.0,intellectual,1,O3,REL,2,COL,1,1,True,6.0,2.9,6.0,4.5,5.333333333333333,4.4,7.0,5.75,5.333333333333333,47.0,1.0,4.0,4.0,5.0,0,20.833333333333332,1,69.588,203.516,5.0,6.0,5.0,6.0,6.0,6.0,7.0,1.0,,2.0,3.0,1.0,,2.0,3.0,5.333333333333333
867de350-ded7-4f1b-be20-c23b15912b73,H2,H,2.0,intellectual,1,O3,ADV,3,COL,1,1,True,6.0,2.9,6.0,4.5,5.333333333333333,4.4,7.0,5.75,5.333333333333333,47.0,1.0,4.0,4.0,5.0,0,20.833333333333332,1,104.044,406.344,6.0,6.0,5.0,6.0,6.0,6.0,7.0,1.0,,2.0,3.0,2.0,,1.0,3.0,5.666666666666667
41858ff5-4f12-4409-879d-1c0dea18a081,H2,H,2.0,intellectual,1,O1,REL,1,REL,1,1,True,5.0,3.5,3.0,3.5,3.2222222222222223,5.0,5.0,4.0,4.0,34.0,1.0,3.0,0.0,0.0,0,10.883333333333333,1,69.354,136.247,5.0,5.0,5.0,5.0,6.0,5.0,6.0,3.0,,1.0,2.0,3.0,,2.0,1.0,5.0
41858ff5-4f12-4409-879d-1c0dea18a081,H2,H,2.0,intellectual,1,O1,ADV,2,REL,1,1,True,5.0,3.5,3.0,3.5,3.2222222222222223,5.0,5.0,4.0,4.0,34.0,1.0,3.0,0.0,0.0,0,10.883333333333333,1,103.793,156.29,6.0,6.0,6.0,7.0,5.0,6.0,6.0,3.0,,1.0,2.0,3.0,,1.0,2.0,6.0
41858ff5-4f12-4409-879d-1c0dea18a081,H2,H,2.0,intellectual,1,O1,COL,3,REL,1,1,True,5.0,3.5,3.0,3.5,3.2222222222222223,5.0,5.0,4.0,4.0,34.0,1.0,3.0,0.0,0.0,0,10.883333333333333,1,115.275,160.646,6.0,6.0,6.0,3.0,5.0,6.0,6.0,2.0,,1.0,3.0,3.0,,1.0,2.0,6.0
06576a93-edbd-40bc-bd26-8df3135b3cab,HA2,HA,2.0,intellectual,1,O3,COL,1,COL,1,1,True,6.0,3.9,6.2,6.75,6.444444444444445,4.8,5.0,5.25,6.0,61.0,0.0,4.0,1.0,5.0,0,27.15,1,157.528,694.227,6.0,7.0,7.0,6.0,6.0,6.0,6.0,2.0,4.0,1.0,3.0,1.0,4.0,2.0,3.0,6.666666666666667
06576a93-edbd-40bc-bd26-8df3135b3cab,HA2,HA,2.0,intellectual,1,O3,REL,2,COL,1,1,True,6.0,3.9,6.2,6.75,6.444444444444445,4.8,5.0,5.25,6.0,61.0,0.0,4.0,1.0,5.0,0,27.15,1,105.353,230.279,7.0,7.0,7.0,7.0,6.0,6.0,6.0,4.0,1.0,2.0,3.0,3.0,2.0,1.0,4.0,7.0
06576a93-edbd-40bc-bd26-8df3135b3cab,HA2,HA,2.0,intellectual,1,O3,ADV,3,COL,1,1,True,6.0,3.9,6.2,6.75,6.444444444444445,4.8,5.0,5.25,6.0,61.0,0.0,4.0,1.0,5.0,0,27.15,1,103.847,231.465,6.0,7.0,7.0,7.0,6.0,6.0,6.0,1.0,3.0,2.0,4.0,1.0,3.0,2.0,4.0,6.666666666666667
547eed59-c7b2-4ee6-93ee-91413cf80685,H1,H,1.0,no mention,1,O1,REL,1,REL,1,1,True,5.0,5.0,2.2,2.75,2.4444444444444446,6.2,6.0,2.0,4.333333333333333,65.0,0.0,0.0,0.0,3.0,0,12.1,1,69.422,175.606,4.0,4.0,4.0,3.0,4.0,4.0,5.0,1.0,,2.0,3.0,1.0,,3.0,2.0,4.0
547eed59-c7b2-4ee6-93ee-91413cf80685,H1,H,1.0,no mention,1,O1,ADV,2,REL,1,1,True,5.0,5.0,2.2,2.75,2.4444444444444446,6.2,6.0,2.0,4.333333333333333,65.0,0.0,0.0,0.0,3.0,0,12.1,1,103.838,162.36,4.0,4.0,3.0,3.0,4.0,4.0,5.0,1.0,,2.0,3.0,1.0,,2.0,3.0,3.6666666666666665
547eed59-c7b2-4ee6-93ee-91413cf80685,H1,H,1.0,no mention,1,O1,COL,3,REL,1,1,True,5.0,5.0,2.2,2.75,2.4444444444444446,6.2,6.0,2.0,4.333333333333333,65.0,0.0,0.0,0.0,3.0,0,12.1,1,115.314,148.495,4.0,4.0,3.0,3.0,4.0,4.0,5.0,1.0,,2.0,3.0,1.0,,2.0,3.0,3.6666666666666665
e33fc421-386d-43e6-8a0e-13c0ba9f5831,A,A,,AI (no operator),0,O6,COL,1,COL,1,1,True,6.0,3.8,5.8,5.0,5.444444444444445,4.2,4.0,5.25,4.666666666666667,57.0,0.0,5.0,2.0,3.0,0,18.483333333333334,1,115.978,309.251,5.0,5.0,5.0,5.0,6.0,5.0,,,1.0,2.0,3.0,,1.0,2.0,3.0,5.0
e33fc421-386d-43e6-8a0e-13c0ba9f5831,A,A,,AI (no operator),0,O6,ADV,2,COL,1,1,True,6.0,3.8,5.8,5.0,5.444444444444445,4.2,4.0,5.25,4.666666666666667,57.0,0.0,5.0,2.0,3.0,0,18.483333333333334,1,104.699,216.183,6.0,6.0,6.0,6.0,6.0,6.0,,,2.0,3.0,1.0,,2.0,3.0,1.0,6.0
e33fc421-386d-43e6-8a0e-13c0ba9f5831,A,A,,AI (no operator),0,O6,REL,3,COL,1,1,True,6.0,3.8,5.8,5.0,5.444444444444445,4.2,4.0,5.25,4.666666666666667,57.0,0.0,5.0,2.0,3.0,0,18.483333333333334,1,70.102,140.516,6.0,5.0,5.0,5.0,6.0,6.0,,,2.0,3.0,1.0,,2.0,3.0,1.0,5.333333333333333
391c9318-d919-4cdc-aac4-b7cf0b008943,H1,H,1.0,no mention,1,O4,REL,1,REL,1,1,True,3.0,3.8,5.6,4.25,5.0,5.6,5.5,5.0,3.0,22.0,0.0,5.0,5.0,1.0,0,16.266666666666666,1,69.728,167.05,5.0,5.0,3.0,3.0,6.0,6.0,6.0,1.0,,2.0,3.0,1.0,,3.0,2.0,4.333333333333333
391c9318-d919-4cdc-aac4-b7cf0b008943,H1,H,1.0,no mention,1,O4,COL,2,REL,1,1,True,3.0,3.8,5.6,4.25,5.0,5.6,5.5,5.0,3.0,22.0,0.0,5.0,5.0,1.0,0,16.266666666666666,1,115.597,233.314,5.0,6.0,3.0,4.0,6.0,6.0,6.0,1.0,,3.0,2.0,1.0,,3.0,2.0,4.666666666666667
391c9318-d919-4cdc-aac4-b7cf0b008943,H1,H,1.0,no mention,1,O4,ADV,3,REL,1,1,True,3.0,3.8,5.6,4.25,5.0,5.6,5.5,5.0,3.0,22.0,0.0,5.0,5.0,1.0,0,16.266666666666666,1,103.95,149.286,5.0,4.0,2.0,4.0,6.0,5.0,6.0,1.0,,2.0,3.0,1.0,,3.0,2.0,3.6666666666666665
1f51c926-298d-46f1-83be-ae33bbc8f9fa,H2,H,2.0,intellectual,1,O5,ADV,1,ADV,1,1,True,1.0,4.1,5.8,2.75,4.444444444444445,5.4,4.25,4.0,2.6666666666666665,36.0,0.0,5.0,3.0,2.0,0,19.216666666666665,1,104.078,193.033,4.0,5.0,2.0,1.0,6.0,5.0,6.0,1.0,,2.0,3.0,1.0,,2.0,3.0,3.6666666666666665
1f51c926-298d-46f1-83be-ae33bbc8f9fa,H2,H,2.0,intellectual,1,O5,REL,2,ADV,1,1,True,1.0,4.1,5.8,2.75,4.444444444444445,5.4,4.25,4.0,2.6666666666666665,36.0,0.0,5.0,3.0,2.0,0,19.216666666666665,1,69.365,130.738,4.0,4.0,1.0,1.0,6.0,4.0,6.0,1.0,,2.0,3.0,1.0,,2.0,3.0,3.0
1f51c926-298d-46f1-83be-ae33bbc8f9fa,H2,H,2.0,intellectual,1,O5,COL,3,ADV,1,1,True,1.0,4.1,5.8,2.75,4.444444444444445,5.4,4.25,4.0,2.6666666666666665,36.0,0.0,5.0,3.0,2.0,0,19.216666666666665,1,115.217,174.562,5.0,6.0,4.0,3.0,6.0,6.0,6.0,1.0,,2.0,3.0,1.0,,2.0,3.0,5.0
a2d6d066-38c4-4a09-b230-37ffaf6c3871,HA1,HA,1.0,no mention,1,O3,COL,1,COL,1,1,True,6.0,3.1,5.4,3.25,4.444444444444445,5.4,6.0,6.25,7.0,48.0,0.0,5.0,4.0,4.0,0,22.683333333333334,1,152.011,477.338,6.0,7.0,6.0,6.0,6.0,5.0,5.0,1.0,3.0,2.0,4.0,3.0,1.0,2.0,4.0,6.333333333333333
a2d6d066-38c4-4a09-b230-37ffaf6c3871,HA1,HA,1.0,no mention,1,O3,REL,2,COL,1,1,True,6.0,3.1,5.4,3.25,4.444444444444445,5.4,6.0,6.25,7.0,48.0,0.0,5.0,4.0,4.0,0,22.683333333333334,1,69.35,209.37,6.0,6.0,6.0,7.0,6.0,6.0,6.0,1.0,2.0,3.0,4.0,1.0,3.0,4.0,2.0,6.0
a2d6d066-38c4-4a09-b230-37ffaf6c3871,HA1,HA,1.0,no mention,1,O3,ADV,3,COL,1,1,True,6.0,3.1,5.4,3.25,4.444444444444445,5.4,6.0,6.25,7.0,48.0,0.0,5.0,4.0,4.0,0,22.683333333333334,1,108.686,210.497,7.0,7.0,6.0,7.0,7.0,7.0,7.0,1.0,2.0,4.0,3.0,1.0,3.0,4.0,2.0,6.666666666666667
45492265-b7ef-4f2e-b5b3-f99d4a5fcb94,HA3,HA,3.0,mobility,1,O4,REL,1,REL,1,1,True,6.0,5.7,3.8,3.0,3.4444444444444446,5.2,4.25,3.5,3.0,28.0,1.0,5.0,0.0,0.0,0,17.066666666666666,1,69.956,119.671,6.0,5.0,5.0,6.0,6.0,6.0,6.0,1.0,2.0,3.0,4.0,1.0,2.0,3.0,4.0,5.333333333333333
45492265-b7ef-4f2e-b5b3-f99d4a5fcb94,HA3,HA,3.0,mobility,1,O4,COL,2,REL,1,1,True,6.0,5.7,3.8,3.0,3.4444444444444446,5.2,4.25,3.5,3.0,28.0,1.0,5.0,0.0,0.0,0,17.066666666666666,1,116.091,195.792,6.0,6.0,6.0,5.0,5.0,7.0,6.0,1.0,2.0,4.0,3.0,2.0,3.0,4.0,1.0,6.0
45492265-b7ef-4f2e-b5b3-f99d4a5fcb94,HA3,HA,3.0,mobility,1,O4,ADV,3,REL,1,1,True,6.0,5.7,3.8,3.0,3.4444444444444446,5.2,4.25,3.5,3.0,28.0,1.0,5.0,0.0,0.0,0,17.066666666666666,1,233.83,286.365,6.0,5.0,5.0,6.0,6.0,6.0,6.0,1.0,2.0,3.0,4.0,1.0,2.0,3.0,4.0,5.333333333333333
a77583da-93d5-4f1d-83a1-e1332ed421d6,H3,H,3.0,mobility,1,O6,COL,1,COL,1,1,True,7.0,5.6,2.8,1.0,2.0,4.0,4.0,2.5,4.333333333333333,31.0,1.0,4.0,1.0,2.0,0,19.616666666666667,1,119.606,175.486,5.0,6.0,4.0,4.0,7.0,6.0,7.0,1.0,,2.0,3.0,1.0,,2.0,3.0,5.0
a77583da-93d5-4f1d-83a1-e1332ed421d6,H3,H,3.0,mobility,1,O6,ADV,2,COL,1,1,True,7.0,5.6,2.8,1.0,2.0,4.0,4.0,2.5,4.333333333333333,31.0,1.0,4.0,1.0,2.0,0,19.616666666666667,1,104.06,136.65,6.0,5.0,4.0,7.0,7.0,7.0,7.0,1.0,,3.0,2.0,1.0,,3.0,2.0,5.0
a77583da-93d5-4f1d-83a1-e1332ed421d6,H3,H,3.0,mobility,1,O6,REL,3,COL,1,1,True,7.0,5.6,2.8,1.0,2.0,4.0,4.0,2.5,4.333333333333333,31.0,1.0,4.0,1.0,2.0,0,19.616666666666667,1,75.178,104.212,5.0,4.0,3.0,5.0,7.0,5.0,7.0,1.0,,2.0,3.0,1.0,,2.0,3.0,4.0
44e53c51-7d61-422e-9e95-14935c509f1f,HA2,HA,2.0,intellectual,1,O5,ADV,1,ADV,1,1,True,6.0,5.5,1.0,1.0,1.0,4.4,4.0,1.0,1.0,38.0,1.0,3.0,1.0,5.0,0,13.3,1,103.992,167.945,6.0,6.0,1.0,1.0,6.0,6.0,6.0,3.0,2.0,1.0,4.0,3.0,2.0,1.0,4.0,4.333333333333333
44e53c51-7d61-422e-9e95-14935c509f1f,HA2,HA,2.0,intellectual,1,O5,REL,2,ADV,1,1,True,6.0,5.5,1.0,1.0,1.0,4.4,4.0,1.0,1.0,38.0,1.0,3.0,1.0,5.0,0,13.3,1,69.508,137.157,6.0,6.0,6.0,1.0,6.0,6.0,6.0,3.0,2.0,1.0,4.0,3.0,2.0,1.0,4.0,6.0
44e53c51-7d61-422e-9e95-14935c509f1f,HA2,HA,2.0,intellectual,1,O5,COL,3,ADV,1,1,True,6.0,5.5,1.0,1.0,1.0,4.4,4.0,1.0,1.0,38.0,1.0,3.0,1.0,5.0,0,13.3,1,115.494,202.914,3.0,2.0,1.0,1.0,5.0,3.0,4.0,3.0,2.0,1.0,4.0,3.0,2.0,1.0,4.0,2.0
c97c900c-3c3e-42d4-ac2c-b7ce9787a47e,A,A,,AI (no operator),0,O5,ADV,1,ADV,1,1,True,5.0,3.1,6.2,6.5,6.333333333333333,5.2,6.0,6.5,6.0,57.0,1.0,4.0,1.0,5.0,0,13.916666666666666,1,103.854,213.003,6.0,7.0,6.0,6.0,2.0,6.0,,,2.0,3.0,1.0,,2.0,3.0,1.0,6.333333333333333
c97c900c-3c3e-42d4-ac2c-b7ce9787a47e,A,A,,AI (no operator),0,O5,REL,2,ADV,1,1,True,5.0,3.1,6.2,6.5,6.333333333333333,5.2,6.0,6.5,6.0,57.0,1.0,4.0,1.0,5.0,0,13.916666666666666,1,69.362,157.795,6.0,6.0,6.0,7.0,2.0,6.0,,,1.0,2.0,3.0,,1.0,2.0,3.0,6.0
c97c900c-3c3e-42d4-ac2c-b7ce9787a47e,A,A,,AI (no operator),0,O5,COL,3,ADV,1,1,True,5.0,3.1,6.2,6.5,6.333333333333333,5.2,6.0,6.5,6.0,57.0,1.0,4.0,1.0,5.0,0,13.916666666666666,1,115.262,168.146,6.0,7.0,6.0,6.0,2.0,6.0,,,1.0,2.0,3.0,,1.0,2.0,3.0,6.333333333333333
22a13fed-3b42-4b77-8deb-85e6849606f3,H3,H,3.0,mobility,1,O2,ADV,1,ADV,1,1,True,6.0,4.5,5.4,5.25,5.333333333333333,5.8,6.0,5.5,6.0,43.0,0.0,4.0,3.0,1.0,0,10.4,1,103.864,155.09,6.0,6.0,5.0,7.0,5.0,6.0,7.0,1.0,,3.0,2.0,1.0,,3.0,2.0,5.666666666666667
22a13fed-3b42-4b77-8deb-85e6849606f3,H3,H,3.0,mobility,1,O2,COL,2,ADV,1,1,True,6.0,4.5,5.4,5.25,5.333333333333333,5.8,6.0,5.5,6.0,43.0,0.0,4.0,3.0,1.0,0,10.4,1,115.286,153.75,6.0,7.0,6.0,5.0,5.0,6.0,7.0,1.0,,3.0,2.0,1.0,,3.0,2.0,6.333333333333333
22a13fed-3b42-4b77-8deb-85e6849606f3,H3,H,3.0,mobility,1,O2,REL,3,ADV,1,1,True,6.0,4.5,5.4,5.25,5.333333333333333,5.8,6.0,5.5,6.0,43.0,0.0,4.0,3.0,1.0,0,10.4,1,69.34,97.153,5.0,6.0,6.0,7.0,7.0,6.0,7.0,1.0,,3.0,2.0,1.0,,3.0,2.0,5.666666666666667
fa7edf4f-77ce-4e31-8dba-024cc5b01c8b,H3,H,3.0,mobility,1,O5,ADV,1,ADV,1,1,True,7.0,4.9,4.6,4.0,4.333333333333333,7.0,7.0,4.0,1.0,38.0,0.0,0.0,0.0,3.0,0,12.65,1,104.044,199.645,7.0,7.0,7.0,7.0,7.0,7.0,7.0,2.0,,3.0,1.0,2.0,,3.0,1.0,7.0
fa7edf4f-77ce-4e31-8dba-024cc5b01c8b,H3,H,3.0,mobility,1,O5,REL,2,ADV,1,1,True,7.0,4.9,4.6,4.0,4.333333333333333,7.0,7.0,4.0,1.0,38.0,0.0,0.0,0.0,3.0,0,12.65,1,69.528,141.964,7.0,7.0,7.0,7.0,7.0,7.0,7.0,1.0,,2.0,3.0,1.0,,3.0,2.0,7.0
fa7edf4f-77ce-4e31-8dba-024cc5b01c8b,H3,H,3.0,mobility,1,O5,COL,3,ADV,1,1,True,7.0,4.9,4.6,4.0,4.333333333333333,7.0,7.0,4.0,1.0,38.0,0.0,0.0,0.0,3.0,0,12.65,1,115.566,185.895,5.0,5.0,7.0,7.0,7.0,5.0,7.0,1.0,,2.0,3.0,1.0,,3.0,2.0,5.666666666666667
6a09af2e-ad74-45bc-b687-dd81a4d7f086,HA1,HA,1.0,no mention,1,O6,COL,1,COL,1,1,True,6.0,3.9,3.4,3.5,3.4444444444444446,4.2,5.0,5.0,5.0,50.0,0.0,2.0,1.0,3.0,0,11.716666666666667,1,115.319,207.91,5.0,5.0,5.0,3.0,5.0,5.0,5.0,2.0,1.0,3.0,4.0,1.0,2.0,3.0,4.0,5.0
6a09af2e-ad74-45bc-b687-dd81a4d7f086,HA1,HA,1.0,no mention,1,O6,ADV,2,COL,1,1,True,6.0,3.9,3.4,3.5,3.4444444444444446,4.2,5.0,5.0,5.0,50.0,0.0,2.0,1.0,3.0,0,11.716666666666667,1,103.83,145.187,6.0,6.0,5.0,6.0,5.0,5.0,5.0,1.0,2.0,3.0,4.0,2.0,1.0,3.0,4.0,5.666666666666667
6a09af2e-ad74-45bc-b687-dd81a4d7f086,HA1,HA,1.0,no mention,1,O6,REL,3,COL,1,1,True,6.0,3.9,3.4,3.5,3.4444444444444446,4.2,5.0,5.0,5.0,50.0,0.0,2.0,1.0,3.0,0,11.716666666666667,1,69.394,98.307,6.0,6.0,6.0,6.0,6.0,6.0,6.0,1.0,2.0,3.0,4.0,1.0,2.0,3.0,4.0,6.0
5bea2696-3ca7-4fd0-aa18-fab91c411280,HA3,HA,3.0,mobility,1,O1,REL,1,REL,1,1,True,7.0,1.8,6.8,6.5,6.666666666666667,6.2,5.5,5.0,7.0,53.0,0.0,5.0,0.0,2.0,0,15.716666666666667,1,69.34,225.127,7.0,7.0,7.0,7.0,7.0,7.0,6.0,3.0,1.0,2.0,4.0,1.0,2.0,3.0,4.0,7.0
5bea2696-3ca7-4fd0-aa18-fab91c411280,HA3,HA,3.0,mobility,1,O1,ADV,2,REL,1,1,True,7.0,1.8,6.8,6.5,6.666666666666667,6.2,5.5,5.0,7.0,53.0,0.0,5.0,0.0,2.0,0,15.716666666666667,1,103.808,258.005,7.0,6.0,7.0,7.0,7.0,7.0,6.0,1.0,2.0,3.0,4.0,1.0,2.0,3.0,4.0,6.666666666666667
5bea2696-3ca7-4fd0-aa18-fab91c411280,HA3,HA,3.0,mobility,1,O1,COL,3,REL,1,1,True,7.0,1.8,6.8,6.5,6.666666666666667,6.2,5.5,5.0,7.0,53.0,0.0,5.0,0.0,2.0,0,15.716666666666667,1,115.328,190.198,7.0,7.0,7.0,7.0,6.0,7.0,7.0,3.0,2.0,1.0,4.0,3.0,2.0,1.0,4.0,7.0
4c2e629d-321a-4bed-9227-5560ccb2f2be,HA1,HA,1.0,no mention,1,O4,REL,1,REL,1,1,True,5.0,4.5,3.2,1.5,2.4444444444444446,5.8,6.25,5.5,6.666666666666667,36.0,0.0,5.0,0.0,1.0,0,32.416666666666664,1,69.684,127.364,5.0,5.0,6.0,5.0,6.0,7.0,5.0,1.0,2.0,3.0,4.0,1.0,3.0,2.0,4.0,5.333333333333333
4c2e629d-321a-4bed-9227-5560ccb2f2be,HA1,HA,1.0,no mention,1,O4,COL,2,REL,1,1,True,5.0,4.5,3.2,1.5,2.4444444444444446,5.8,6.25,5.5,6.666666666666667,36.0,0.0,5.0,0.0,1.0,0,32.416666666666664,1,606.164,679.325,6.0,6.0,7.0,3.0,5.0,6.0,6.0,1.0,4.0,2.0,3.0,1.0,3.0,2.0,4.0,6.333333333333333
4c2e629d-321a-4bed-9227-5560ccb2f2be,HA1,HA,1.0,no mention,1,O4,ADV,3,REL,1,1,True,5.0,4.5,3.2,1.5,2.4444444444444446,5.8,6.25,5.5,6.666666666666667,36.0,0.0,5.0,0.0,1.0,0,32.416666666666664,1,555.576,617.327,5.0,6.0,6.0,6.0,7.0,6.0,6.0,4.0,1.0,2.0,3.0,4.0,1.0,2.0,3.0,5.666666666666667
fd1d8a26-0603-4cce-95de-98f3c3655059,HA1,HA,1.0,no mention,1,O5,ADV,1,ADV,1,1,True,4.0,5.4,4.4,2.25,3.4444444444444446,4.0,4.0,4.25,4.0,71.0,1.0,4.0,0.0,0.0,0,12.716666666666667,1,103.792,222.679,5.0,5.0,3.0,5.0,5.0,6.0,6.0,2.0,4.0,3.0,1.0,2.0,4.0,3.0,1.0,4.333333333333333
fd1d8a26-0603-4cce-95de-98f3c3655059,HA1,HA,1.0,no mention,1,O5,REL,2,ADV,1,1,True,4.0,5.4,4.4,2.25,3.4444444444444446,4.0,4.0,4.25,4.0,71.0,1.0,4.0,0.0,0.0,0,12.716666666666667,1,69.357,144.44,4.0,3.0,1.0,4.0,5.0,4.0,5.0,4.0,2.0,3.0,1.0,4.0,2.0,3.0,1.0,2.6666666666666665
fd1d8a26-0603-4cce-95de-98f3c3655059,HA1,HA,1.0,no mention,1,O5,COL,3,ADV,1,1,True,4.0,5.4,4.4,2.25,3.4444444444444446,4.0,4.0,4.25,4.0,71.0,1.0,4.0,0.0,0.0,0,12.716666666666667,1,115.274,171.751,5.0,5.0,5.0,5.0,5.0,5.0,5.0,3.0,2.0,1.0,4.0,3.0,2.0,1.0,4.0,5.0
d9ecb94b-6295-431c-af9c-ec59f165c475,HA1,HA,1.0,no mention,1,O1,REL,1,REL,0,1,False,5.0,3.2,6.6,5.5,6.111111111111111,5.2,6.0,6.5,5.0,71.0,0.0,5.0,0.0,4.0,0,26.483333333333334,1,69.356,304.936,6.0,7.0,7.0,6.0,6.0,6.0,6.0,1.0,2.0,3.0,4.0,2.0,1.0,3.0,4.0,6.666666666666667
d9ecb94b-6295-431c-af9c-ec59f165c475,HA1,HA,1.0,no mention,1,O1,ADV,2,REL,0,1,False,5.0,3.2,6.6,5.5,6.111111111111111,5.2,6.0,6.5,5.0,71.0,0.0,5.0,0.0,4.0,0,26.483333333333334,1,103.77,229.415,6.0,7.0,6.0,6.0,6.0,7.0,7.0,1.0,2.0,3.0,4.0,2.0,1.0,3.0,4.0,6.333333333333333
d9ecb94b-6295-431c-af9c-ec59f165c475,HA1,HA,1.0,no mention,1,O1,COL,3,REL,0,1,False,5.0,3.2,6.6,5.5,6.111111111111111,5.2,6.0,6.5,5.0,71.0,0.0,5.0,0.0,4.0,0,26.483333333333334,1,115.334,223.415,7.0,7.0,6.0,6.0,6.0,7.0,7.0,1.0,2.0,3.0,4.0,1.0,2.0,3.0,4.0,6.666666666666667
58bcc6ed-3446-4d51-b2b5-e73f984cbee6,HA2,HA,2.0,intellectual,1,O4,REL,1,REL,1,1,True,7.0,2.4,6.2,6.25,6.222222222222222,6.2,6.75,7.0,6.333333333333333,55.0,0.0,5.0,0.0,4.0,0,19.883333333333333,1,296.3,418.723,7.0,7.0,7.0,7.0,7.0,7.0,7.0,1.0,4.0,2.0,3.0,1.0,4.0,2.0,3.0,7.0
58bcc6ed-3446-4d51-b2b5-e73f984cbee6,HA2,HA,2.0,intellectual,1,O4,COL,2,REL,1,1,True,7.0,2.4,6.2,6.25,6.222222222222222,6.2,6.75,7.0,6.333333333333333,55.0,0.0,5.0,0.0,4.0,0,19.883333333333333,1,131.184,255.016,7.0,7.0,7.0,7.0,6.0,7.0,6.0,1.0,4.0,3.0,2.0,2.0,4.0,3.0,1.0,7.0
58bcc6ed-3446-4d51-b2b5-e73f984cbee6,HA2,HA,2.0,intellectual,1,O4,ADV,3,REL,1,1,True,7.0,2.4,6.2,6.25,6.222222222222222,6.2,6.75,7.0,6.333333333333333,55.0,0.0,5.0,0.0,4.0,0,19.883333333333333,1,103.858,178.784,7.0,7.0,7.0,7.0,7.0,7.0,7.0,1.0,4.0,2.0,3.0,1.0,4.0,2.0,3.0,7.0
3236d2ba-b7c9-42ad-b78a-8c742d78b19e,A,A,,AI (no operator),0,O1,REL,1,REL,1,1,True,6.0,2.6,4.8,5.25,5.0,7.0,7.0,5.75,7.0,63.0,1.0,2.0,0.0,4.0,0,13.916666666666666,1,69.34,158.303,7.0,7.0,7.0,7.0,7.0,7.0,,,1.0,2.0,3.0,,1.0,2.0,3.0,7.0
3236d2ba-b7c9-42ad-b78a-8c742d78b19e,A,A,,AI (no operator),0,O1,ADV,2,REL,1,1,True,6.0,2.6,4.8,5.25,5.0,7.0,7.0,5.75,7.0,63.0,1.0,2.0,0.0,4.0,0,13.916666666666666,1,103.819,173.589,7.0,7.0,7.0,7.0,7.0,7.0,,,1.0,2.0,3.0,,1.0,2.0,3.0,7.0
3236d2ba-b7c9-42ad-b78a-8c742d78b19e,A,A,,AI (no operator),0,O1,COL,3,REL,1,1,True,6.0,2.6,4.8,5.25,5.0,7.0,7.0,5.75,7.0,63.0,1.0,2.0,0.0,4.0,0,13.916666666666666,1,115.306,178.845,6.0,7.0,7.0,7.0,7.0,6.0,,,2.0,1.0,3.0,,1.0,2.0,3.0,6.666666666666667
5485c7d2-f933-4fe1-a44b-33f161d1a741,H3,H,3.0,mobility,1,O4,REL,1,REL,1,1,True,7.0,1.8,5.8,6.25,6.0,6.6,6.25,7.0,7.0,48.0,1.0,4.0,0.0,3.0,0,16.016666666666666,1,69.346,204.905,6.0,6.0,7.0,7.0,7.0,7.0,7.0,2.0,,1.0,3.0,1.0,,2.0,3.0,6.333333333333333
5485c7d2-f933-4fe1-a44b-33f161d1a741,H3,H,3.0,mobility,1,O4,COL,2,REL,1,1,True,7.0,1.8,5.8,6.25,6.0,6.6,6.25,7.0,7.0,48.0,1.0,4.0,0.0,3.0,0,16.016666666666666,1,115.331,198.325,7.0,7.0,7.0,7.0,7.0,7.0,7.0,2.0,,1.0,3.0,1.0,,2.0,3.0,7.0
5485c7d2-f933-4fe1-a44b-33f161d1a741,H3,H,3.0,mobility,1,O4,ADV,3,REL,1,1,True,7.0,1.8,5.8,6.25,6.0,6.6,6.25,7.0,7.0,48.0,1.0,4.0,0.0,3.0,0,16.016666666666666,1,103.851,172.907,7.0,7.0,7.0,7.0,7.0,7.0,7.0,1.0,,2.0,3.0,1.0,,2.0,3.0,7.0
9cfddda0-5c97-43d1-9a08-02a34444d69e,A,A,,AI (no operator),0,O4,REL,1,REL,1,1,True,7.0,2.4,6.0,6.0,6.0,5.8,6.0,7.0,7.0,48.0,1.0,4.0,1.0,4.0,0,15.416666666666666,1,69.704,180.693,7.0,7.0,7.0,7.0,7.0,7.0,,,1.0,2.0,3.0,,1.0,2.0,3.0,7.0
9cfddda0-5c97-43d1-9a08-02a34444d69e,A,A,,AI (no operator),0,O4,COL,2,REL,1,1,True,7.0,2.4,6.0,6.0,6.0,5.8,6.0,7.0,7.0,48.0,1.0,4.0,1.0,4.0,0,15.416666666666666,1,115.822,204.387,7.0,7.0,7.0,6.0,6.0,7.0,,,1.0,2.0,3.0,,1.0,2.0,3.0,7.0
9cfddda0-5c97-43d1-9a08-02a34444d69e,A,A,,AI (no operator),0,O4,ADV,3,REL,1,1,True,7.0,2.4,6.0,6.0,6.0,5.8,6.0,7.0,7.0,48.0,1.0,4.0,1.0,4.0,0,15.416666666666666,1,104.37,184.3,7.0,7.0,7.0,7.0,7.0,7.0,,,1.0,2.0,3.0,,1.0,2.0,3.0,7.0
0c21ec27-66b8-4999-aa57-0a6389dab9e0,H2,H,2.0,intellectual,1,O2,ADV,1,ADV,0,1,False,1.0,4.3,5.0,4.5,4.777777777777778,3.0,6.25,5.0,5.0,27.0,0.0,5.0,0.0,0.0,0,13.05,1,103.79,183.474,6.0,6.0,6.0,6.0,6.0,6.0,6.0,1.0,,2.0,3.0,2.0,,1.0,3.0,6.0
0c21ec27-66b8-4999-aa57-0a6389dab9e0,H2,H,2.0,intellectual,1,O2,COL,2,ADV,0,1,False,1.0,4.3,5.0,4.5,4.777777777777778,3.0,6.25,5.0,5.0,27.0,0.0,5.0,0.0,0.0,0,13.05,1,115.341,172.434,7.0,7.0,7.0,7.0,7.0,7.0,7.0,1.0,,2.0,3.0,1.0,,2.0,3.0,7.0
0c21ec27-66b8-4999-aa57-0a6389dab9e0,H2,H,2.0,intellectual,1,O2,REL,3,ADV,0,1,False,1.0,4.3,5.0,4.5,4.777777777777778,3.0,6.25,5.0,5.0,27.0,0.0,5.0,0.0,0.0,0,13.05,1,69.406,104.297,7.0,7.0,7.0,7.0,7.0,7.0,7.0,1.0,,2.0,3.0,1.0,,2.0,3.0,7.0
3b3a266c-db3b-4822-ab8f-658a91233f71,H1,H,1.0,no mention,1,O3,COL,1,COL,1,1,True,7.0,1.4,6.4,4.0,5.333333333333333,4.2,4.0,7.0,7.0,39.0,0.0,5.0,2.0,3.0,0,10.8,1,115.499,190.676,7.0,7.0,7.0,7.0,7.0,7.0,6.0,1.0,,3.0,2.0,2.0,,3.0,1.0,7.0
3b3a266c-db3b-4822-ab8f-658a91233f71,H1,H,1.0,no mention,1,O3,REL,2,COL,1,1,True,7.0,1.4,6.4,4.0,5.333333333333333,4.2,4.0,7.0,7.0,39.0,0.0,5.0,2.0,3.0,0,10.8,1,69.526,105.743,7.0,7.0,7.0,7.0,7.0,7.0,6.0,2.0,,3.0,1.0,2.0,,3.0,1.0,7.0
3b3a266c-db3b-4822-ab8f-658a91233f71,H1,H,1.0,no mention,1,O3,ADV,3,COL,1,1,True,7.0,1.4,6.4,4.0,5.333333333333333,4.2,4.0,7.0,7.0,39.0,0.0,5.0,2.0,3.0,0,10.8,1,103.873,132.945,7.0,7.0,7.0,7.0,7.0,7.0,6.0,1.0,,3.0,2.0,1.0,,3.0,2.0,7.0
4d1ba853-9576-477c-9ccc-3d4dc23b3567,H1,H,1.0,no mention,1,O2,ADV,1,ADV,1,1,True,6.0,4.0,5.4,5.75,5.555555555555555,4.4,6.0,5.0,6.0,39.0,0.0,5.0,0.0,1.0,0,19.533333333333335,1,103.798,291.944,6.0,6.0,6.0,6.0,6.0,6.0,2.0,1.0,,2.0,3.0,1.0,,2.0,3.0,6.0
4d1ba853-9576-477c-9ccc-3d4dc23b3567,H1,H,1.0,no mention,1,O2,COL,2,ADV,1,1,True,6.0,4.0,5.4,5.75,5.555555555555555,4.4,6.0,5.0,6.0,39.0,0.0,5.0,0.0,1.0,0,19.533333333333335,1,115.276,303.109,6.0,6.0,6.0,6.0,6.0,6.0,6.0,1.0,,2.0,3.0,1.0,,2.0,3.0,6.0
4d1ba853-9576-477c-9ccc-3d4dc23b3567,H1,H,1.0,no mention,1,O2,REL,3,ADV,1,1,True,6.0,4.0,5.4,5.75,5.555555555555555,4.4,6.0,5.0,6.0,39.0,0.0,5.0,0.0,1.0,0,19.533333333333335,1,69.378,133.132,6.0,6.0,6.0,6.0,6.0,6.0,6.0,1.0,,2.0,3.0,1.0,,2.0,3.0,6.0
44744939-ab1e-4a84-ad07-f7d0f2334fe0,HA2,HA,2.0,intellectual,1,O2,ADV,1,ADV,1,1,True,6.0,4.7,4.2,3.75,4.0,4.2,6.0,5.75,5.333333333333333,18.0,1.0,5.0,4.0,5.0,0,16.883333333333333,1,121.953,216.57,6.0,6.0,6.0,5.0,6.0,6.0,7.0,1.0,2.0,3.0,4.0,1.0,2.0,3.0,4.0,6.0
44744939-ab1e-4a84-ad07-f7d0f2334fe0,HA2,HA,2.0,intellectual,1,O2,COL,2,ADV,1,1,True,6.0,4.7,4.2,3.75,4.0,4.2,6.0,5.75,5.333333333333333,18.0,1.0,5.0,4.0,5.0,0,16.883333333333333,1,115.347,137.515,6.0,6.0,6.0,5.0,6.0,6.0,7.0,1.0,2.0,3.0,4.0,1.0,2.0,3.0,4.0,6.0
44744939-ab1e-4a84-ad07-f7d0f2334fe0,HA2,HA,2.0,intellectual,1,O2,REL,3,ADV,1,1,True,6.0,4.7,4.2,3.75,4.0,4.2,6.0,5.75,5.333333333333333,18.0,1.0,5.0,4.0,5.0,0,16.883333333333333,1,69.467,83.216,6.0,6.0,6.0,6.0,7.0,6.0,7.0,1.0,2.0,3.0,4.0,1.0,2.0,3.0,4.0,6.0
364c6be2-f409-417c-b838-4fedadb6d894,HA3,HA,3.0,mobility,1,O5,ADV,1,ADV,1,1,True,7.0,7.0,1.4,2.0,1.6666666666666667,6.4,7.0,6.5,4.0,33.0,1.0,3.0,0.0,5.0,1,15.133333333333333,1,153.2,270.923,7.0,7.0,6.0,7.0,7.0,7.0,7.0,2.0,3.0,4.0,1.0,2.0,3.0,4.0,1.0,6.666666666666667
364c6be2-f409-417c-b838-4fedadb6d894,HA3,HA,3.0,mobility,1,O5,REL,2,ADV,1,1,True,7.0,7.0,1.4,2.0,1.6666666666666667,6.4,7.0,6.5,4.0,33.0,1.0,3.0,0.0,5.0,1,15.133333333333333,1,77.019,152.87,7.0,7.0,7.0,7.0,7.0,7.0,7.0,2.0,3.0,4.0,1.0,2.0,3.0,4.0,1.0,7.0
364c6be2-f409-417c-b838-4fedadb6d894,HA3,HA,3.0,mobility,1,O5,COL,3,ADV,1,1,True,7.0,7.0,1.4,2.0,1.6666666666666667,6.4,7.0,6.5,4.0,33.0,1.0,3.0,0.0,5.0,1,15.133333333333333,1,115.536,164.732,7.0,7.0,7.0,7.0,7.0,7.0,7.0,2.0,3.0,4.0,1.0,2.0,3.0,4.0,1.0,7.0
c4d04504-05c5-47a1-924c-b8a642f57574,A,A,,AI (no operator),0,O2,ADV,1,ADV,1,1,True,4.0,3.9,5.4,5.25,5.333333333333333,6.6,5.25,6.5,6.333333333333333,53.0,1.0,1.0,0.0,4.0,0,18.15,1,214.542,376.368,6.0,6.0,7.0,5.0,6.0,7.0,,,1.0,2.0,3.0,,1.0,2.0,3.0,6.333333333333333
c4d04504-05c5-47a1-924c-b8a642f57574,A,A,,AI (no operator),0,O2,COL,2,ADV,1,1,True,4.0,3.9,5.4,5.25,5.333333333333333,6.6,5.25,6.5,6.333333333333333,53.0,1.0,1.0,0.0,4.0,0,18.15,1,115.309,199.69,6.0,6.0,7.0,6.0,6.0,7.0,,,2.0,1.0,3.0,,2.0,1.0,3.0,6.333333333333333
c4d04504-05c5-47a1-924c-b8a642f57574,A,A,,AI (no operator),0,O2,REL,3,ADV,1,1,True,4.0,3.9,5.4,5.25,5.333333333333333,6.6,5.25,6.5,6.333333333333333,53.0,1.0,1.0,0.0,4.0,0,18.15,1,69.406,143.434,4.0,4.0,6.0,6.0,6.0,7.0,,,2.0,1.0,3.0,,2.0,1.0,3.0,4.666666666666667
b8a69069-dc0d-4ec7-91ed-45d1048ac050,A,A,,AI (no operator),0,O3,COL,1,COL,1,0,True,4.0,6.2,2.2,2.5,2.3333333333333335,7.0,7.0,3.25,4.0,39.0,1.0,1.0,0.0,5.0,1,11.05,1,115.457,203.858,5.0,5.0,3.0,4.0,5.0,5.0,,,3.0,2.0,1.0,,1.0,2.0,3.0,4.333333333333333
b8a69069-dc0d-4ec7-91ed-45d1048ac050,A,A,,AI (no operator),0,O3,REL,2,COL,1,0,True,4.0,6.2,2.2,2.5,2.3333333333333335,7.0,7.0,3.25,4.0,39.0,1.0,1.0,0.0,5.0,1,11.05,1,69.536,124.668,5.0,3.0,3.0,5.0,5.0,5.0,,,1.0,2.0,3.0,,1.0,2.0,3.0,3.6666666666666665
b8a69069-dc0d-4ec7-91ed-45d1048ac050,A,A,,AI (no operator),0,O3,ADV,3,COL,1,0,True,4.0,6.2,2.2,2.5,2.3333333333333335,7.0,7.0,3.25,4.0,39.0,1.0,1.0,0.0,5.0,1,11.05,1,104.049,137.981,6.0,6.0,3.0,6.0,6.0,6.0,,,3.0,2.0,1.0,,1.0,2.0,3.0,5.0
136b751d-5c6a-49f0-814c-66b1dc9014ae,H3,H,3.0,mobility,1,O1,REL,1,REL,1,1,True,2.0,2.8,5.2,5.25,5.222222222222222,5.4,5.0,5.75,6.0,45.0,0.0,5.0,0.0,2.0,0,9.4,1,69.319,127.524,6.0,6.0,5.0,6.0,4.0,6.0,2.0,1.0,,2.0,3.0,1.0,,2.0,3.0,5.666666666666667
136b751d-5c6a-49f0-814c-66b1dc9014ae,H3,H,3.0,mobility,1,O1,ADV,2,REL,1,1,True,2.0,2.8,5.2,5.25,5.222222222222222,5.4,5.0,5.75,6.0,45.0,0.0,5.0,0.0,2.0,0,9.4,1,103.833,147.538,6.0,6.0,5.0,6.0,5.0,6.0,7.0,1.0,,3.0,2.0,1.0,,3.0,2.0,5.666666666666667
136b751d-5c6a-49f0-814c-66b1dc9014ae,H3,H,3.0,mobility,1,O1,COL,3,REL,1,1,True,2.0,2.8,5.2,5.25,5.222222222222222,5.4,5.0,5.75,6.0,45.0,0.0,5.0,0.0,2.0,0,9.4,1,115.308,147.893,6.0,6.0,5.0,7.0,6.0,6.0,7.0,1.0,,3.0,2.0,1.0,,3.0,2.0,5.666666666666667
62c71594-3179-42f1-9ec7-2e836f87307a,H2,H,2.0,intellectual,1,O6,COL,1,COL,1,1,True,6.0,4.2,4.0,4.25,4.111111111111111,4.4,5.25,5.5,4.333333333333333,20.0,1.0,3.0,0.0,4.0,0,13.033333333333333,1,115.516,200.421,5.0,6.0,4.0,5.0,6.0,6.0,6.0,1.0,,2.0,3.0,1.0,,3.0,2.0,5.0
62c71594-3179-42f1-9ec7-2e836f87307a,H2,H,2.0,intellectual,1,O6,ADV,2,COL,1,1,True,6.0,4.2,4.0,4.25,4.111111111111111,4.4,5.25,5.5,4.333333333333333,20.0,1.0,3.0,0.0,4.0,0,13.033333333333333,1,104.0,224.403,6.0,6.0,5.0,4.0,5.0,6.0,6.0,2.0,,3.0,1.0,2.0,,3.0,1.0,5.666666666666667
62c71594-3179-42f1-9ec7-2e836f87307a,H2,H,2.0,intellectual,1,O6,REL,3,COL,1,1,True,6.0,4.2,4.0,4.25,4.111111111111111,4.4,5.25,5.5,4.333333333333333,20.0,1.0,3.0,0.0,4.0,0,13.033333333333333,1,69.635,103.601,6.0,6.0,5.0,6.0,6.0,6.0,6.0,1.0,,2.0,3.0,1.0,,2.0,3.0,5.666666666666667
a38db428-ca2c-484a-8c17-bde5ae67ed94,HA3,HA,3.0,mobility,1,O6,COL,1,COL,1,1,True,6.0,3.8,6.0,6.0,6.0,6.4,6.0,5.75,6.0,53.0,0.0,5.0,0.0,1.0,0,16.883333333333333,1,181.639,356.038,7.0,7.0,7.0,5.0,6.0,6.0,6.0,4.0,3.0,2.0,1.0,4.0,3.0,2.0,1.0,7.0
a38db428-ca2c-484a-8c17-bde5ae67ed94,HA3,HA,3.0,mobility,1,O6,ADV,2,COL,1,1,True,6.0,3.8,6.0,6.0,6.0,6.4,6.0,5.75,6.0,53.0,0.0,5.0,0.0,1.0,0,16.883333333333333,1,103.781,156.314,7.0,7.0,7.0,6.0,6.0,6.0,6.0,4.0,3.0,2.0,1.0,4.0,3.0,2.0,1.0,7.0
a38db428-ca2c-484a-8c17-bde5ae67ed94,HA3,HA,3.0,mobility,1,O6,REL,3,COL,1,1,True,6.0,3.8,6.0,6.0,6.0,6.4,6.0,5.75,6.0,53.0,0.0,5.0,0.0,1.0,0,16.883333333333333,1,69.402,153.651,7.0,7.0,7.0,6.0,7.0,6.0,7.0,4.0,3.0,2.0,1.0,4.0,3.0,2.0,1.0,7.0
c5f04cce-2bf5-409c-a239-55b85cd51485,HA3,HA,3.0,mobility,1,O2,ADV,1,ADV,1,1,True,6.0,2.8,5.4,5.5,5.444444444444445,5.6,6.25,6.0,6.666666666666667,35.0,1.0,4.0,0.0,2.0,0,25.233333333333334,1,103.788,296.124,6.0,7.0,7.0,6.0,6.0,6.0,5.0,1.0,3.0,4.0,2.0,1.0,3.0,4.0,2.0,6.666666666666667
c5f04cce-2bf5-409c-a239-55b85cd51485,HA3,HA,3.0,mobility,1,O2,COL,2,ADV,1,1,True,6.0,2.8,5.4,5.5,5.444444444444445,5.6,6.25,6.0,6.666666666666667,35.0,1.0,4.0,0.0,2.0,0,25.233333333333334,1,115.281,219.175,6.0,7.0,6.0,6.0,6.0,6.0,5.0,1.0,3.0,2.0,4.0,1.0,3.0,2.0,4.0,6.333333333333333
c5f04cce-2bf5-409c-a239-55b85cd51485,HA3,HA,3.0,mobility,1,O2,REL,3,ADV,1,1,True,6.0,2.8,5.4,5.5,5.444444444444445,5.6,6.25,6.0,6.666666666666667,35.0,1.0,4.0,0.0,2.0,0,25.233333333333334,1,69.281,156.017,6.0,5.0,6.0,7.0,7.0,6.0,5.0,1.0,2.0,3.0,4.0,1.0,2.0,3.0,4.0,5.666666666666667
c9cf014c-d699-412e-ba22-b9d6fdc80a3a,HA2,HA,2.0,intellectual,1,O1,REL,1,REL,1,1,True,4.0,2.9,6.0,6.5,6.222222222222222,5.4,6.0,7.0,7.0,58.0,1.0,5.0,0.0,4.0,1,13.9,1,69.57,194.502,6.0,6.0,7.0,7.0,6.0,7.0,6.0,1.0,2.0,3.0,4.0,1.0,2.0,3.0,4.0,6.333333333333333
c9cf014c-d699-412e-ba22-b9d6fdc80a3a,HA2,HA,2.0,intellectual,1,O1,ADV,2,REL,1,1,True,4.0,2.9,6.0,6.5,6.222222222222222,5.4,6.0,7.0,7.0,58.0,1.0,5.0,0.0,4.0,1,13.9,1,104.018,211.909,7.0,7.0,7.0,7.0,5.0,6.0,6.0,1.0,2.0,3.0,4.0,1.0,2.0,3.0,4.0,7.0
c9cf014c-d699-412e-ba22-b9d6fdc80a3a,HA2,HA,2.0,intellectual,1,O1,COL,3,REL,1,1,True,4.0,2.9,6.0,6.5,6.222222222222222,5.4,6.0,7.0,7.0,58.0,1.0,5.0,0.0,4.0,1,13.9,1,115.523,189.494,6.0,6.0,7.0,6.0,6.0,6.0,7.0,3.0,2.0,1.0,4.0,3.0,2.0,1.0,4.0,6.333333333333333
202259fc-2c7b-4a0c-b174-478213de5541,H3,H,3.0,mobility,1,O3,COL,1,COL,1,1,True,6.0,4.1,3.8,3.25,3.5555555555555554,6.0,6.0,6.0,6.0,40.0,1.0,4.0,0.0,2.0,0,15.45,1,115.307,248.892,6.0,6.0,6.0,6.0,6.0,6.0,6.0,1.0,,3.0,2.0,1.0,,3.0,2.0,6.0
202259fc-2c7b-4a0c-b174-478213de5541,H3,H,3.0,mobility,1,O3,REL,2,COL,1,1,True,6.0,4.1,3.8,3.25,3.5555555555555554,6.0,6.0,6.0,6.0,40.0,1.0,4.0,0.0,2.0,0,15.45,1,69.341,146.626,6.0,6.0,6.0,6.0,6.0,6.0,6.0,1.0,,3.0,2.0,1.0,,2.0,3.0,6.0
202259fc-2c7b-4a0c-b174-478213de5541,H3,H,3.0,mobility,1,O3,ADV,3,COL,1,1,True,6.0,4.1,3.8,3.25,3.5555555555555554,6.0,6.0,6.0,6.0,40.0,1.0,4.0,0.0,2.0,0,15.45,1,103.797,177.578,6.0,6.0,6.0,6.0,6.0,6.0,6.0,1.0,,3.0,2.0,1.0,,3.0,2.0,6.0
b6913927-5be4-4fcd-8639-c7ab7f4a9b7c,HA3,HA,3.0,mobility,1,O3,COL,1,COL,0,1,False,6.0,2.8,6.0,5.5,5.777777777777778,4.6,5.0,7.0,7.0,41.0,0.0,5.0,0.0,3.0,1,20.25,1,115.497,331.871,6.0,6.0,7.0,6.0,7.0,6.0,7.0,3.0,1.0,2.0,4.0,3.0,1.0,2.0,4.0,6.333333333333333
b6913927-5be4-4fcd-8639-c7ab7f4a9b7c,HA3,HA,3.0,mobility,1,O3,REL,2,COL,0,1,False,6.0,2.8,6.0,5.5,5.777777777777778,4.6,5.0,7.0,7.0,41.0,0.0,5.0,0.0,3.0,1,20.25,1,69.544,244.361,7.0,7.0,7.0,7.0,7.0,7.0,7.0,3.0,1.0,2.0,4.0,3.0,1.0,2.0,4.0,7.0
b6913927-5be4-4fcd-8639-c7ab7f4a9b7c,HA3,HA,3.0,mobility,1,O3,ADV,3,COL,0,1,False,6.0,2.8,6.0,5.5,5.777777777777778,4.6,5.0,7.0,7.0,41.0,0.0,5.0,0.0,3.0,1,20.25,1,103.99,203.727,7.0,7.0,7.0,7.0,7.0,7.0,7.0,3.0,1.0,2.0,4.0,3.0,1.0,2.0,4.0,7.0
ce174151-9589-4aac-a1dd-0f7de2219862,HA2,HA,2.0,intellectual,1,O4,REL,1,REL,1,1,True,7.0,4.1,5.2,5.25,5.222222222222222,5.2,6.0,5.25,7.0,63.0,1.0,5.0,1.0,3.0,0,12.683333333333334,1,69.402,180.166,6.0,5.0,6.0,6.0,6.0,6.0,5.0,3.0,2.0,1.0,4.0,3.0,2.0,1.0,4.0,5.666666666666667
ce174151-9589-4aac-a1dd-0f7de2219862,HA2,HA,2.0,intellectual,1,O4,COL,2,REL,1,1,True,7.0,4.1,5.2,5.25,5.222222222222222,5.2,6.0,5.25,7.0,63.0,1.0,5.0,1.0,3.0,0,12.683333333333334,1,115.347,188.25,5.0,5.0,6.0,6.0,6.0,7.0,7.0,3.0,2.0,1.0,4.0,3.0,2.0,1.0,4.0,5.333333333333333
ce174151-9589-4aac-a1dd-0f7de2219862,HA2,HA,2.0,intellectual,1,O4,ADV,3,REL,1,1,True,7.0,4.1,5.2,5.25,5.222222222222222,5.2,6.0,5.25,7.0,63.0,1.0,5.0,1.0,3.0,0,12.683333333333334,1,103.85,159.549,7.0,5.0,6.0,7.0,7.0,7.0,7.0,3.0,2.0,1.0,4.0,3.0,2.0,1.0,4.0,6.0
014b2ee2-66c3-4c83-9ac6-bac89c21d35a,H3,H,3.0,mobility,1,O3,COL,1,COL,1,1,True,7.0,1.7,7.0,7.0,7.0,7.0,7.0,7.0,7.0,46.0,1.0,5.0,0.0,0.0,0,10.6,1,115.443,216.233,7.0,7.0,7.0,7.0,2.0,2.0,7.0,1.0,,3.0,2.0,1.0,,2.0,3.0,7.0
014b2ee2-66c3-4c83-9ac6-bac89c21d35a,H3,H,3.0,mobility,1,O3,REL,2,COL,1,1,True,7.0,1.7,7.0,7.0,7.0,7.0,7.0,7.0,7.0,46.0,1.0,5.0,0.0,0.0,0,10.6,1,69.512,114.048,7.0,7.0,7.0,7.0,2.0,4.0,7.0,1.0,,2.0,3.0,1.0,,3.0,2.0,7.0
014b2ee2-66c3-4c83-9ac6-bac89c21d35a,H3,H,3.0,mobility,1,O3,ADV,3,COL,1,1,True,7.0,1.7,7.0,7.0,7.0,7.0,7.0,7.0,7.0,46.0,1.0,5.0,0.0,0.0,0,10.6,1,103.918,144.499,7.0,7.0,7.0,7.0,2.0,2.0,7.0,1.0,,2.0,3.0,1.0,,2.0,3.0,7.0
e203ac02-88e3-4e95-82bc-16c6651e71bb,HA2,HA,2.0,intellectual,1,O1,REL,1,REL,1,1,True,3.0,3.7,6.2,4.75,5.555555555555555,5.6,4.25,5.25,3.6666666666666665,29.0,0.0,5.0,0.0,2.0,0,12.233333333333333,1,69.349,140.695,6.0,5.0,7.0,3.0,5.0,6.0,6.0,1.0,2.0,3.0,4.0,2.0,1.0,3.0,4.0,6.0
e203ac02-88e3-4e95-82bc-16c6651e71bb,HA2,HA,2.0,intellectual,1,O1,ADV,2,REL,1,1,True,3.0,3.7,6.2,4.75,5.555555555555555,5.6,4.25,5.25,3.6666666666666665,29.0,0.0,5.0,0.0,2.0,0,12.233333333333333,1,105.239,161.353,6.0,6.0,7.0,4.0,5.0,6.0,6.0,3.0,1.0,2.0,4.0,3.0,1.0,2.0,4.0,6.333333333333333
e203ac02-88e3-4e95-82bc-16c6651e71bb,HA2,HA,2.0,intellectual,1,O1,COL,3,REL,1,1,True,3.0,3.7,6.2,4.75,5.555555555555555,5.6,4.25,5.25,3.6666666666666665,29.0,0.0,5.0,0.0,2.0,0,12.233333333333333,1,115.264,188.958,6.0,7.0,5.0,5.0,4.0,6.0,4.0,4.0,1.0,2.0,3.0,4.0,2.0,3.0,1.0,6.0
15c630d5-7ed6-4068-a4cf-6615ad2bd158,H2,H,2.0,intellectual,1,O2,ADV,1,ADV,1,1,True,7.0,4.1,3.4,3.25,3.3333333333333335,3.6,4.25,4.0,5.0,55.0,0.0,4.0,2.0,4.0,0,10.9,1,105.288,181.285,5.0,5.0,6.0,6.0,4.0,5.0,7.0,1.0,,3.0,2.0,1.0,,3.0,2.0,5.333333333333333
15c630d5-7ed6-4068-a4cf-6615ad2bd158,H2,H,2.0,intellectual,1,O2,COL,2,ADV,1,1,True,7.0,4.1,3.4,3.25,3.3333333333333335,3.6,4.25,4.0,5.0,55.0,0.0,4.0,2.0,4.0,0,10.9,1,115.262,155.935,3.0,4.0,6.0,5.0,5.0,3.0,6.0,1.0,,2.0,3.0,1.0,,2.0,3.0,4.333333333333333
15c630d5-7ed6-4068-a4cf-6615ad2bd158,H2,H,2.0,intellectual,1,O2,REL,3,ADV,1,1,True,7.0,4.1,3.4,3.25,3.3333333333333335,3.6,4.25,4.0,5.0,55.0,0.0,4.0,2.0,4.0,0,10.9,1,69.887,99.895,6.0,5.0,6.0,6.0,6.0,5.0,6.0,1.0,,2.0,3.0,1.0,,2.0,3.0,5.666666666666667
9f7a481b-3bf6-48f6-9308-78eb390c1630,HA3,HA,3.0,mobility,1,O4,REL,1,REL,1,1,True,5.0,4.6,3.8,4.5,4.111111111111111,5.6,5.0,5.5,4.666666666666667,35.0,1.0,3.0,0.0,4.0,0,13.7,1,69.333,204.267,5.0,5.0,4.0,5.0,5.0,5.0,5.0,1.0,2.0,3.0,4.0,1.0,2.0,3.0,4.0,4.666666666666667
9f7a481b-3bf6-48f6-9308-78eb390c1630,HA3,HA,3.0,mobility,1,O4,COL,2,REL,1,1,True,5.0,4.6,3.8,4.5,4.111111111111111,5.6,5.0,5.5,4.666666666666667,35.0,1.0,3.0,0.0,4.0,0,13.7,1,115.314,206.132,6.0,6.0,6.0,6.0,5.0,5.0,6.0,1.0,2.0,3.0,4.0,1.0,2.0,3.0,4.0,6.0
9f7a481b-3bf6-48f6-9308-78eb390c1630,HA3,HA,3.0,mobility,1,O4,ADV,3,REL,1,1,True,5.0,4.6,3.8,4.5,4.111111111111111,5.6,5.0,5.5,4.666666666666667,35.0,1.0,3.0,0.0,4.0,0,13.7,1,103.817,141.771,6.0,6.0,5.0,6.0,5.0,5.0,5.0,1.0,2.0,3.0,4.0,1.0,2.0,3.0,4.0,5.666666666666667
6ad4d624-f094-429a-a22e-24b4d17ea566,H3,H,3.0,mobility,1,O2,ADV,1,ADV,1,1,True,6.0,4.7,5.4,5.5,5.444444444444445,3.2,4.75,4.0,6.0,40.0,0.0,4.0,3.0,4.0,0,21.616666666666667,1,103.861,219.634,5.0,6.0,6.0,6.0,5.0,4.0,6.0,1.0,,3.0,2.0,1.0,,3.0,2.0,5.666666666666667
6ad4d624-f094-429a-a22e-24b4d17ea566,H3,H,3.0,mobility,1,O2,COL,2,ADV,1,1,True,6.0,4.7,5.4,5.5,5.444444444444445,3.2,4.75,4.0,6.0,40.0,0.0,4.0,3.0,4.0,0,21.616666666666667,1,115.304,205.536,5.0,5.0,5.0,4.0,6.0,5.0,6.0,1.0,,3.0,2.0,2.0,,3.0,1.0,5.0
6ad4d624-f094-429a-a22e-24b4d17ea566,H3,H,3.0,mobility,1,O2,REL,3,ADV,1,1,True,6.0,4.7,5.4,5.5,5.444444444444445,3.2,4.75,4.0,6.0,40.0,0.0,4.0,3.0,4.0,0,21.616666666666667,1,69.416,121.602,5.0,3.0,4.0,5.0,6.0,5.0,5.0,1.0,,2.0,3.0,1.0,,2.0,3.0,4.0
da19f7ea-9ac8-4e50-be4d-cc0c36fbc011,A,A,,AI (no operator),0,O1,REL,1,REL,1,1,True,5.0,4.6,4.0,3.0,3.5555555555555554,5.4,6.0,4.75,5.333333333333333,43.0,0.0,1.0,0.0,1.0,1,21.35,1,69.36,295.277,5.0,6.0,5.0,5.0,4.0,6.0,,,3.0,1.0,2.0,,2.0,3.0,1.0,5.333333333333333
da19f7ea-9ac8-4e50-be4d-cc0c36fbc011,A,A,,AI (no operator),0,O1,ADV,2,REL,1,1,True,5.0,4.6,4.0,3.0,3.5555555555555554,5.4,6.0,4.75,5.333333333333333,43.0,0.0,1.0,0.0,1.0,1,21.35,1,103.811,151.729,6.0,5.0,4.0,6.0,5.0,6.0,,,3.0,2.0,1.0,,2.0,1.0,3.0,5.0
da19f7ea-9ac8-4e50-be4d-cc0c36fbc011,A,A,,AI (no operator),0,O1,COL,3,REL,1,1,True,5.0,4.6,4.0,3.0,3.5555555555555554,5.4,6.0,4.75,5.333333333333333,43.0,0.0,1.0,0.0,1.0,1,21.35,1,115.255,146.442,6.0,7.0,4.0,5.0,5.0,5.0,,,2.0,1.0,3.0,,3.0,2.0,1.0,5.666666666666667
6e2cff5b-8406-4065-b837-349b928b7479,HA2,HA,2.0,intellectual,1,O2,ADV,1,ADV,1,1,True,6.0,2.2,3.8,1.75,2.888888888888889,4.4,4.0,2.75,2.0,48.0,0.0,4.0,0.0,2.0,1,20.95,1,104.037,316.38,6.0,6.0,5.0,2.0,4.0,6.0,5.0,2.0,1.0,3.0,4.0,2.0,1.0,4.0,3.0,5.666666666666667
6e2cff5b-8406-4065-b837-349b928b7479,HA2,HA,2.0,intellectual,1,O2,COL,2,ADV,1,1,True,6.0,2.2,3.8,1.75,2.888888888888889,4.4,4.0,2.75,2.0,48.0,0.0,4.0,0.0,2.0,1,20.95,1,115.646,323.77,3.0,5.0,5.0,2.0,3.0,5.0,5.0,1.0,2.0,4.0,3.0,2.0,1.0,4.0,3.0,4.333333333333333
6e2cff5b-8406-4065-b837-349b928b7479,HA2,HA,2.0,intellectual,1,O2,REL,3,ADV,1,1,True,6.0,2.2,3.8,1.75,2.888888888888889,4.4,4.0,2.75,2.0,48.0,0.0,4.0,0.0,2.0,1,20.95,1,69.557,169.283,5.0,2.0,5.0,2.0,5.0,5.0,5.0,1.0,2.0,3.0,4.0,2.0,1.0,4.0,3.0,4.0
8faa2c60-32b2-46cc-b834-ece3bd317218,H1,H,1.0,no mention,1,O6,COL,1,COL,1,1,True,6.0,2.6,6.8,6.0,6.444444444444445,6.0,6.75,7.0,7.0,54.0,1.0,5.0,4.0,5.0,0,13.05,1,115.536,189.902,7.0,7.0,7.0,6.0,6.0,7.0,7.0,1.0,,2.0,3.0,1.0,,2.0,3.0,7.0
8faa2c60-32b2-46cc-b834-ece3bd317218,H1,H,1.0,no mention,1,O6,ADV,2,COL,1,1,True,6.0,2.6,6.8,6.0,6.444444444444445,6.0,6.75,7.0,7.0,54.0,1.0,5.0,4.0,5.0,0,13.05,1,125.867,190.194,7.0,7.0,7.0,7.0,7.0,7.0,7.0,1.0,,2.0,3.0,1.0,,2.0,3.0,7.0
8faa2c60-32b2-46cc-b834-ece3bd317218,H1,H,1.0,no mention,1,O6,REL,3,COL,1,1,True,6.0,2.6,6.8,6.0,6.444444444444445,6.0,6.75,7.0,7.0,54.0,1.0,5.0,4.0,5.0,0,13.05,1,69.007,112.308,7.0,7.0,7.0,7.0,7.0,7.0,7.0,1.0,,2.0,3.0,1.0,,2.0,3.0,7.0
463fb380-f570-480d-9931-42f2ad557433,H2,H,2.0,intellectual,1,O1,REL,1,REL,1,1,True,5.0,4.9,4.8,4.75,4.777777777777778,4.4,4.0,2.25,2.0,30.0,1.0,5.0,0.0,2.0,0,11.116666666666667,1,69.398,144.587,5.0,4.0,4.0,5.0,4.0,5.0,5.0,1.0,,2.0,3.0,1.0,,2.0,3.0,4.333333333333333
463fb380-f570-480d-9931-42f2ad557433,H2,H,2.0,intellectual,1,O1,ADV,2,REL,1,1,True,5.0,4.9,4.8,4.75,4.777777777777778,4.4,4.0,2.25,2.0,30.0,1.0,5.0,0.0,2.0,0,11.116666666666667,1,103.852,161.001,5.0,5.0,4.0,5.0,5.0,6.0,6.0,1.0,,3.0,2.0,1.0,,3.0,2.0,4.666666666666667
463fb380-f570-480d-9931-42f2ad557433,H2,H,2.0,intellectual,1,O1,COL,3,REL,1,1,True,5.0,4.9,4.8,4.75,4.777777777777778,4.4,4.0,2.25,2.0,30.0,1.0,5.0,0.0,2.0,0,11.116666666666667,1,115.288,157.104,3.0,3.0,3.0,4.0,4.0,3.0,5.0,1.0,,3.0,2.0,1.0,,3.0,2.0,3.0
f0d763cf-fc0d-42f1-9379-08fb0ef37848,H2,H,2.0,intellectual,1,O4,REL,1,REL,1,1,True,4.0,2.9,7.0,5.0,6.111111111111111,6.0,6.5,4.0,4.333333333333333,28.0,0.0,5.0,0.0,4.0,0,22.616666666666667,1,69.32,215.466,7.0,7.0,5.0,2.0,6.0,7.0,6.0,1.0,,2.0,3.0,1.0,,2.0,3.0,6.333333333333333
f0d763cf-fc0d-42f1-9379-08fb0ef37848,H2,H,2.0,intellectual,1,O4,COL,2,REL,1,1,True,4.0,2.9,7.0,5.0,6.111111111111111,6.0,6.5,4.0,4.333333333333333,28.0,0.0,5.0,0.0,4.0,0,22.616666666666667,1,115.269,193.372,6.0,5.0,3.0,2.0,4.0,6.0,6.0,1.0,,3.0,2.0,1.0,,3.0,2.0,4.666666666666667
f0d763cf-fc0d-42f1-9379-08fb0ef37848,H2,H,2.0,intellectual,1,O4,ADV,3,REL,1,1,True,4.0,2.9,7.0,5.0,6.111111111111111,6.0,6.5,4.0,4.333333333333333,28.0,0.0,5.0,0.0,4.0,0,22.616666666666667,1,103.837,193.36,5.0,6.0,2.0,3.0,5.0,5.0,6.0,1.0,,3.0,2.0,1.0,,3.0,2.0,4.333333333333333
264bd985-be06-4236-b801-8bf606006339,HA1,HA,1.0,no mention,1,O2,ADV,1,ADV,0,1,False,5.0,2.6,5.2,5.0,5.111111111111111,6.0,6.75,6.0,7.0,51.0,0.0,4.0,0.0,1.0,1,18.716666666666665,1,103.873,270.413,6.0,7.0,7.0,6.0,6.0,6.0,3.0,4.0,1.0,3.0,2.0,4.0,1.0,3.0,2.0,6.666666666666667
264bd985-be06-4236-b801-8bf606006339,HA1,HA,1.0,no mention,1,O2,COL,2,ADV,0,1,False,5.0,2.6,5.2,5.0,5.111111111111111,6.0,6.75,6.0,7.0,51.0,0.0,4.0,0.0,1.0,1,18.716666666666665,1,115.365,293.597,5.0,5.0,7.0,6.0,6.0,6.0,6.0,4.0,1.0,3.0,2.0,4.0,1.0,3.0,2.0,5.666666666666667
264bd985-be06-4236-b801-8bf606006339,HA1,HA,1.0,no mention,1,O2,REL,3,ADV,0,1,False,5.0,2.6,5.2,5.0,5.111111111111111,6.0,6.75,6.0,7.0,51.0,0.0,4.0,0.0,1.0,1,18.716666666666665,1,69.393,188.171,6.0,6.0,7.0,7.0,6.0,6.0,6.0,2.0,1.0,4.0,3.0,1.0,2.0,3.0,4.0,6.333333333333333
4a8b5ef8-e2d7-413d-ad19-dffc975b1fcb,HA3,HA,3.0,mobility,1,O2,ADV,1,ADV,1,1,True,6.0,5.1,3.4,2.5,3.0,5.0,6.0,6.0,6.0,41.0,1.0,4.0,1.0,3.0,0,17.266666666666666,1,103.87,164.498,6.0,6.0,6.0,6.0,6.0,6.0,6.0,4.0,1.0,3.0,2.0,4.0,2.0,3.0,1.0,6.0
4a8b5ef8-e2d7-413d-ad19-dffc975b1fcb,HA3,HA,3.0,mobility,1,O2,COL,2,ADV,1,1,True,6.0,5.1,3.4,2.5,3.0,5.0,6.0,6.0,6.0,41.0,1.0,4.0,1.0,3.0,0,17.266666666666666,1,115.304,201.824,6.0,6.0,6.0,3.0,6.0,6.0,6.0,4.0,2.0,3.0,1.0,4.0,2.0,3.0,1.0,6.0
4a8b5ef8-e2d7-413d-ad19-dffc975b1fcb,HA3,HA,3.0,mobility,1,O2,REL,3,ADV,1,1,True,6.0,5.1,3.4,2.5,3.0,5.0,6.0,6.0,6.0,41.0,1.0,4.0,1.0,3.0,0,17.266666666666666,1,69.355,173.269,6.0,6.0,6.0,6.0,6.0,6.0,6.0,4.0,3.0,2.0,1.0,4.0,2.0,3.0,1.0,6.0
bb025fff-aab5-4a7a-8e38-52762a053619,H3,H,3.0,mobility,1,O5,ADV,1,ADV,1,1,True,6.0,4.2,5.2,5.75,5.444444444444445,3.6,4.25,4.25,3.6666666666666665,73.0,1.0,5.0,0.0,3.0,1,19.266666666666666,1,103.954,317.957,7.0,7.0,5.0,5.0,6.0,6.0,7.0,1.0,,2.0,3.0,1.0,,3.0,2.0,6.333333333333333
bb025fff-aab5-4a7a-8e38-52762a053619,H3,H,3.0,mobility,1,O5,REL,2,ADV,1,1,True,6.0,4.2,5.2,5.75,5.444444444444445,3.6,4.25,4.25,3.6666666666666665,73.0,1.0,5.0,0.0,3.0,1,19.266666666666666,1,69.437,181.381,7.0,7.0,5.0,6.0,6.0,7.0,7.0,1.0,,2.0,3.0,1.0,,2.0,3.0,6.333333333333333
bb025fff-aab5-4a7a-8e38-52762a053619,H3,H,3.0,mobility,1,O5,COL,3,ADV,1,1,True,6.0,4.2,5.2,5.75,5.444444444444445,3.6,4.25,4.25,3.6666666666666665,73.0,1.0,5.0,0.0,3.0,1,19.266666666666666,1,115.446,188.37,6.0,6.0,4.0,5.0,6.0,5.0,6.0,1.0,,2.0,3.0,1.0,,2.0,3.0,5.333333333333333
e45afbd6-e28d-4d17-aa92-b98e06c71f55,A,A,,AI (no operator),0,O4,REL,1,REL,1,1,True,6.0,3.0,4.4,4.25,4.333333333333333,5.4,5.0,5.25,5.333333333333333,32.0,0.0,4.0,2.0,3.0,0,39.75,1,167.853,463.246,6.0,5.0,5.0,5.0,5.0,6.0,,,3.0,1.0,2.0,,1.0,2.0,3.0,5.333333333333333
e45afbd6-e28d-4d17-aa92-b98e06c71f55,A,A,,AI (no operator),0,O4,COL,2,REL,1,1,True,6.0,3.0,4.4,4.25,4.333333333333333,5.4,5.0,5.25,5.333333333333333,32.0,0.0,4.0,2.0,3.0,0,39.75,1,115.253,150.458,6.0,5.0,6.0,6.0,6.0,6.0,,,1.0,2.0,3.0,,3.0,2.0,1.0,5.666666666666667
e45afbd6-e28d-4d17-aa92-b98e06c71f55,A,A,,AI (no operator),0,O4,ADV,3,REL,1,1,True,6.0,3.0,4.4,4.25,4.333333333333333,5.4,5.0,5.25,5.333333333333333,32.0,0.0,4.0,2.0,3.0,0,39.75,1,289.604,368.109,6.0,6.0,5.0,6.0,6.0,5.0,,,1.0,2.0,3.0,,3.0,2.0,1.0,5.666666666666667
519d690e-145b-4728-915b-df963bc5a3d9,A,A,,AI (no operator),0,O3,COL,1,COL,1,1,True,7.0,3.0,4.8,2.25,3.6666666666666665,6.4,7.0,7.0,7.0,28.0,0.0,5.0,1.0,1.0,0,10.7,1,115.272,170.821,7.0,7.0,7.0,7.0,7.0,7.0,,,2.0,1.0,3.0,,3.0,1.0,2.0,7.0
519d690e-145b-4728-915b-df963bc5a3d9,A,A,,AI (no operator),0,O3,REL,2,COL,1,1,True,7.0,3.0,4.8,2.25,3.6666666666666665,6.4,7.0,7.0,7.0,28.0,0.0,5.0,1.0,1.0,0,10.7,1,69.35,96.735,7.0,7.0,7.0,7.0,7.0,7.0,,,2.0,1.0,3.0,,2.0,1.0,3.0,7.0
519d690e-145b-4728-915b-df963bc5a3d9,A,A,,AI (no operator),0,O3,ADV,3,COL,1,1,True,7.0,3.0,4.8,2.25,3.6666666666666665,6.4,7.0,7.0,7.0,28.0,0.0,5.0,1.0,1.0,0,10.7,1,103.791,134.298,7.0,7.0,7.0,7.0,7.0,7.0,,,2.0,1.0,3.0,,2.0,1.0,3.0,7.0
79f724e9-1173-47f5-965d-cde0a57fcc79,HA2,HA,2.0,intellectual,1,O5,ADV,1,ADV,1,1,True,7.0,5.2,4.0,3.5,3.7777777777777777,4.8,4.0,6.25,7.0,24.0,0.0,5.0,3.0,3.0,0,13.666666666666666,1,103.903,175.706,6.0,6.0,6.0,6.0,7.0,7.0,7.0,1.0,2.0,4.0,3.0,1.0,2.0,4.0,3.0,6.0
79f724e9-1173-47f5-965d-cde0a57fcc79,HA2,HA,2.0,intellectual,1,O5,REL,2,ADV,1,1,True,7.0,5.2,4.0,3.5,3.7777777777777777,4.8,4.0,6.25,7.0,24.0,0.0,5.0,3.0,3.0,0,13.666666666666666,1,69.466,117.058,7.0,5.0,5.0,7.0,7.0,5.0,7.0,2.0,3.0,4.0,1.0,2.0,3.0,4.0,1.0,5.666666666666667
79f724e9-1173-47f5-965d-cde0a57fcc79,HA2,HA,2.0,intellectual,1,O5,COL,3,ADV,1,1,True,7.0,5.2,4.0,3.5,3.7777777777777777,4.8,4.0,6.25,7.0,24.0,0.0,5.0,3.0,3.0,0,13.666666666666666,1,115.38,145.867,7.0,7.0,7.0,5.0,6.0,7.0,7.0,1.0,3.0,4.0,2.0,1.0,3.0,4.0,2.0,7.0
45335c85-8513-4740-9709-a40f47307552,HA3,HA,3.0,mobility,1,O3,COL,1,COL,1,1,True,7.0,1.7,6.2,6.25,6.222222222222222,4.4,6.25,7.0,7.0,27.0,1.0,5.0,3.0,1.0,0,28.316666666666666,1,115.288,393.728,7.0,6.0,6.0,6.0,5.0,5.0,5.0,4.0,3.0,2.0,1.0,1.0,4.0,3.0,2.0,6.333333333333333
45335c85-8513-4740-9709-a40f47307552,HA3,HA,3.0,mobility,1,O3,REL,2,COL,1,1,True,7.0,1.7,6.2,6.25,6.222222222222222,4.4,6.25,7.0,7.0,27.0,1.0,5.0,3.0,1.0,0,28.316666666666666,1,69.57,160.909,6.0,7.0,7.0,7.0,6.0,6.0,7.0,1.0,2.0,3.0,4.0,4.0,3.0,2.0,1.0,6.666666666666667
45335c85-8513-4740-9709-a40f47307552,HA3,HA,3.0,mobility,1,O3,ADV,3,COL,1,1,True,7.0,1.7,6.2,6.25,6.222222222222222,4.4,6.25,7.0,7.0,27.0,1.0,5.0,3.0,1.0,0,28.316666666666666,1,103.787,163.872,6.0,7.0,6.0,7.0,6.0,6.0,7.0,1.0,3.0,2.0,4.0,2.0,1.0,3.0,4.0,6.333333333333333
d10075e5-701a-4ad1-9287-91b341c8a222,H2,H,2.0,intellectual,1,O3,COL,1,COL,1,1,True,3.0,5.3,4.0,2.75,3.4444444444444446,6.0,4.25,4.25,3.6666666666666665,49.0,1.0,4.0,1.0,2.0,0,12.866666666666667,1,115.277,282.33,5.0,6.0,4.0,4.0,5.0,5.0,4.0,1.0,,2.0,3.0,1.0,,3.0,2.0,5.0
d10075e5-701a-4ad1-9287-91b341c8a222,H2,H,2.0,intellectual,1,O3,REL,2,COL,1,1,True,3.0,5.3,4.0,2.75,3.4444444444444446,6.0,4.25,4.25,3.6666666666666665,49.0,1.0,4.0,1.0,2.0,0,12.866666666666667,1,69.323,156.195,5.0,5.0,3.0,4.0,5.0,5.0,4.0,1.0,,2.0,3.0,1.0,,3.0,2.0,4.333333333333333
d10075e5-701a-4ad1-9287-91b341c8a222,H2,H,2.0,intellectual,1,O3,ADV,3,COL,1,1,True,3.0,5.3,4.0,2.75,3.4444444444444446,6.0,4.25,4.25,3.6666666666666665,49.0,1.0,4.0,1.0,2.0,0,12.866666666666667,1,104.0,172.205,6.0,4.0,4.0,5.0,6.0,6.0,5.0,1.0,,2.0,3.0,1.0,,3.0,2.0,4.666666666666667
357d1afd-c0ea-4c83-8cdd-8a44c9cdb7ff,H1,H,1.0,no mention,1,O5,ADV,1,ADV,1,1,True,6.0,3.5,6.2,5.75,6.0,7.0,4.0,6.25,6.0,64.0,1.0,5.0,1.0,5.0,0,23.4,1,103.814,341.399,6.0,6.0,6.0,6.0,6.0,6.0,6.0,1.0,,3.0,2.0,1.0,,3.0,2.0,6.0
357d1afd-c0ea-4c83-8cdd-8a44c9cdb7ff,H1,H,1.0,no mention,1,O5,REL,2,ADV,1,1,True,6.0,3.5,6.2,5.75,6.0,7.0,4.0,6.25,6.0,64.0,1.0,5.0,1.0,5.0,0,23.4,1,69.357,191.645,6.0,5.0,6.0,6.0,5.0,6.0,6.0,1.0,,3.0,2.0,1.0,,3.0,2.0,5.666666666666667
357d1afd-c0ea-4c83-8cdd-8a44c9cdb7ff,H1,H,1.0,no mention,1,O5,COL,3,ADV,1,1,True,6.0,3.5,6.2,5.75,6.0,7.0,4.0,6.25,6.0,64.0,1.0,5.0,1.0,5.0,0,23.4,1,115.26,241.408,7.0,7.0,7.0,7.0,7.0,7.0,7.0,1.0,,2.0,3.0,1.0,,2.0,3.0,7.0
4ac4ab37-98a0-4098-bd2a-7e06d5664e8b,H1,H,1.0,no mention,1,O4,REL,1,REL,1,1,True,7.0,5.0,6.6,5.25,6.0,3.4,4.75,5.0,6.0,28.0,1.0,5.0,0.0,3.0,1,10.416666666666666,1,69.592,123.899,6.0,5.0,3.0,2.0,6.0,6.0,7.0,1.0,,2.0,3.0,1.0,,2.0,3.0,4.666666666666667
4ac4ab37-98a0-4098-bd2a-7e06d5664e8b,H1,H,1.0,no mention,1,O4,COL,2,REL,1,1,True,7.0,5.0,6.6,5.25,6.0,3.4,4.75,5.0,6.0,28.0,1.0,5.0,0.0,3.0,1,10.416666666666666,1,115.388,192.334,6.0,6.0,4.0,6.0,7.0,5.0,7.0,1.0,,2.0,3.0,1.0,,2.0,3.0,5.333333333333333
4ac4ab37-98a0-4098-bd2a-7e06d5664e8b,H1,H,1.0,no mention,1,O4,ADV,3,REL,1,1,True,7.0,5.0,6.6,5.25,6.0,3.4,4.75,5.0,6.0,28.0,1.0,5.0,0.0,3.0,1,10.416666666666666,1,103.93,141.702,7.0,7.0,7.0,7.0,6.0,7.0,7.0,1.0,,2.0,3.0,1.0,,2.0,3.0,7.0
64a23df8-30b9-4574-9fba-67a5881383a7,A,A,,AI (no operator),0,O2,ADV,1,ADV,1,1,True,6.0,5.8,4.0,4.0,4.0,7.0,7.0,7.0,7.0,33.0,1.0,3.0,1.0,3.0,0,9.833333333333334,1,103.858,154.921,7.0,7.0,7.0,7.0,7.0,7.0,,,2.0,1.0,3.0,,2.0,1.0,3.0,7.0
64a23df8-30b9-4574-9fba-67a5881383a7,A,A,,AI (no operator),0,O2,COL,2,ADV,1,1,True,6.0,5.8,4.0,4.0,4.0,7.0,7.0,7.0,7.0,33.0,1.0,3.0,1.0,3.0,0,9.833333333333334,1,115.248,154.567,5.0,5.0,5.0,5.0,7.0,7.0,,,3.0,1.0,2.0,,3.0,2.0,1.0,5.0
64a23df8-30b9-4574-9fba-67a5881383a7,A,A,,AI (no operator),0,O2,REL,3,ADV,1,1,True,6.0,5.8,4.0,4.0,4.0,7.0,7.0,7.0,7.0,33.0,1.0,3.0,1.0,3.0,0,9.833333333333334,1,69.329,107.111,7.0,7.0,7.0,7.0,7.0,7.0,,,2.0,3.0,1.0,,2.0,3.0,1.0,7.0
42a2775d-0762-4f6c-8db9-29bed627496f,HA1,HA,1.0,no mention,1,O4,REL,1,REL,1,1,True,4.0,3.8,5.0,5.75,5.333333333333333,5.2,6.0,6.0,7.0,53.0,1.0,5.0,0.0,2.0,0,21.266666666666666,1,69.314,276.343,6.0,6.0,6.0,6.0,6.0,6.0,6.0,1.0,2.0,3.0,4.0,1.0,2.0,3.0,4.0,6.0
42a2775d-0762-4f6c-8db9-29bed627496f,HA1,HA,1.0,no mention,1,O4,COL,2,REL,1,1,True,4.0,3.8,5.0,5.75,5.333333333333333,5.2,6.0,6.0,7.0,53.0,1.0,5.0,0.0,2.0,0,21.266666666666666,1,115.25,236.785,6.0,6.0,6.0,6.0,5.0,6.0,7.0,1.0,2.0,3.0,4.0,1.0,2.0,3.0,4.0,6.0
42a2775d-0762-4f6c-8db9-29bed627496f,HA1,HA,1.0,no mention,1,O4,ADV,3,REL,1,1,True,4.0,3.8,5.0,5.75,5.333333333333333,5.2,6.0,6.0,7.0,53.0,1.0,5.0,0.0,2.0,0,21.266666666666666,1,103.77,263.071,6.0,6.0,6.0,6.0,6.0,6.0,6.0,1.0,3.0,4.0,2.0,1.0,3.0,4.0,2.0,6.0
08e1efe6-109f-4228-8f00-3eebb66dbe80,H1,H,1.0,no mention,1,O2,ADV,1,ADV,1,1,True,4.0,4.0,2.2,3.0,2.5555555555555554,5.4,6.0,3.25,5.0,50.0,1.0,0.0,0.0,4.0,0,20.383333333333333,1,103.793,252.946,5.0,6.0,4.0,4.0,5.0,6.0,6.0,2.0,,3.0,1.0,2.0,,3.0,1.0,5.0
08e1efe6-109f-4228-8f00-3eebb66dbe80,H1,H,1.0,no mention,1,O2,COL,2,ADV,1,1,True,4.0,4.0,2.2,3.0,2.5555555555555554,5.4,6.0,3.25,5.0,50.0,1.0,0.0,0.0,4.0,0,20.383333333333333,1,115.267,313.404,5.0,5.0,4.0,5.0,5.0,6.0,7.0,2.0,,3.0,1.0,2.0,,3.0,1.0,4.666666666666667
08e1efe6-109f-4228-8f00-3eebb66dbe80,H1,H,1.0,no mention,1,O2,REL,3,ADV,1,1,True,4.0,4.0,2.2,3.0,2.5555555555555554,5.4,6.0,3.25,5.0,50.0,1.0,0.0,0.0,4.0,0,20.383333333333333,1,69.341,186.799,5.0,5.0,5.0,5.0,6.0,6.0,6.0,1.0,,2.0,3.0,1.0,,2.0,3.0,5.0
7aedf4f2-bfce-44c6-9743-4ca039c5065a,HA1,HA,1.0,no mention,1,O6,COL,1,COL,1,1,True,3.0,3.5,4.8,5.5,5.111111111111111,4.8,4.25,5.25,4.333333333333333,23.0,0.0,4.0,1.0,2.0,0,16.833333333333332,1,243.684,407.737,5.0,6.0,6.0,4.0,5.0,6.0,7.0,1.0,4.0,3.0,2.0,1.0,3.0,2.0,4.0,5.666666666666667
7aedf4f2-bfce-44c6-9743-4ca039c5065a,HA1,HA,1.0,no mention,1,O6,ADV,2,COL,1,1,True,3.0,3.5,4.8,5.5,5.111111111111111,4.8,4.25,5.25,4.333333333333333,23.0,0.0,4.0,1.0,2.0,0,16.833333333333332,1,103.897,159.769,4.0,5.0,6.0,6.0,5.0,6.0,6.0,4.0,3.0,2.0,1.0,1.0,3.0,2.0,4.0,5.0
7aedf4f2-bfce-44c6-9743-4ca039c5065a,HA1,HA,1.0,no mention,1,O6,REL,3,COL,1,1,True,3.0,3.5,4.8,5.5,5.111111111111111,4.8,4.25,5.25,4.333333333333333,23.0,0.0,4.0,1.0,2.0,0,16.833333333333332,1,69.413,238.921,6.0,6.0,5.0,7.0,7.0,6.0,7.0,2.0,3.0,1.0,4.0,1.0,3.0,2.0,4.0,5.666666666666667
4976c1a8-bbc9-42df-a1c0-6682bcd7e764,H3,H,3.0,mobility,1,O4,REL,1,REL,1,1,True,5.0,3.5,4.6,4.25,4.444444444444445,6.0,6.0,6.0,6.0,41.0,1.0,3.0,1.0,4.0,0,20.283333333333335,1,69.415,290.965,7.0,7.0,7.0,7.0,6.0,6.0,6.0,1.0,,2.0,3.0,1.0,,2.0,3.0,7.0
4976c1a8-bbc9-42df-a1c0-6682bcd7e764,H3,H,3.0,mobility,1,O4,COL,2,REL,1,1,True,5.0,3.5,4.6,4.25,4.444444444444445,6.0,6.0,6.0,6.0,41.0,1.0,3.0,1.0,4.0,0,20.283333333333335,1,115.337,247.455,6.0,6.0,6.0,6.0,6.0,6.0,6.0,1.0,,2.0,3.0,1.0,,2.0,3.0,6.0
4976c1a8-bbc9-42df-a1c0-6682bcd7e764,H3,H,3.0,mobility,1,O4,ADV,3,REL,1,1,True,5.0,3.5,4.6,4.25,4.444444444444445,6.0,6.0,6.0,6.0,41.0,1.0,3.0,1.0,4.0,0,20.283333333333335,1,103.788,274.045,7.0,7.0,7.0,7.0,7.0,7.0,7.0,1.0,,2.0,3.0,1.0,,2.0,3.0,7.0
e1697579-b003-4576-99c0-50728c038365,HA3,HA,3.0,mobility,1,O6,COL,1,COL,0,1,False,4.0,1.1,7.0,7.0,7.0,4.2,5.0,6.75,6.666666666666667,54.0,1.0,4.0,3.0,3.0,0,24.5,1,115.301,220.977,7.0,7.0,7.0,7.0,7.0,7.0,7.0,1.0,3.0,2.0,4.0,1.0,2.0,3.0,4.0,7.0
e1697579-b003-4576-99c0-50728c038365,HA3,HA,3.0,mobility,1,O6,ADV,2,COL,0,1,False,4.0,1.1,7.0,7.0,7.0,4.2,5.0,6.75,6.666666666666667,54.0,1.0,4.0,3.0,3.0,0,24.5,1,103.875,210.192,7.0,7.0,7.0,7.0,6.0,6.0,6.0,1.0,4.0,3.0,2.0,4.0,3.0,1.0,2.0,7.0
e1697579-b003-4576-99c0-50728c038365,HA3,HA,3.0,mobility,1,O6,REL,3,COL,0,1,False,4.0,1.1,7.0,7.0,7.0,4.2,5.0,6.75,6.666666666666667,54.0,1.0,4.0,3.0,3.0,0,24.5,1,69.336,167.639,7.0,7.0,7.0,6.0,6.0,6.0,6.0,2.0,4.0,1.0,3.0,3.0,1.0,2.0,4.0,7.0
0ac9ae9b-90e6-465b-9c1b-2ee104862e59,HA1,HA,1.0,no mention,1,O3,COL,1,COL,1,1,True,7.0,3.0,7.0,5.25,6.222222222222222,6.0,4.0,5.75,6.0,61.0,1.0,5.0,0.0,3.0,0,14.816666666666666,1,115.44,250.757,5.0,5.0,6.0,6.0,4.0,6.0,6.0,1.0,3.0,4.0,2.0,2.0,3.0,4.0,1.0,5.333333333333333
0ac9ae9b-90e6-465b-9c1b-2ee104862e59,HA1,HA,1.0,no mention,1,O3,REL,2,COL,1,1,True,7.0,3.0,7.0,5.25,6.222222222222222,6.0,4.0,5.75,6.0,61.0,1.0,5.0,0.0,3.0,0,14.816666666666666,1,69.495,143.138,6.0,6.0,6.0,7.0,6.0,6.0,6.0,1.0,2.0,3.0,4.0,1.0,2.0,3.0,4.0,6.0
0ac9ae9b-90e6-465b-9c1b-2ee104862e59,HA1,HA,1.0,no mention,1,O3,ADV,3,COL,1,1,True,7.0,3.0,7.0,5.25,6.222222222222222,6.0,4.0,5.75,6.0,61.0,1.0,5.0,0.0,3.0,0,14.816666666666666,1,103.873,167.511,6.0,6.0,6.0,6.0,6.0,6.0,6.0,1.0,2.0,3.0,4.0,1.0,2.0,3.0,4.0,6.0
af1c662c-653c-407e-ae3e-295e2221b6cf,HA2,HA,2.0,intellectual,1,O3,COL,1,COL,1,1,True,1.0,3.4,1.0,5.25,2.888888888888889,4.8,5.75,4.75,1.0,65.0,1.0,0.0,0.0,2.0,0,22.166666666666668,1,145.647,412.131,7.0,6.0,2.0,6.0,6.0,7.0,7.0,4.0,2.0,3.0,1.0,1.0,3.0,4.0,2.0,5.0
af1c662c-653c-407e-ae3e-295e2221b6cf,HA2,HA,2.0,intellectual,1,O3,REL,2,COL,1,1,True,1.0,3.4,1.0,5.25,2.888888888888889,4.8,5.75,4.75,1.0,65.0,1.0,0.0,0.0,2.0,0,22.166666666666668,1,137.694,270.19,7.0,6.0,5.0,7.0,5.0,6.0,6.0,1.0,2.0,3.0,4.0,2.0,1.0,4.0,3.0,6.0
af1c662c-653c-407e-ae3e-295e2221b6cf,HA2,HA,2.0,intellectual,1,O3,ADV,3,COL,1,1,True,1.0,3.4,1.0,5.25,2.888888888888889,4.8,5.75,4.75,1.0,65.0,1.0,0.0,0.0,2.0,0,22.166666666666668,1,120.183,216.608,7.0,7.0,5.0,7.0,6.0,7.0,7.0,1.0,2.0,4.0,3.0,2.0,1.0,4.0,3.0,6.333333333333333
96425da2-3acd-4773-a1fe-e4af874fe19c,HA3,HA,3.0,mobility,1,O5,ADV,1,ADV,1,1,True,5.0,2.5,5.0,5.0,5.0,4.8,5.5,5.5,6.333333333333333,21.0,1.0,5.0,2.0,1.0,0,14.433333333333334,1,103.905,250.317,6.0,5.0,6.0,5.0,6.0,6.0,6.0,1.0,2.0,3.0,4.0,2.0,1.0,3.0,4.0,5.666666666666667
96425da2-3acd-4773-a1fe-e4af874fe19c,HA3,HA,3.0,mobility,1,O5,REL,2,ADV,1,1,True,5.0,2.5,5.0,5.0,5.0,4.8,5.5,5.5,6.333333333333333,21.0,1.0,5.0,2.0,1.0,0,14.433333333333334,1,69.397,145.282,6.0,6.0,6.0,5.0,7.0,6.0,6.0,1.0,2.0,3.0,4.0,3.0,1.0,2.0,4.0,6.0
96425da2-3acd-4773-a1fe-e4af874fe19c,HA3,HA,3.0,mobility,1,O5,COL,3,ADV,1,1,True,5.0,2.5,5.0,5.0,5.0,4.8,5.5,5.5,6.333333333333333,21.0,1.0,5.0,2.0,1.0,0,14.433333333333334,1,115.328,194.986,6.0,6.0,5.0,6.0,6.0,6.0,5.0,3.0,1.0,4.0,2.0,4.0,1.0,3.0,2.0,5.666666666666667
081c31e5-5198-493e-914d-ae4566a7517d,H2,H,2.0,intellectual,1,O5,ADV,1,ADV,1,1,True,5.0,5.3,5.2,3.5,4.444444444444445,4.4,4.5,5.5,4.666666666666667,37.0,1.0,5.0,3.0,2.0,0,10.566666666666666,1,103.86,153.321,5.0,6.0,6.0,5.0,6.0,6.0,7.0,1.0,,3.0,2.0,1.0,,3.0,2.0,5.666666666666667
081c31e5-5198-493e-914d-ae4566a7517d,H2,H,2.0,intellectual,1,O5,REL,2,ADV,1,1,True,5.0,5.3,5.2,3.5,4.444444444444445,4.4,4.5,5.5,4.666666666666667,37.0,1.0,5.0,3.0,2.0,0,10.566666666666666,1,69.401,111.182,6.0,4.0,6.0,5.0,6.0,6.0,7.0,1.0,,2.0,3.0,1.0,,3.0,2.0,5.333333333333333
081c31e5-5198-493e-914d-ae4566a7517d,H2,H,2.0,intellectual,1,O5,COL,3,ADV,1,1,True,5.0,5.3,5.2,3.5,4.444444444444445,4.4,4.5,5.5,4.666666666666667,37.0,1.0,5.0,3.0,2.0,0,10.566666666666666,1,115.336,152.588,6.0,5.0,5.0,6.0,6.0,6.0,7.0,1.0,,3.0,2.0,1.0,,3.0,2.0,5.333333333333333
d4531b46-e56c-4393-8f5c-3d36dd9b17cb,H3,H,3.0,mobility,1,O1,REL,1,REL,0,1,False,7.0,4.3,6.4,4.75,5.666666666666667,3.4,4.0,4.0,2.0,69.0,1.0,5.0,0.0,3.0,1,12.616666666666667,1,69.472,178.492,4.0,4.0,1.0,6.0,5.0,4.0,7.0,1.0,,2.0,3.0,1.0,,2.0,3.0,3.0
d4531b46-e56c-4393-8f5c-3d36dd9b17cb,H3,H,3.0,mobility,1,O1,ADV,2,REL,0,1,False,7.0,4.3,6.4,4.75,5.666666666666667,3.4,4.0,4.0,2.0,69.0,1.0,5.0,0.0,3.0,1,12.616666666666667,1,103.959,177.017,4.0,5.0,1.0,6.0,4.0,4.0,7.0,1.0,,2.0,3.0,1.0,,2.0,3.0,3.3333333333333335
d4531b46-e56c-4393-8f5c-3d36dd9b17cb,H3,H,3.0,mobility,1,O1,COL,3,REL,0,1,False,7.0,4.3,6.4,4.75,5.666666666666667,3.4,4.0,4.0,2.0,69.0,1.0,5.0,0.0,3.0,1,12.616666666666667,1,115.496,160.114,4.0,4.0,1.0,6.0,4.0,4.0,7.0,1.0,,2.0,3.0,1.0,,2.0,3.0,3.0
7761674e-64fb-4249-b8f9-150e005575ca,A,A,,AI (no operator),0,O6,COL,1,COL,1,0,True,7.0,5.4,6.4,6.5,6.444444444444445,2.8,3.25,6.5,6.0,31.0,0.0,5.0,0.0,4.0,0,23.666666666666668,1,237.885,259.427,6.0,5.0,6.0,7.0,6.0,5.0,,,2.0,3.0,1.0,,3.0,2.0,1.0,5.666666666666667
7761674e-64fb-4249-b8f9-150e005575ca,A,A,,AI (no operator),0,O6,ADV,2,COL,1,0,True,7.0,5.4,6.4,6.5,6.444444444444445,2.8,3.25,6.5,6.0,31.0,0.0,5.0,0.0,4.0,0,23.666666666666668,1,103.948,180.389,6.0,5.0,6.0,7.0,6.0,7.0,,,2.0,3.0,1.0,,3.0,2.0,1.0,5.666666666666667
7761674e-64fb-4249-b8f9-150e005575ca,A,A,,AI (no operator),0,O6,REL,3,COL,1,0,True,7.0,5.4,6.4,6.5,6.444444444444445,2.8,3.25,6.5,6.0,31.0,0.0,5.0,0.0,4.0,0,23.666666666666668,1,69.38,794.094,6.0,5.0,4.0,5.0,6.0,7.0,,,3.0,2.0,1.0,,3.0,2.0,1.0,5.0
984cbaa7-3ad2-4213-ad72-7c804e2df1e2,A,A,,AI (no operator),0,O5,ADV,1,ADV,1,1,True,5.0,5.2,2.6,2.0,2.3333333333333335,6.6,6.0,4.0,3.3333333333333335,26.0,1.0,0.0,0.0,3.0,0,9.05,1,103.857,160.68,5.0,5.0,2.0,5.0,4.0,5.0,,,2.0,3.0,1.0,,1.0,2.0,3.0,4.0
984cbaa7-3ad2-4213-ad72-7c804e2df1e2,A,A,,AI (no operator),0,O5,REL,2,ADV,1,1,True,5.0,5.2,2.6,2.0,2.3333333333333335,6.6,6.0,4.0,3.3333333333333335,26.0,1.0,0.0,0.0,3.0,0,9.05,1,69.407,89.632,5.0,4.0,3.0,4.0,5.0,4.0,,,1.0,2.0,3.0,,1.0,2.0,3.0,4.0
984cbaa7-3ad2-4213-ad72-7c804e2df1e2,A,A,,AI (no operator),0,O5,COL,3,ADV,1,1,True,5.0,5.2,2.6,2.0,2.3333333333333335,6.6,6.0,4.0,3.3333333333333335,26.0,1.0,0.0,0.0,3.0,0,9.05,1,115.355,161.697,5.0,6.0,3.0,4.0,4.0,5.0,,,2.0,3.0,1.0,,1.0,2.0,3.0,4.666666666666667
784ca487-25be-431b-8c71-da9562a79350,H3,H,3.0,mobility,1,O6,COL,1,COL,1,1,True,6.0,4.0,3.8,3.5,3.6666666666666665,3.2,4.25,5.5,5.0,50.0,0.0,4.0,0.0,1.0,0,12.183333333333334,1,115.288,232.497,7.0,7.0,5.0,5.0,6.0,6.0,6.0,1.0,,3.0,2.0,1.0,,3.0,2.0,6.333333333333333
784ca487-25be-431b-8c71-da9562a79350,H3,H,3.0,mobility,1,O6,ADV,2,COL,1,1,True,6.0,4.0,3.8,3.5,3.6666666666666665,3.2,4.25,5.5,5.0,50.0,0.0,4.0,0.0,1.0,0,12.183333333333334,1,103.84,147.164,7.0,7.0,6.0,6.0,7.0,7.0,7.0,1.0,,3.0,2.0,1.0,,3.0,2.0,6.666666666666667
784ca487-25be-431b-8c71-da9562a79350,H3,H,3.0,mobility,1,O6,REL,3,COL,1,1,True,6.0,4.0,3.8,3.5,3.6666666666666665,3.2,4.25,5.5,5.0,50.0,0.0,4.0,0.0,1.0,0,12.183333333333334,1,69.395,119.048,6.0,6.0,5.0,6.0,7.0,6.0,7.0,1.0,,2.0,3.0,1.0,,2.0,3.0,5.666666666666667
01be24e1-cb42-4c25-a071-3b3a0734af8e,HA2,HA,2.0,intellectual,1,O6,COL,1,COL,0,1,False,7.0,3.8,6.2,5.0,5.666666666666667,5.8,4.0,7.0,4.333333333333333,63.0,1.0,5.0,5.0,4.0,1,16.033333333333335,1,115.459,280.685,3.0,3.0,7.0,6.0,4.0,4.0,3.0,2.0,4.0,3.0,1.0,2.0,4.0,3.0,1.0,4.333333333333333
01be24e1-cb42-4c25-a071-3b3a0734af8e,HA2,HA,2.0,intellectual,1,O6,ADV,2,COL,0,1,False,7.0,3.8,6.2,5.0,5.666666666666667,5.8,4.0,7.0,4.333333333333333,63.0,1.0,5.0,5.0,4.0,1,16.033333333333335,1,103.915,181.071,7.0,7.0,7.0,7.0,4.0,4.0,4.0,2.0,4.0,3.0,1.0,2.0,4.0,3.0,1.0,7.0
01be24e1-cb42-4c25-a071-3b3a0734af8e,HA2,HA,2.0,intellectual,1,O6,REL,3,COL,0,1,False,7.0,3.8,6.2,5.0,5.666666666666667,5.8,4.0,7.0,4.333333333333333,63.0,1.0,5.0,5.0,4.0,1,16.033333333333335,1,69.548,164.694,7.0,7.0,7.0,7.0,4.0,4.0,7.0,1.0,3.0,2.0,4.0,1.0,4.0,3.0,2.0,7.0
e5a9144a-1919-4352-b7b3-b59154c8b79e,H2,H,2.0,intellectual,1,O6,COL,1,COL,1,1,True,1.0,4.5,1.8,2.25,2.0,6.0,6.0,5.0,6.0,26.0,1.0,1.0,0.0,3.0,0,18.183333333333334,1,118.834,196.624,6.0,6.0,4.0,5.0,6.0,6.0,5.0,1.0,,2.0,3.0,1.0,,2.0,3.0,5.333333333333333
e5a9144a-1919-4352-b7b3-b59154c8b79e,H2,H,2.0,intellectual,1,O6,ADV,2,COL,1,1,True,1.0,4.5,1.8,2.25,2.0,6.0,6.0,5.0,6.0,26.0,1.0,1.0,0.0,3.0,0,18.183333333333334,1,103.744,139.068,6.0,6.0,6.0,6.0,6.0,6.0,6.0,1.0,,2.0,3.0,1.0,,2.0,3.0,6.0
e5a9144a-1919-4352-b7b3-b59154c8b79e,H2,H,2.0,intellectual,1,O6,REL,3,COL,1,1,True,1.0,4.5,1.8,2.25,2.0,6.0,6.0,5.0,6.0,26.0,1.0,1.0,0.0,3.0,0,18.183333333333334,1,69.424,176.552,6.0,6.0,6.0,6.0,6.0,6.0,6.0,1.0,,3.0,2.0,1.0,,3.0,2.0,6.0
092fd158-eabb-4f09-9984-813783e5d68a,HA3,HA,3.0,mobility,1,O1,REL,1,REL,1,1,True,7.0,3.8,6.2,6.0,6.111111111111111,2.4,3.0,6.5,6.0,29.0,0.0,5.0,2.0,3.0,0,14.766666666666667,1,110.333,194.917,7.0,7.0,7.0,7.0,7.0,7.0,7.0,1.0,3.0,2.0,4.0,1.0,4.0,3.0,2.0,7.0
092fd158-eabb-4f09-9984-813783e5d68a,HA3,HA,3.0,mobility,1,O1,ADV,2,REL,1,1,True,7.0,3.8,6.2,6.0,6.111111111111111,2.4,3.0,6.5,6.0,29.0,0.0,5.0,2.0,3.0,0,14.766666666666667,1,103.916,175.143,7.0,7.0,7.0,7.0,7.0,7.0,7.0,1.0,3.0,2.0,4.0,1.0,3.0,2.0,4.0,7.0
092fd158-eabb-4f09-9984-813783e5d68a,HA3,HA,3.0,mobility,1,O1,COL,3,REL,1,1,True,7.0,3.8,6.2,6.0,6.111111111111111,2.4,3.0,6.5,6.0,29.0,0.0,5.0,2.0,3.0,0,14.766666666666667,1,118.089,167.533,5.0,5.0,4.0,5.0,6.0,6.0,6.0,1.0,3.0,2.0,4.0,1.0,3.0,2.0,4.0,4.666666666666667
7c86fb8d-3e5d-42bf-8a4f-438176e9b386,H1,H,1.0,no mention,1,O1,REL,1,REL,1,1,True,3.0,3.2,6.2,5.0,5.666666666666667,7.0,6.25,5.5,4.0,38.0,1.0,5.0,1.0,2.0,0,14.0,1,70.159,157.461,6.0,6.0,2.0,6.0,6.0,7.0,7.0,1.0,,2.0,3.0,1.0,,2.0,3.0,4.666666666666667
7c86fb8d-3e5d-42bf-8a4f-438176e9b386,H1,H,1.0,no mention,1,O1,ADV,2,REL,1,1,True,3.0,3.2,6.2,5.0,5.666666666666667,7.0,6.25,5.5,4.0,38.0,1.0,5.0,1.0,2.0,0,14.0,1,103.915,214.203,6.0,6.0,5.0,6.0,6.0,6.0,7.0,1.0,,2.0,3.0,2.0,,3.0,1.0,5.666666666666667
7c86fb8d-3e5d-42bf-8a4f-438176e9b386,H1,H,1.0,no mention,1,O1,COL,3,REL,1,1,True,3.0,3.2,6.2,5.0,5.666666666666667,7.0,6.25,5.5,4.0,38.0,1.0,5.0,1.0,2.0,0,14.0,1,117.116,174.384,6.0,7.0,6.0,6.0,6.0,6.0,7.0,2.0,,3.0,1.0,2.0,,3.0,1.0,6.333333333333333
35d0bf5a-ee52-4125-b483-21487ed07162,HA1,HA,1.0,no mention,1,O5,ADV,1,ADV,1,1,True,6.0,3.9,5.8,6.0,5.888888888888889,7.0,7.0,7.0,7.0,54.0,0.0,4.0,0.0,3.0,0,13.433333333333334,1,105.619,207.75,6.0,7.0,6.0,6.0,6.0,6.0,5.0,1.0,3.0,4.0,2.0,1.0,2.0,3.0,4.0,6.333333333333333
35d0bf5a-ee52-4125-b483-21487ed07162,HA1,HA,1.0,no mention,1,O5,REL,2,ADV,1,1,True,6.0,3.9,5.8,6.0,5.888888888888889,7.0,7.0,7.0,7.0,54.0,0.0,4.0,0.0,3.0,0,13.433333333333334,1,69.38,137.293,6.0,5.0,6.0,7.0,6.0,6.0,7.0,1.0,2.0,3.0,4.0,1.0,2.0,3.0,4.0,5.666666666666667
35d0bf5a-ee52-4125-b483-21487ed07162,HA1,HA,1.0,no mention,1,O5,COL,3,ADV,1,1,True,6.0,3.9,5.8,6.0,5.888888888888889,7.0,7.0,7.0,7.0,54.0,0.0,4.0,0.0,3.0,0,13.433333333333334,1,115.308,189.661,7.0,7.0,7.0,6.0,4.0,6.0,7.0,1.0,2.0,3.0,4.0,1.0,3.0,2.0,4.0,7.0
cdeb73e8-f15c-4380-b1c0-4dd397142534,H1,H,1.0,no mention,1,O3,COL,1,COL,1,1,True,6.0,3.4,5.8,5.75,5.777777777777778,4.2,4.0,6.0,5.0,28.0,0.0,5.0,2.0,3.0,0,30.133333333333333,1,145.908,314.143,6.0,6.0,6.0,6.0,6.0,6.0,6.0,1.0,,3.0,2.0,2.0,,1.0,3.0,6.0
cdeb73e8-f15c-4380-b1c0-4dd397142534,H1,H,1.0,no mention,1,O3,REL,2,COL,1,1,True,6.0,3.4,5.8,5.75,5.777777777777778,4.2,4.0,6.0,5.0,28.0,0.0,5.0,2.0,3.0,0,30.133333333333333,1,125.41,174.709,6.0,6.0,6.0,6.0,6.0,6.0,6.0,1.0,,3.0,2.0,2.0,,1.0,3.0,6.0
cdeb73e8-f15c-4380-b1c0-4dd397142534,H1,H,1.0,no mention,1,O3,ADV,3,COL,1,1,True,6.0,3.4,5.8,5.75,5.777777777777778,4.2,4.0,6.0,5.0,28.0,0.0,5.0,2.0,3.0,0,30.133333333333333,1,103.831,899.391,6.0,6.0,6.0,6.0,6.0,6.0,6.0,1.0,,2.0,3.0,2.0,,1.0,3.0,6.0
a30a10e9-0f68-4887-8d8c-798b14f05882,HA3,HA,3.0,mobility,1,O3,COL,1,COL,1,1,True,6.0,4.7,4.4,4.5,4.444444444444445,5.6,4.0,4.75,3.0,47.0,1.0,3.0,0.0,1.0,0,11.283333333333333,1,115.5,198.503,6.0,6.0,6.0,4.0,4.0,6.0,6.0,2.0,3.0,4.0,1.0,2.0,3.0,4.0,1.0,6.0
a30a10e9-0f68-4887-8d8c-798b14f05882,HA3,HA,3.0,mobility,1,O3,REL,2,COL,1,1,True,6.0,4.7,4.4,4.5,4.444444444444445,5.6,4.0,4.75,3.0,47.0,1.0,3.0,0.0,1.0,0,11.283333333333333,1,69.469,114.782,4.0,4.0,3.0,4.0,5.0,6.0,6.0,2.0,3.0,4.0,1.0,2.0,3.0,4.0,1.0,3.6666666666666665
a30a10e9-0f68-4887-8d8c-798b14f05882,HA3,HA,3.0,mobility,1,O3,ADV,3,COL,1,1,True,6.0,4.7,4.4,4.5,4.444444444444445,5.6,4.0,4.75,3.0,47.0,1.0,3.0,0.0,1.0,0,11.283333333333333,1,103.922,156.197,5.0,5.0,5.0,4.0,4.0,6.0,6.0,2.0,3.0,4.0,1.0,2.0,3.0,4.0,1.0,5.0
d99a1d42-9e7a-4967-8d1f-aa9b97e997c8,H2,H,2.0,intellectual,1,O1,REL,1,REL,1,1,True,5.0,5.4,3.2,2.5,2.888888888888889,5.4,7.0,6.75,7.0,26.0,1.0,5.0,3.0,3.0,0,8.483333333333333,1,69.421,111.631,7.0,7.0,7.0,7.0,7.0,7.0,7.0,3.0,,2.0,1.0,1.0,,2.0,3.0,7.0
d99a1d42-9e7a-4967-8d1f-aa9b97e997c8,H2,H,2.0,intellectual,1,O1,ADV,2,REL,1,1,True,5.0,5.4,3.2,2.5,2.888888888888889,5.4,7.0,6.75,7.0,26.0,1.0,5.0,3.0,3.0,0,8.483333333333333,1,104.002,137.835,7.0,7.0,7.0,7.0,7.0,7.0,7.0,1.0,,2.0,3.0,1.0,,2.0,3.0,7.0
d99a1d42-9e7a-4967-8d1f-aa9b97e997c8,H2,H,2.0,intellectual,1,O1,COL,3,REL,1,1,True,5.0,5.4,3.2,2.5,2.888888888888889,5.4,7.0,6.75,7.0,26.0,1.0,5.0,3.0,3.0,0,8.483333333333333,1,115.5,142.979,7.0,7.0,7.0,7.0,6.0,7.0,7.0,1.0,,3.0,2.0,1.0,,3.0,2.0,7.0
a183042a-efb1-450e-8a00-e68f79e38076,H2,H,2.0,intellectual,1,O5,ADV,1,ADV,1,1,True,7.0,1.0,7.0,7.0,7.0,6.8,7.0,7.0,7.0,35.0,0.0,5.0,5.0,5.0,0,14.8,1,103.91,316.992,7.0,7.0,7.0,7.0,7.0,7.0,7.0,1.0,,3.0,2.0,1.0,,3.0,2.0,7.0
a183042a-efb1-450e-8a00-e68f79e38076,H2,H,2.0,intellectual,1,O5,REL,2,ADV,1,1,True,7.0,1.0,7.0,7.0,7.0,6.8,7.0,7.0,7.0,35.0,0.0,5.0,5.0,5.0,0,14.8,1,69.345,121.866,7.0,7.0,7.0,7.0,7.0,7.0,7.0,1.0,,3.0,2.0,1.0,,3.0,2.0,7.0
a183042a-efb1-450e-8a00-e68f79e38076,H2,H,2.0,intellectual,1,O5,COL,3,ADV,1,1,True,7.0,1.0,7.0,7.0,7.0,6.8,7.0,7.0,7.0,35.0,0.0,5.0,5.0,5.0,0,14.8,1,115.27,159.677,7.0,7.0,7.0,7.0,7.0,7.0,7.0,1.0,,3.0,2.0,1.0,,3.0,2.0,7.0
c598475f-b532-4556-8197-f03ab16cb5ad,A,A,,AI (no operator),0,O5,ADV,1,ADV,0,1,False,4.0,4.3,5.8,4.75,5.333333333333333,5.6,7.0,6.5,6.333333333333333,23.0,0.0,5.0,1.0,1.0,0,12.583333333333334,1,152.187,231.344,6.0,7.0,6.0,4.0,6.0,6.0,,,2.0,3.0,1.0,,2.0,3.0,1.0,6.333333333333333
c598475f-b532-4556-8197-f03ab16cb5ad,A,A,,AI (no operator),0,O5,REL,2,ADV,0,1,False,4.0,4.3,5.8,4.75,5.333333333333333,5.6,7.0,6.5,6.333333333333333,23.0,0.0,5.0,1.0,1.0,0,12.583333333333334,1,69.375,133.707,4.0,1.0,1.0,1.0,2.0,2.0,,,1.0,2.0,3.0,,1.0,3.0,2.0,2.0
c598475f-b532-4556-8197-f03ab16cb5ad,A,A,,AI (no operator),0,O5,COL,3,ADV,0,1,False,4.0,4.3,5.8,4.75,5.333333333333333,5.6,7.0,6.5,6.333333333333333,23.0,0.0,5.0,1.0,1.0,0,12.583333333333334,1,115.32,154.052,7.0,7.0,7.0,7.0,7.0,7.0,,,1.0,2.0,3.0,,1.0,2.0,3.0,7.0
0161b8c4-c362-4282-8d1f-b3cdc21fd02b,A,A,,AI (no operator),0,O3,COL,1,COL,1,1,True,7.0,3.8,6.6,6.5,6.555555555555555,5.6,6.25,7.0,6.333333333333333,34.0,1.0,5.0,3.0,3.0,0,11.5,1,115.781,212.276,7.0,7.0,7.0,6.0,7.0,7.0,,,3.0,2.0,1.0,,3.0,2.0,1.0,7.0
0161b8c4-c362-4282-8d1f-b3cdc21fd02b,A,A,,AI (no operator),0,O3,REL,2,COL,1,1,True,7.0,3.8,6.6,6.5,6.555555555555555,5.6,6.25,7.0,6.333333333333333,34.0,1.0,5.0,3.0,3.0,0,11.5,1,74.312,122.396,7.0,6.0,6.0,5.0,7.0,7.0,,,1.0,2.0,3.0,,1.0,2.0,3.0,6.333333333333333
0161b8c4-c362-4282-8d1f-b3cdc21fd02b,A,A,,AI (no operator),0,O3,ADV,3,COL,1,1,True,7.0,3.8,6.6,6.5,6.555555555555555,5.6,6.25,7.0,6.333333333333333,34.0,1.0,5.0,3.0,3.0,0,11.5,1,104.804,131.254,7.0,7.0,7.0,7.0,7.0,7.0,,,1.0,3.0,2.0,,1.0,3.0,2.0,7.0
49f29a8f-ac23-4ae0-9cd7-b03ee6e5f121,H1,H,1.0,no mention,1,O6,COL,1,COL,1,1,True,6.0,3.7,5.0,4.75,4.888888888888889,3.8,4.5,4.25,5.0,73.0,0.0,5.0,1.0,5.0,0,20.933333333333334,1,196.281,442.721,5.0,5.0,6.0,5.0,5.0,5.0,5.0,1.0,,3.0,2.0,1.0,,3.0,2.0,5.333333333333333
49f29a8f-ac23-4ae0-9cd7-b03ee6e5f121,H1,H,1.0,no mention,1,O6,ADV,2,COL,1,1,True,6.0,3.7,5.0,4.75,4.888888888888889,3.8,4.5,4.25,5.0,73.0,0.0,5.0,1.0,5.0,0,20.933333333333334,1,103.837,225.233,5.0,6.0,6.0,5.0,4.0,3.0,6.0,1.0,,3.0,2.0,1.0,,3.0,2.0,5.666666666666667
49f29a8f-ac23-4ae0-9cd7-b03ee6e5f121,H1,H,1.0,no mention,1,O6,REL,3,COL,1,1,True,6.0,3.7,5.0,4.75,4.888888888888889,3.8,4.5,4.25,5.0,73.0,0.0,5.0,1.0,5.0,0,20.933333333333334,1,69.352,171.965,5.0,6.0,6.0,5.0,5.0,6.0,6.0,1.0,,2.0,3.0,1.0,,2.0,3.0,5.666666666666667
bd060b03-1183-416d-bb11-c8890f7bfe5e,HA2,HA,2.0,intellectual,1,O4,REL,1,REL,1,1,True,7.0,4.1,6.2,6.5,6.333333333333333,2.4,5.0,6.5,5.666666666666667,44.0,0.0,4.0,0.0,1.0,0,20.516666666666666,1,69.468,197.222,7.0,6.0,4.0,6.0,4.0,7.0,7.0,1.0,2.0,3.0,4.0,2.0,1.0,3.0,4.0,5.666666666666667
bd060b03-1183-416d-bb11-c8890f7bfe5e,HA2,HA,2.0,intellectual,1,O4,COL,2,REL,1,1,True,7.0,4.1,6.2,6.5,6.333333333333333,2.4,5.0,6.5,5.666666666666667,44.0,0.0,4.0,0.0,1.0,0,20.516666666666666,1,115.297,274.758,6.0,7.0,5.0,4.0,4.0,6.0,7.0,1.0,2.0,4.0,3.0,1.0,2.0,3.0,4.0,6.0
bd060b03-1183-416d-bb11-c8890f7bfe5e,HA2,HA,2.0,intellectual,1,O4,ADV,3,REL,1,1,True,7.0,4.1,6.2,6.5,6.333333333333333,2.4,5.0,6.5,5.666666666666667,44.0,0.0,4.0,0.0,1.0,0,20.516666666666666,1,103.888,195.4,7.0,6.0,7.0,7.0,7.0,6.0,7.0,1.0,2.0,3.0,4.0,1.0,2.0,3.0,4.0,6.666666666666667
9f228a11-c12d-4e59-8138-1f5c2a0f287c,HA1,HA,1.0,no mention,1,O3,COL,1,COL,1,1,True,3.0,3.1,6.2,5.5,5.888888888888889,4.6,5.25,6.25,6.333333333333333,44.0,1.0,5.0,1.0,0.0,0,24.666666666666668,1,115.231,644.305,6.0,6.0,6.0,6.0,6.0,6.0,6.0,2.0,4.0,3.0,1.0,1.0,2.0,4.0,3.0,6.0
9f228a11-c12d-4e59-8138-1f5c2a0f287c,HA1,HA,1.0,no mention,1,O3,REL,2,COL,1,1,True,3.0,3.1,6.2,5.5,5.888888888888889,4.6,5.25,6.25,6.333333333333333,44.0,1.0,5.0,1.0,0.0,0,24.666666666666668,1,69.403,335.355,6.0,6.0,5.0,3.0,6.0,6.0,6.0,1.0,3.0,2.0,4.0,1.0,3.0,2.0,4.0,5.666666666666667
9f228a11-c12d-4e59-8138-1f5c2a0f287c,HA1,HA,1.0,no mention,1,O3,ADV,3,COL,1,1,True,3.0,3.1,6.2,5.5,5.888888888888889,4.6,5.25,6.25,6.333333333333333,44.0,1.0,5.0,1.0,0.0,0,24.666666666666668,1,103.763,236.843,6.0,6.0,6.0,6.0,6.0,7.0,6.0,1.0,3.0,2.0,4.0,1.0,4.0,3.0,2.0,6.0
f79f4091-ae11-40da-acea-04b6d19f8054,HA2,HA,2.0,intellectual,1,O6,COL,1,COL,1,1,True,2.0,3.4,4.8,4.75,4.777777777777778,3.6,5.0,5.25,5.333333333333333,37.0,0.0,4.0,0.0,1.0,0,17.75,1,115.227,331.695,6.0,6.0,5.0,5.0,6.0,6.0,7.0,1.0,3.0,2.0,4.0,2.0,3.0,1.0,4.0,5.666666666666667
f79f4091-ae11-40da-acea-04b6d19f8054,HA2,HA,2.0,intellectual,1,O6,ADV,2,COL,1,1,True,2.0,3.4,4.8,4.75,4.777777777777778,3.6,5.0,5.25,5.333333333333333,37.0,0.0,4.0,0.0,1.0,0,17.75,1,103.771,203.698,4.0,6.0,6.0,6.0,6.0,7.0,7.0,1.0,3.0,2.0,4.0,1.0,3.0,2.0,4.0,5.333333333333333
f79f4091-ae11-40da-acea-04b6d19f8054,HA2,HA,2.0,intellectual,1,O6,REL,3,COL,1,1,True,2.0,3.4,4.8,4.75,4.777777777777778,3.6,5.0,5.25,5.333333333333333,37.0,0.0,4.0,0.0,1.0,0,17.75,1,69.314,150.163,7.0,5.0,5.0,5.0,6.0,6.0,7.0,1.0,3.0,2.0,4.0,2.0,3.0,1.0,4.0,5.666666666666667
592eb0da-9612-4b12-8543-2b2d1592fb58,HA3,HA,3.0,mobility,1,O5,ADV,1,ADV,1,1,True,6.0,3.2,4.8,4.5,4.666666666666667,4.6,5.75,5.75,5.666666666666667,27.0,0.0,5.0,1.0,3.0,1,15.4,1,114.351,253.201,6.0,6.0,5.0,4.0,6.0,6.0,6.0,1.0,2.0,3.0,4.0,1.0,2.0,3.0,4.0,5.666666666666667
592eb0da-9612-4b12-8543-2b2d1592fb58,HA3,HA,3.0,mobility,1,O5,REL,2,ADV,1,1,True,6.0,3.2,4.8,4.5,4.666666666666667,4.6,5.75,5.75,5.666666666666667,27.0,0.0,5.0,1.0,3.0,1,15.4,1,192.013,206.341,7.0,5.0,5.0,5.0,6.0,6.0,6.0,1.0,3.0,2.0,4.0,1.0,3.0,2.0,4.0,5.666666666666667
592eb0da-9612-4b12-8543-2b2d1592fb58,HA3,HA,3.0,mobility,1,O5,COL,3,ADV,1,1,True,6.0,3.2,4.8,4.5,4.666666666666667,4.6,5.75,5.75,5.666666666666667,27.0,0.0,5.0,1.0,3.0,1,15.4,1,115.492,184.52,7.0,7.0,5.0,5.0,7.0,7.0,7.0,2.0,1.0,3.0,4.0,2.0,1.0,3.0,4.0,6.333333333333333
cb62d8e6-d6cb-4990-9f2c-e04c96509444,HA3,HA,3.0,mobility,1,O2,ADV,1,ADV,1,1,True,3.0,4.4,3.4,3.5,3.4444444444444446,5.2,5.5,4.25,5.0,29.0,0.0,4.0,1.0,2.0,0,12.05,1,103.977,184.343,6.0,6.0,5.0,5.0,6.0,5.0,3.0,1.0,2.0,3.0,4.0,2.0,3.0,4.0,1.0,5.666666666666667
cb62d8e6-d6cb-4990-9f2c-e04c96509444,HA3,HA,3.0,mobility,1,O2,COL,2,ADV,1,1,True,3.0,4.4,3.4,3.5,3.4444444444444446,5.2,5.5,4.25,5.0,29.0,0.0,4.0,1.0,2.0,0,12.05,1,115.446,209.485,5.0,6.0,5.0,5.0,5.0,6.0,6.0,1.0,2.0,4.0,3.0,2.0,3.0,4.0,1.0,5.333333333333333
cb62d8e6-d6cb-4990-9f2c-e04c96509444,HA3,HA,3.0,mobility,1,O2,REL,3,ADV,1,1,True,3.0,4.4,3.4,3.5,3.4444444444444446,5.2,5.5,4.25,5.0,29.0,0.0,4.0,1.0,2.0,0,12.05,1,69.545,111.607,4.0,4.0,3.0,4.0,5.0,4.0,5.0,2.0,3.0,4.0,1.0,2.0,3.0,4.0,1.0,3.6666666666666665
5303a6f1-2687-454f-abca-4e599d9faa44,HA3,HA,3.0,mobility,1,O4,REL,1,REL,1,1,True,7.0,1.9,6.8,6.5,6.666666666666667,4.8,6.25,7.0,7.0,43.0,0.0,5.0,0.0,4.0,0,13.283333333333333,1,69.345,132.28,6.0,6.0,7.0,7.0,6.0,7.0,7.0,1.0,2.0,3.0,4.0,1.0,2.0,3.0,4.0,6.333333333333333
5303a6f1-2687-454f-abca-4e599d9faa44,HA3,HA,3.0,mobility,1,O4,COL,2,REL,1,1,True,7.0,1.9,6.8,6.5,6.666666666666667,4.8,6.25,7.0,7.0,43.0,0.0,5.0,0.0,4.0,0,13.283333333333333,1,115.253,165.628,7.0,7.0,7.0,6.0,6.0,7.0,7.0,2.0,1.0,3.0,4.0,2.0,1.0,3.0,4.0,7.0
5303a6f1-2687-454f-abca-4e599d9faa44,HA3,HA,3.0,mobility,1,O4,ADV,3,REL,1,1,True,7.0,1.9,6.8,6.5,6.666666666666667,4.8,6.25,7.0,7.0,43.0,0.0,5.0,0.0,4.0,0,13.283333333333333,1,103.774,149.804,6.0,6.0,7.0,7.0,6.0,7.0,7.0,1.0,2.0,3.0,4.0,1.0,2.0,3.0,4.0,6.333333333333333
eb5a075b-e735-439f-9905-f723aa498c86,H1,H,1.0,no mention,1,O2,ADV,1,ADV,0,1,False,5.0,4.4,4.2,4.75,4.444444444444445,5.6,5.5,5.0,5.0,38.0,1.0,5.0,0.0,0.0,0,10.533333333333333,1,104.15,178.442,5.0,5.0,5.0,5.0,5.0,5.0,5.0,2.0,,1.0,3.0,2.0,,3.0,1.0,5.0
eb5a075b-e735-439f-9905-f723aa498c86,H1,H,1.0,no mention,1,O2,COL,2,ADV,0,1,False,5.0,4.4,4.2,4.75,4.444444444444445,5.6,5.5,5.0,5.0,38.0,1.0,5.0,0.0,0.0,0,10.533333333333333,1,115.452,159.073,5.0,5.0,5.0,5.0,5.0,5.0,5.0,2.0,,3.0,1.0,2.0,,3.0,1.0,5.0
eb5a075b-e735-439f-9905-f723aa498c86,H1,H,1.0,no mention,1,O2,REL,3,ADV,0,1,False,5.0,4.4,4.2,4.75,4.444444444444445,5.6,5.5,5.0,5.0,38.0,1.0,5.0,0.0,0.0,0,10.533333333333333,1,69.587,108.988,5.0,5.0,5.0,5.0,5.0,5.0,5.0,1.0,,2.0,3.0,1.0,,2.0,3.0,5.0
0d28d045-4b9a-4868-8555-ec306d09e617,H1,H,1.0,no mention,1,O4,REL,1,REL,1,1,True,3.0,4.4,4.4,3.75,4.111111111111111,5.0,4.5,4.75,5.0,46.0,0.0,4.0,0.0,2.0,0,11.083333333333334,1,70.143,141.623,5.0,5.0,5.0,5.0,5.0,5.0,6.0,1.0,,3.0,2.0,1.0,,3.0,2.0,5.0
0d28d045-4b9a-4868-8555-ec306d09e617,H1,H,1.0,no mention,1,O4,COL,2,REL,1,1,True,3.0,4.4,4.4,3.75,4.111111111111111,5.0,4.5,4.75,5.0,46.0,0.0,4.0,0.0,2.0,0,11.083333333333334,1,115.246,154.095,4.0,5.0,5.0,4.0,5.0,5.0,5.0,2.0,,3.0,1.0,2.0,,3.0,1.0,4.666666666666667
0d28d045-4b9a-4868-8555-ec306d09e617,H1,H,1.0,no mention,1,O4,ADV,3,REL,1,1,True,3.0,4.4,4.4,3.75,4.111111111111111,5.0,4.5,4.75,5.0,46.0,0.0,4.0,0.0,2.0,0,11.083333333333334,1,103.829,138.391,5.0,5.0,5.0,5.0,5.0,5.0,6.0,1.0,,3.0,2.0,1.0,,3.0,2.0,5.0
ff1ce35b-7522-462a-b697-0d9ea53d387a,H3,H,3.0,mobility,1,O5,ADV,1,ADV,1,1,True,7.0,3.4,4.4,5.5,4.888888888888889,5.6,6.0,4.75,5.333333333333333,18.0,1.0,4.0,1.0,4.0,0,13.783333333333333,1,103.851,207.815,4.0,6.0,6.0,6.0,4.0,6.0,6.0,1.0,,2.0,3.0,1.0,,3.0,2.0,5.333333333333333
ff1ce35b-7522-462a-b697-0d9ea53d387a,H3,H,3.0,mobility,1,O5,REL,2,ADV,1,1,True,7.0,3.4,4.4,5.5,4.888888888888889,5.6,6.0,4.75,5.333333333333333,18.0,1.0,4.0,1.0,4.0,0,13.783333333333333,1,69.397,143.892,5.0,5.0,6.0,5.0,5.0,6.0,6.0,1.0,,2.0,3.0,1.0,,3.0,2.0,5.333333333333333
ff1ce35b-7522-462a-b697-0d9ea53d387a,H3,H,3.0,mobility,1,O5,COL,3,ADV,1,1,True,7.0,3.4,4.4,5.5,4.888888888888889,5.6,6.0,4.75,5.333333333333333,18.0,1.0,4.0,1.0,4.0,0,13.783333333333333,1,115.37,179.282,4.0,3.0,2.0,5.0,4.0,3.0,6.0,1.0,,2.0,3.0,1.0,,2.0,3.0,3.0
cf276b3b-3965-4ce0-9ab7-167c21a6f943,A,A,,AI (no operator),0,O6,COL,1,COL,1,1,True,5.0,3.4,1.8,2.75,2.2222222222222223,6.2,6.0,3.75,3.3333333333333335,38.0,0.0,3.0,2.0,3.0,1,55.733333333333334,1,123.187,1019.336,5.0,5.0,6.0,4.0,5.0,5.0,,,1.0,2.0,3.0,,1.0,2.0,3.0,5.333333333333333
cf276b3b-3965-4ce0-9ab7-167c21a6f943,A,A,,AI (no operator),0,O6,ADV,2,COL,1,1,True,5.0,3.4,1.8,2.75,2.2222222222222223,6.2,6.0,3.75,3.3333333333333335,38.0,0.0,3.0,2.0,3.0,1,55.733333333333334,1,1222.976,1433.638,6.0,5.0,6.0,5.0,5.0,6.0,,,1.0,2.0,3.0,,2.0,1.0,3.0,5.666666666666667
cf276b3b-3965-4ce0-9ab7-167c21a6f943,A,A,,AI (no operator),0,O6,REL,3,COL,1,1,True,5.0,3.4,1.8,2.75,2.2222222222222223,6.2,6.0,3.75,3.3333333333333335,38.0,0.0,3.0,2.0,3.0,1,55.733333333333334,1,78.015,103.861,5.0,5.0,6.0,5.0,5.0,6.0,,,2.0,1.0,3.0,,2.0,1.0,3.0,5.333333333333333
4662f5e3-1b31-44ad-904e-b089141256f0,H3,H,3.0,mobility,1,O3,COL,1,COL,1,1,True,6.0,4.9,3.6,3.25,3.4444444444444446,5.2,5.25,5.25,6.0,20.0,1.0,4.0,0.0,3.0,0,9.283333333333333,1,115.298,167.36,6.0,6.0,6.0,5.0,6.0,6.0,6.0,1.0,,2.0,3.0,1.0,,2.0,3.0,6.0
4662f5e3-1b31-44ad-904e-b089141256f0,H3,H,3.0,mobility,1,O3,REL,2,COL,1,1,True,6.0,4.9,3.6,3.25,3.4444444444444446,5.2,5.25,5.25,6.0,20.0,1.0,4.0,0.0,3.0,0,9.283333333333333,1,69.364,97.199,7.0,4.0,6.0,7.0,6.0,6.0,6.0,1.0,,2.0,3.0,1.0,,2.0,3.0,5.666666666666667
4662f5e3-1b31-44ad-904e-b089141256f0,H3,H,3.0,mobility,1,O3,ADV,3,COL,1,1,True,6.0,4.9,3.6,3.25,3.4444444444444446,5.2,5.25,5.25,6.0,20.0,1.0,4.0,0.0,3.0,0,9.283333333333333,1,103.812,168.087,5.0,5.0,6.0,6.0,6.0,5.0,6.0,1.0,,3.0,2.0,1.0,,3.0,2.0,5.333333333333333
