participant_id,short_code,condition,ctrl,profile,seg_order,optional_block,status,source,external_pid,is_test,attention_pass,check_c1_pass,check_c2_pass,duration_s,answered_count,started_at,completed_at,E1,E2,E3,BG_age,BG_country,BG_education,BG_freq_ai,BG_freq_disability,BG_freq_robot,BG_gender,BG_income,NARS_01,NARS_02,NARS_03,NARS_04,NARS_05,NARS_06,NARS_07,NARS_08,NARS_10,NARS_11,SCM_01,SCM_02,SCM_03,SCM_04,SCM_05,SCM_06,SCM_07,SCM_08,SCM_09,D1,REL_AT1,REL_AU1,REL_AV1,REL_CR1,REL_CR2,REL_CR3,REL_OH1,REL_OH2,REL_OH3,REL_R1__AI,REL_R1__CTRL,REL_R1__ORG,REL_R1__USER,REL_R2__AI,REL_R2__CTRL,REL_R2__ORG,REL_R2__USER,ADV_AT1,ADV_AU1,ADV_AV1,ADV_CR1,ADV_CR2,ADV_CR3,ADV_OH1,ADV_OH2,ADV_OH3,ADV_R1__AI,ADV_R1__CTRL,ADV_R1__ORG,ADV_R1__USER,ADV_R2__AI,ADV_R2__CTRL,ADV_R2__ORG,ADV_R2__USER,COL_AT1,COL_AU1,COL_AV1,COL_CR1,COL_CR2,COL_CR3,COL_OH1,COL_OH2,COL_OH3,COL_R1__AI,COL_R1__CTRL,COL_R1__ORG,COL_R1__USER,COL_R2__AI,COL_R2__CTRL,COL_R2__ORG,COL_R2__USER,HM1,HM2,HM3,PE1,PE2,PE3,PE4,BEL1,FU1,GAAIS_07,GAAIS_08,GAAIS_10,GAAIS_11,GAAIS_12,GAAIS_15,GAAIS_17,GAAIS_18,GAAIS_19,first_seg,mid_seg,last_seg,av1_answer,av1_pass,at1_answer,at1_pass,human,profile_label,NARS,NARS_S1,NARS_S2,NARS_S3,GAAIS_pos,GAAIS_neg,GAAIS,SCM_comp,SCM_warm,PE,HM,dur_min,mobile,timezone,gate_REL,gate_ADV,gate_COL,fallback_any,player_error_any,watch_s_REL,watch_s_ADV,watch_s_COL,dwell_segment_1_s,dwell_segment_2_s,dwell_segment_3_s,straightline_segments,likert_sd_all
5d2f55e7-7ce5-4788-a995-5505d9781e55,7UVCETFX,A,A,,O1,True,completed,cloudresearch,784A96937A0F44E1BA55D7971CA37B7A,False,True,,,613,87,2026-09-02T00:03:40.029Z,2026-09-02T00:16:10.566Z,0,0,0,42.0,US,4.0,3.0,0.0,0.0,1.0,4.0,5.0,5.0,4.0,4.0,4.0,4.0,5.0,1.0,1.0,4.0,6.0,5.0,4.0,4.0,7.0,6.0,6.0,6.0,6.0,0.0,,3.0,1.0,5.0,4.0,,4.0,5.0,4.0,1.0,,2.0,3.0,1.0,,2.0,3.0,2.0,4.0,,5.0,6.0,,5.0,6.0,4.0,1.0,,2.0,3.0,1.0,,3.0,2.0,,3.0,,5.0,6.0,,5.0,6.0,4.0,1.0,,2.0,3.0,1.0,,3.0,2.0,3.0,4.0,3.0,4.0,3.0,3.0,3.0,2.0,0.0,3.0,4.0,5.0,4.0,3.0,1.0,1.0,1.0,7.0,REL,ADV,COL,1.0,1,2.0,1,0,AI (no operator),3.7,2.75,4.666666666666667,4.0,2.4,3.75,3.0,5.2,6.0,3.25,3.3333333333333335,10.216666666666667,0,America/Denver,1,1,1,0,0,69.343,103.805,115.323,163.25,148.214,153.137,0,1.4358596911954262
92593480-e39a-40a9-ad45-966ade7e4bd2,F4V74H4F,H1,H,1,O5,True,completed,cloudresearch,AE5FFFE131FC46D6AD5B100F3645A368,False,True,,,801,90,2026-09-02T00:03:41.169Z,2026-09-02T00:24:13.834Z,0,0,0,22.0,US,2.0,5.0,1.0,1.0,0.0,1.0,2.0,2.0,7.0,1.0,7.0,7.0,1.0,5.0,2.0,3.0,5.0,5.0,5.0,5.0,5.0,4.0,4.0,4.0,5.0,0.0,2.0,1.0,,2.0,2.0,4.0,2.0,1.0,6.0,,2.0,3.0,1.0,,1.0,3.0,2.0,,1.0,2.0,1.0,1.0,1.0,1.0,1.0,5.0,,2.0,3.0,1.0,,1.0,2.0,3.0,,3.0,,4.0,5.0,4.0,5.0,6.0,7.0,,1.0,3.0,2.0,,2.0,3.0,1.0,7.0,7.0,7.0,7.0,7.0,7.0,7.0,1.0,0.0,7.0,1.0,2.0,7.0,7.0,2.0,7.0,7.0,1.0,ADV,REL,COL,2.0,1,2.0,1,1,no mention,1.9,2.25,2.3333333333333335,1.0,7.0,6.5,6.777777777777778,5.0,4.25,7.0,7.0,13.35,0,America/New_York,1,1,1,0,0,69.386,142.852,115.313,219.505,133.065,157.874,0,2.3417024409159497
e1ad1608-f56d-456a-ab00-2ab257ea89fc,BDPQ2XXQ,H3,H,3,O4,True,completed,cloudresearch,81D098956B3C44D784AB13B7A51265B9,False,False,,,812,90,2026-09-02T00:03:41.279Z,2026-09-02T00:17:49.360Z,0,0,0,35.0,US,4.0,4.0,3.0,0.0,1.0,4.0,7.0,7.0,2.0,2.0,3.0,6.0,2.0,6.0,6.0,7.0,7.0,7.0,6.0,5.0,7.0,6.0,4.0,4.0,4.0,0.0,,7.0,1.0,7.0,7.0,7.0,7.0,7.0,7.0,,2.0,1.0,3.0,,1.0,2.0,3.0,,6.0,,6.0,7.0,7.0,7.0,7.0,7.0,,1.0,2.0,3.0,,1.0,2.0,3.0,3.0,5.0,,6.0,7.0,7.0,7.0,7.0,7.0,,1.0,2.0,3.0,,1.0,2.0,3.0,6.0,6.0,6.0,6.0,5.0,5.0,6.0,6.0,0.0,5.0,3.0,5.0,5.0,5.0,3.0,4.0,4.0,2.0,REL,COL,ADV,1.0,1,3.0,0,1,mobility,5.0,4.0,7.0,4.333333333333333,4.6,4.75,4.666666666666667,6.4,4.5,5.5,6.0,13.533333333333333,1,America/New_York,1,1,1,0,0,76.389,104.009,162.215,172.785,242.948,145.872,1,1.4871595154161104
7c7876c1-31ee-41c3-99b5-b696b4ce7c91,ASFAXKQ4,HA1,HA,1,O2,True,completed,cloudresearch,ED0140E0071A4ACBA4A821244ED622E8,False,True,,,938,96,2026-09-02T00:03:41.626Z,2026-09-02T00:20:17.692Z,0,0,0,48.0,US,4.0,4.0,4.0,2.0,0.0,4.0,3.0,4.0,6.0,2.0,6.0,4.0,1.0,2.0,2.0,4.0,6.0,6.0,5.0,4.0,6.0,6.0,5.0,5.0,6.0,0.0,,6.0,,5.0,5.0,6.0,6.0,5.0,7.0,2.0,1.0,3.0,4.0,2.0,1.0,3.0,4.0,,5.0,2.0,5.0,6.0,3.0,6.0,6.0,7.0,1.0,2.0,4.0,3.0,1.0,3.0,4.0,2.0,2.0,5.0,,6.0,6.0,6.0,5.0,6.0,7.0,3.0,1.0,4.0,2.0,3.0,1.0,4.0,2.0,5.0,5.0,5.0,6.0,5.0,6.0,6.0,6.0,0.0,6.0,2.0,2.0,6.0,5.0,2.0,6.0,6.0,2.0,ADV,COL,REL,2.0,1,2.0,1,1,no mention,2.6,1.75,3.6666666666666665,2.6666666666666665,5.8,6.0,5.888888888888889,5.4,5.5,5.75,5.0,15.633333333333333,0,America/Chicago,1,1,1,0,0,69.36,103.855,115.28,239.09,212.601,139.719,0,1.5225448255688991
54536746-5731-43eb-9410-1b8f7395c126,M5BDAS4S,HA1,HA,1,O1,True,completed,cloudresearch,A0F9399F1FC04200B6ED725E089494BB,False,True,,,1016,96,2026-09-02T00:03:42.157Z,2026-09-02T00:21:07.855Z,0,0,0,52.0,US,5.0,4.0,5.0,0.0,1.0,0.0,6.0,7.0,5.0,3.0,5.0,3.0,2.0,3.0,3.0,5.0,6.0,5.0,5.0,3.0,5.0,5.0,5.0,6.0,6.0,0.0,,6.0,1.0,6.0,6.0,5.0,7.0,7.0,6.0,2.0,3.0,1.0,4.0,2.0,3.0,1.0,4.0,2.0,5.0,,6.0,6.0,5.0,6.0,6.0,5.0,2.0,3.0,1.0,4.0,2.0,3.0,1.0,4.0,,5.0,,6.0,6.0,5.0,3.0,5.0,5.0,2.0,3.0,1.0,4.0,3.0,4.0,2.0,1.0,6.0,6.0,6.0,6.0,6.0,6.0,6.0,6.0,0.0,6.0,3.0,3.0,6.0,5.0,3.0,5.0,5.0,4.0,REL,ADV,COL,1.0,1,2.0,1,1,no mention,4.0,2.75,6.0,3.6666666666666665,5.4,4.75,5.111111111111111,4.8,5.5,6.0,6.0,16.933333333333334,0,America/Chicago,1,1,1,0,0,69.408,103.837,115.365,257.488,203.984,215.776,0,1.1795722308410133
2246a466-6266-4a12-b215-dd1ef271bf91,E2AWWP4K,H2,H,2,O2,True,completed,cloudresearch,51A229E129AF483FB3C36078F869D76D,False,True,,,614,90,2026-09-02T00:03:42.258Z,2026-09-02T00:14:18.499Z,0,0,0,20.0,CA,2.0,4.0,3.0,0.0,0.0,4.0,3.0,3.0,4.0,3.0,2.0,4.0,4.0,3.0,3.0,3.0,7.0,3.0,3.0,2.0,6.0,6.0,6.0,6.0,6.0,0.0,,7.0,,6.0,6.0,6.0,6.0,7.0,7.0,,3.0,2.0,1.0,,1.0,3.0,2.0,,6.0,2.0,6.0,6.0,6.0,6.0,6.0,6.0,,2.0,1.0,3.0,,1.0,2.0,3.0,2.0,7.0,,6.0,6.0,6.0,6.0,7.0,7.0,,1.0,2.0,3.0,,2.0,1.0,3.0,6.0,6.0,6.0,7.0,6.0,5.0,6.0,6.0,0.0,6.0,3.0,3.0,7.0,7.0,2.0,6.0,7.0,3.0,ADV,COL,REL,2.0,1,2.0,1,1,intellectual,3.6,3.25,3.0,4.666666666666667,6.6,5.25,6.0,4.2,6.0,6.0,6.0,10.233333333333333,0,America/Toronto,1,1,1,0,0,69.497,103.637,115.477,150.321,142.558,99.417,1,1.548357533261155
4e9a0626-7d9e-4e0d-bb1e-d9171395596f,7825ZSTR,A,A,,O2,True,completed,cloudresearch,DFA633D3073B4DCCA9443952B148DA0E,False,False,,,910,87,2026-09-02T00:03:42.655Z,2026-09-02T00:19:12.290Z,0,0,0,23.0,US,1.0,4.0,3.0,0.0,0.0,0.0,6.0,7.0,2.0,4.0,2.0,1.0,4.0,5.0,3.0,7.0,7.0,7.0,6.0,7.0,7.0,7.0,7.0,7.0,6.0,0.0,,6.0,,6.0,7.0,,6.0,7.0,6.0,2.0,,1.0,3.0,1.0,,3.0,2.0,,6.0,2.0,5.0,7.0,,6.0,6.0,6.0,1.0,,2.0,3.0,1.0,,3.0,2.0,1.0,6.0,,5.0,5.0,,6.0,7.0,6.0,1.0,,2.0,3.0,1.0,,3.0,2.0,7.0,5.0,5.0,6.0,7.0,6.0,5.0,4.0,0.0,4.0,3.0,2.0,5.0,5.0,2.0,5.0,4.0,3.0,ADV,COL,REL,2.0,1,1.0,0,0,AI (no operator),5.5,4.0,6.666666666666667,6.333333333333333,4.6,5.5,5.0,6.8,6.75,6.0,5.666666666666667,15.166666666666666,0,America/Denver,1,1,1,0,0,69.531,103.95,115.294,339.691,311.491,93.722,0,1.5216552781770427
e4a29cd7-1903-4a05-85ff-302ceba9adc1,6YFBB8GN,HA1,HA,1,O6,True,completed,cloudresearch,F72AAEAA755041F6AA79ECE84CD76F41,False,True,,,815,96,2026-09-02T00:03:42.978Z,2026-09-02T00:18:12.818Z,0,0,0,49.0,US,5.0,1.0,3.0,0.0,0.0,3.0,7.0,7.0,2.0,6.0,2.0,1.0,2.0,2.0,2.0,6.0,6.0,6.0,6.0,6.0,7.0,6.0,6.0,6.0,6.0,0.0,,5.0,,5.0,5.0,6.0,3.0,3.0,2.0,1.0,3.0,2.0,4.0,1.0,3.0,2.0,4.0,2.0,4.0,,4.0,5.0,6.0,3.0,3.0,2.0,1.0,3.0,2.0,4.0,1.0,3.0,2.0,4.0,,3.0,0.0,4.0,4.0,7.0,3.0,3.0,2.0,1.0,3.0,2.0,4.0,1.0,3.0,2.0,4.0,1.0,1.0,1.0,2.0,2.0,2.0,2.0,2.0,0.0,1.0,6.0,6.0,2.0,3.0,2.0,2.0,1.0,5.0,COL,ADV,REL,0.0,1,2.0,1,1,no mention,5.1,3.0,6.666666666666667,6.333333333333333,1.8,3.25,2.4444444444444446,6.2,6.0,2.0,1.0,13.583333333333334,0,America/New_York,1,1,1,0,0,69.381,103.854,115.344,223.866,164.836,114.626,0,1.9907121917133128
476e8213-8ad6-4430-9d28-987b97834de7,SXDNVN8W,HA2,HA,2,O2,True,completed,cloudresearch,8DFA07C880FC4350BCAE8401C5098747,False,True,,,684,96,2026-09-02T00:03:43.221Z,2026-09-02T00:15:24.530Z,0,0,0,27.0,US,4.0,4.0,0.0,0.0,0.0,1.0,7.0,4.0,1.0,3.0,4.0,1.0,1.0,1.0,1.0,1.0,5.0,4.0,7.0,4.0,6.0,4.0,4.0,4.0,4.0,0.0,,6.0,,7.0,6.0,7.0,6.0,6.0,5.0,2.0,1.0,3.0,4.0,2.0,1.0,3.0,4.0,,4.0,2.0,6.0,6.0,7.0,4.0,6.0,5.0,2.0,1.0,3.0,4.0,2.0,1.0,3.0,4.0,2.0,6.0,,6.0,6.0,7.0,6.0,7.0,5.0,2.0,1.0,3.0,4.0,2.0,1.0,3.0,4.0,4.0,4.0,6.0,7.0,5.0,7.0,6.0,7.0,0.0,7.0,1.0,1.0,7.0,7.0,1.0,7.0,7.0,4.0,ADV,COL,REL,2.0,1,2.0,1,1,intellectual,3.6,1.5,4.0,6.0,7.0,6.25,6.666666666666667,5.2,4.0,6.25,4.666666666666667,11.4,0,America/New_York,1,1,1,0,0,69.327,103.784,115.288,180.493,142.613,98.149,0,1.9736540838596357
80927043-f1f3-4ea0-9671-113e7d92a505,JYKV5NEQ,H3,H,3,O3,True,completed,cloudresearch,5746B57E6C6B4BB6AC91B09E3A022E11,False,True,,,783,90,2026-09-02T00:03:43.633Z,2026-09-02T00:16:56.251Z,0,0,0,45.0,US,2.0,5.0,2.0,1.0,0.0,0.0,7.0,7.0,5.0,2.0,5.0,2.0,1.0,3.0,1.0,4.0,6.0,5.0,6.0,6.0,7.0,5.0,6.0,6.0,6.0,0.0,2.0,5.0,,6.0,7.0,7.0,6.0,6.0,7.0,,1.0,3.0,2.0,,1.0,3.0,2.0,,7.0,,7.0,7.0,7.0,7.0,7.0,7.0,,1.0,3.0,2.0,,1.0,3.0,2.0,,5.0,0.0,6.0,7.0,7.0,6.0,6.0,7.0,,1.0,3.0,2.0,,1.0,3.0,2.0,7.0,7.0,7.0,5.0,5.0,5.0,5.0,7.0,0.0,7.0,1.0,2.0,6.0,6.0,2.0,6.0,3.0,2.0,COL,REL,ADV,0.0,1,2.0,1,1,mobility,3.7,1.75,6.0,4.0,5.6,6.25,5.888888888888889,6.0,5.75,5.0,7.0,13.05,0,America/Denver,1,1,1,0,0,69.321,103.781,115.274,227.711,133.189,143.423,1,1.7848046103689226
a0a45474-e599-4dd1-8fbd-57e3e812e537,N2DGUZMQ,HA1,HA,1,O5,True,completed,cloudresearch,E68B223940A44D31BF42CF1E9B63BCD8,False,True,,,1125,96,2026-09-02T00:03:44.100Z,2026-09-02T00:22:40.079Z,0,0,0,23.0,US,2.0,5.0,2.0,4.0,0.0,1.0,6.0,5.0,5.0,3.0,5.0,6.0,6.0,5.0,6.0,6.0,5.0,6.0,6.0,6.0,4.0,5.0,5.0,4.0,6.0,0.0,2.0,6.0,,5.0,6.0,7.0,6.0,7.0,5.0,2.0,1.0,3.0,4.0,1.0,2.0,3.0,4.0,,6.0,2.0,5.0,6.0,7.0,6.0,6.0,5.0,4.0,3.0,1.0,2.0,1.0,3.0,2.0,4.0,,4.0,,5.0,4.0,5.0,6.0,3.0,4.0,1.0,3.0,4.0,2.0,2.0,1.0,3.0,4.0,5.0,5.0,6.0,5.0,5.0,5.0,6.0,4.0,0.0,6.0,6.0,7.0,6.0,6.0,7.0,6.0,6.0,7.0,ADV,REL,COL,2.0,1,2.0,1,1,no mention,4.5,5.0,5.666666666666667,2.6666666666666665,6.0,1.25,3.888888888888889,5.4,5.0,5.25,5.333333333333333,18.75,0,America/Chicago,1,1,1,0,0,69.341,306.478,115.302,333.984,170.804,180.556,0,1.07945363654098
23517066-96fe-4bb0-bbda-1703b9b8d977,TG26GN5B,H1,H,1,O2,True,completed,cloudresearch,46331EBA4F494FAD901E83106523FF12,False,True,,,864,90,2026-09-02T00:03:44.290Z,2026-09-02T00:22:42.809Z,0,0,0,42.0,US,4.0,4.0,3.0,2.0,1.0,1.0,4.0,4.0,6.0,2.0,6.0,4.0,2.0,4.0,1.0,2.0,7.0,6.0,7.0,6.0,7.0,7.0,6.0,6.0,6.0,0.0,,7.0,,7.0,7.0,7.0,7.0,7.0,7.0,,1.0,3.0,2.0,,1.0,3.0,2.0,,6.0,2.0,6.0,7.0,7.0,7.0,7.0,7.0,,1.0,3.0,2.0,,1.0,3.0,2.0,2.0,5.0,,6.0,6.0,7.0,6.0,6.0,6.0,,1.0,3.0,2.0,,1.0,3.0,2.0,6.0,6.0,7.0,6.0,5.0,7.0,7.0,4.0,0.0,6.0,1.0,1.0,7.0,6.0,1.0,6.0,6.0,1.0,ADV,COL,REL,2.0,1,2.0,1,1,no mention,2.7,2.25,3.3333333333333335,2.6666666666666665,6.2,7.0,6.555555555555555,6.6,6.25,6.25,6.333333333333333,14.4,0,America/Chicago,1,1,1,0,0,69.349,103.878,214.653,140.65,245.318,91.1,1,1.8986644330894458
875975f4-2c1d-4439-b93c-e51c6179a86c,RR2ED7XS,HA3,HA,3,O4,True,completed,cloudresearch,BD829C455ECF44618E25144C1B8E8360,False,True,,,611,96,2026-09-02T00:03:44.699Z,2026-09-02T00:14:27.740Z,0,0,0,25.0,CA,1.0,4.0,2.0,1.0,0.0,2.0,7.0,6.0,2.0,3.0,2.0,1.0,2.0,3.0,2.0,6.0,5.0,5.0,5.0,4.0,5.0,6.0,6.0,6.0,4.0,0.0,,2.0,1.0,5.0,5.0,7.0,5.0,3.0,2.0,2.0,1.0,3.0,4.0,2.0,1.0,3.0,4.0,,3.0,,6.0,6.0,7.0,5.0,3.0,2.0,2.0,1.0,4.0,3.0,2.0,1.0,4.0,3.0,2.0,2.0,,5.0,5.0,7.0,5.0,6.0,3.0,2.0,1.0,3.0,4.0,2.0,1.0,3.0,4.0,2.0,2.0,2.0,3.0,2.0,3.0,3.0,7.0,0.0,6.0,2.0,3.0,6.0,6.0,3.0,6.0,6.0,2.0,REL,COL,ADV,1.0,1,2.0,1,1,mobility,4.8,2.5,6.333333333333333,6.333333333333333,6.0,5.5,5.777777777777778,4.8,5.5,2.75,2.0,10.183333333333334,0,America/Toronto,1,1,1,0,0,69.396,103.855,115.315,137.23,158.635,144.36,0,1.7544339455419267
4557638e-939b-4514-a5a3-59d3bd62e766,CT2AHFH8,H2,H,2,O3,True,completed,cloudresearch,B240206B3BA149F98442853B12F19C6D,False,True,,,927,90,2026-09-02T00:03:44.823Z,2026-09-02T00:19:53.466Z,0,0,0,49.0,US,2.0,4.0,3.0,5.0,0.0,3.0,6.0,5.0,3.0,2.0,2.0,3.0,1.0,2.0,1.0,2.0,6.0,6.0,6.0,4.0,4.0,6.0,5.0,5.0,4.0,0.0,2.0,7.0,,6.0,6.0,5.0,7.0,6.0,7.0,,1.0,2.0,3.0,,1.0,2.0,3.0,,7.0,,7.0,7.0,6.0,7.0,7.0,7.0,,2.0,3.0,1.0,,2.0,3.0,1.0,,7.0,0.0,6.0,6.0,6.0,6.0,7.0,7.0,,2.0,1.0,3.0,,2.0,1.0,3.0,7.0,7.0,7.0,6.0,5.0,6.0,6.0,5.0,0.0,5.0,3.0,6.0,6.0,7.0,6.0,5.0,5.0,3.0,COL,REL,ADV,0.0,1,2.0,1,1,intellectual,3.5,1.5,4.333333333333333,5.333333333333333,5.6,3.5,4.666666666666667,5.2,5.0,5.75,7.0,15.45,0,America/Denver,1,1,1,0,0,69.399,103.855,115.34,251.99,157.549,162.151,0,1.6894189128599215
8828a339-a1e2-450c-b6a7-3fd16948715d,ET4XBAAT,A,A,,O6,True,completed,cloudresearch,6B8104CB91244D269E81C490EADA8071,False,True,,,624,87,2026-09-02T00:03:44.893Z,2026-09-02T00:15:02.012Z,0,0,0,46.0,US,3.0,3.0,1.0,1.0,0.0,3.0,7.0,7.0,2.0,7.0,2.0,2.0,2.0,5.0,3.0,6.0,7.0,6.0,6.0,6.0,6.0,6.0,6.0,6.0,6.0,0.0,,1.0,,5.0,3.0,,4.0,3.0,1.0,3.0,,2.0,1.0,3.0,,2.0,1.0,2.0,1.0,,4.0,3.0,,4.0,3.0,1.0,3.0,,2.0,1.0,3.0,,2.0,1.0,,1.0,0.0,4.0,5.0,,4.0,4.0,1.0,3.0,,2.0,1.0,3.0,,2.0,1.0,1.0,1.0,1.0,1.0,1.0,1.0,1.0,2.0,0.0,1.0,7.0,7.0,1.0,1.0,7.0,1.0,1.0,7.0,COL,ADV,REL,0.0,1,2.0,1,0,AI (no operator),5.5,4.25,6.666666666666667,6.0,1.0,1.0,1.0,6.2,6.0,1.0,1.0,10.4,0,America/Denver,1,1,1,0,0,69.361,103.799,115.279,177.016,134.785,86.056,0,2.358326541369433
c90d8865-98e3-45f7-b910-6342afdf7e7b,B992CFZZ,A,A,,O4,True,completed,cloudresearch,BA46C89FF6D74BBD8CBE20E7D403DFC1,False,True,,,602,87,2026-09-02T00:03:44.903Z,2026-09-02T00:16:29.154Z,0,0,0,39.0,US,4.0,5.0,3.0,0.0,0.0,4.0,7.0,7.0,7.0,1.0,7.0,1.0,1.0,1.0,1.0,7.0,7.0,7.0,7.0,7.0,7.0,7.0,7.0,7.0,7.0,0.0,,2.0,1.0,5.0,5.0,,4.0,5.0,5.0,1.0,,2.0,3.0,1.0,,2.0,3.0,,3.0,,5.0,6.0,,7.0,5.0,7.0,1.0,,3.0,2.0,1.0,,3.0,2.0,2.0,1.0,,5.0,7.0,,7.0,7.0,7.0,1.0,,2.0,3.0,1.0,,3.0,2.0,5.0,5.0,6.0,7.0,7.0,7.0,7.0,6.0,0.0,7.0,1.0,7.0,7.0,7.0,1.0,7.0,7.0,1.0,REL,COL,ADV,1.0,1,2.0,1,0,AI (no operator),3.4,1.0,7.0,3.0,7.0,5.5,6.333333333333333,7.0,7.0,7.0,5.333333333333333,10.033333333333333,0,America/Chicago,1,1,1,0,0,69.388,103.838,115.305,126.858,153.755,138.262,0,2.2370220834914036
622c42e7-9d07-4236-b8bd-c608c1c3357e,K8RJ9ECS,HA1,HA,1,O4,True,completed,cloudresearch,915C0D308D7B44C29C706AD1AE1DE306,False,True,,,837,96,2026-09-02T00:03:45.797Z,2026-09-02T00:42:26.915Z,0,0,0,45.0,US,4.0,5.0,5.0,5.0,0.0,2.0,4.0,3.0,7.0,4.0,6.0,7.0,3.0,5.0,5.0,3.0,7.0,6.0,5.0,4.0,7.0,6.0,7.0,6.0,5.0,0.0,,6.0,1.0,5.0,6.0,6.0,5.0,6.0,5.0,2.0,4.0,3.0,1.0,2.0,3.0,4.0,1.0,,5.0,,6.0,5.0,6.0,6.0,5.0,6.0,1.0,4.0,2.0,3.0,1.0,3.0,2.0,4.0,2.0,5.0,,6.0,6.0,5.0,6.0,5.0,6.0,2.0,4.0,3.0,1.0,2.0,3.0,4.0,1.0,5.0,6.0,7.0,7.0,6.0,5.0,6.0,6.0,1.0,6.0,5.0,3.0,6.0,7.0,3.0,6.0,7.0,4.0,REL,COL,ADV,1.0,1,2.0,1,1,no mention,3.1,4.25,3.3333333333333335,1.3333333333333333,6.4,4.25,5.444444444444445,5.8,6.0,6.0,6.0,13.95,0,America/New_York,1,1,1,0,0,114.935,103.927,115.375,159.154,186.224,179.926,0,1.2365650184590484
5483faa6-6028-47e9-b5c9-502bc4dab121,YBA7C7VA,H2,H,2,O1,True,completed,cloudresearch,D5DE0F46EEF341A383C94F3271F02925,False,True,,,995,90,2026-09-02T00:03:45.818Z,2026-09-02T00:21:04.856Z,0,0,0,60.0,US,4.0,4.0,0.0,0.0,0.0,3.0,6.0,6.0,6.0,2.0,2.0,2.0,2.0,2.0,2.0,3.0,6.0,5.0,5.0,5.0,6.0,6.0,5.0,5.0,6.0,0.0,,4.0,1.0,5.0,5.0,6.0,5.0,5.0,3.0,,1.0,3.0,2.0,,1.0,3.0,2.0,2.0,4.0,,6.0,5.0,6.0,5.0,5.0,3.0,,1.0,3.0,2.0,,1.0,3.0,2.0,,4.0,,5.0,5.0,6.0,5.0,6.0,3.0,,1.0,3.0,2.0,,1.0,3.0,2.0,2.0,2.0,4.0,2.0,2.0,2.0,2.0,2.0,0.0,5.0,5.0,4.0,4.0,4.0,2.0,4.0,5.0,2.0,REL,ADV,COL,1.0,1,2.0,1,1,intellectual,3.7,2.0,5.0,4.666666666666667,4.4,4.75,4.555555555555555,5.4,5.5,2.0,2.6666666666666665,16.583333333333332,0,America/New_York,1,1,1,0,0,69.355,103.815,115.311,245.503,204.255,197.607,0,1.4609255138276591
0e412a4e-a95d-424a-bd46-ba1fa66ba637,PF9GRYG9,HA2,HA,2,O4,True,completed,cloudresearch,D966917B355A4E4DA9A62990D10DDC93,False,True,,,1418,96,2026-09-02T00:03:45.936Z,2026-09-02T00:28:24.123Z,0,0,0,29.0,US,0.0,5.0,4.0,3.0,0.0,0.0,5.0,5.0,4.0,2.0,3.0,3.0,1.0,2.0,2.0,6.0,6.0,5.0,6.0,5.0,6.0,6.0,5.0,6.0,6.0,0.0,,5.0,1.0,6.0,6.0,6.0,6.0,6.0,6.0,2.0,1.0,3.0,4.0,2.0,1.0,3.0,4.0,,6.0,,6.0,6.0,6.0,6.0,6.0,6.0,2.0,1.0,3.0,4.0,2.0,1.0,3.0,4.0,2.0,5.0,,6.0,6.0,6.0,6.0,6.0,6.0,2.0,1.0,3.0,4.0,2.0,1.0,3.0,4.0,6.0,6.0,6.0,6.0,6.0,5.0,5.0,6.0,0.0,5.0,2.0,4.0,6.0,6.0,2.0,5.0,5.0,4.0,REL,COL,ADV,1.0,1,2.0,1,1,intellectual,3.7,1.75,5.333333333333333,4.666666666666667,5.4,5.0,5.222222222222222,5.6,5.75,5.5,6.0,23.633333333333333,0,America/New_York,1,1,1,1,1,117.161,103.872,115.326,491.577,248.216,200.929,1,1.3446478167073188
68070497-cc3d-43e9-89e0-b3e322a2dbbc,7JM57YYF,H1,H,1,O4,True,completed,cloudresearch,D1574A2790D44655BDE8A54C87518AD5,False,True,,,709,90,2026-09-02T00:03:46.000Z,2026-09-02T00:16:02.612Z,0,0,0,56.0,US,4.0,3.0,5.0,0.0,1.0,4.0,5.0,6.0,2.0,6.0,4.0,2.0,2.0,6.0,2.0,6.0,4.0,4.0,4.0,4.0,4.0,4.0,4.0,4.0,4.0,0.0,,5.0,1.0,5.0,5.0,4.0,5.0,5.0,4.0,,2.0,1.0,3.0,,2.0,1.0,3.0,,6.0,,6.0,6.0,6.0,6.0,6.0,6.0,,3.0,2.0,1.0,,3.0,2.0,1.0,2.0,5.0,,6.0,6.0,4.0,5.0,5.0,5.0,,3.0,2.0,1.0,,3.0,2.0,1.0,5.0,5.0,5.0,5.0,5.0,5.0,5.0,6.0,0.0,4.0,4.0,5.0,5.0,4.0,4.0,4.0,3.0,4.0,REL,COL,ADV,1.0,1,2.0,1,1,no mention,4.9,4.0,5.666666666666667,5.333333333333333,4.0,3.75,3.888888888888889,4.0,4.0,5.0,5.0,11.816666666666666,0,America/Los_Angeles,1,1,1,0,0,84.105,103.821,115.334,163.47,163.605,137.993,1,1.0275520999393102
d8305bc2-c75a-40df-9b02-0f65331d16aa,4SMCE7E9,H3,H,3,O6,True,completed,cloudresearch,420CB3C092624159B46F840EA879CB88,False,True,,,723,90,2026-09-02T00:03:46.210Z,2026-09-02T00:16:06.938Z,0,0,0,74.0,US,3.0,5.0,4.0,0.0,1.0,2.0,6.0,7.0,2.0,4.0,2.0,1.0,2.0,4.0,1.0,4.0,6.0,4.0,5.0,5.0,6.0,4.0,5.0,4.0,4.0,0.0,,5.0,,6.0,6.0,6.0,6.0,6.0,6.0,,3.0,2.0,1.0,,3.0,2.0,1.0,2.0,5.0,,5.0,6.0,7.0,6.0,6.0,6.0,,3.0,2.0,1.0,,3.0,2.0,1.0,,6.0,0.0,6.0,7.0,7.0,6.0,6.0,5.0,,3.0,2.0,1.0,,3.0,2.0,1.0,4.0,4.0,4.0,5.0,5.0,4.0,5.0,4.0,0.0,6.0,5.0,5.0,4.0,4.0,3.0,5.0,4.0,3.0,COL,ADV,REL,0.0,1,2.0,1,1,mobility,4.7,2.75,5.666666666666667,6.333333333333333,4.6,4.0,4.333333333333333,5.2,4.25,4.75,4.0,12.05,0,America/Chicago,1,1,1,0,0,69.528,104.013,115.263,215.376,168.543,115.714,0,1.3649147817447058
c0c2f445-ea95-4bcb-81e4-100e9fcb66ff,RXG658E2,H1,H,1,O3,True,completed,cloudresearch,216A078A985F49DE8074278A3DE113DF,False,True,,,1017,90,2026-09-02T00:03:46.261Z,2026-09-02T00:21:44.438Z,0,0,0,70.0,CA,4.0,5.0,2.0,1.0,0.0,2.0,6.0,6.0,7.0,1.0,4.0,2.0,6.0,1.0,1.0,2.0,6.0,6.0,6.0,7.0,7.0,6.0,6.0,6.0,6.0,0.0,2.0,7.0,,6.0,6.0,7.0,7.0,7.0,6.0,,1.0,2.0,3.0,,1.0,2.0,3.0,,7.0,,6.0,7.0,7.0,6.0,7.0,7.0,,1.0,2.0,3.0,,1.0,2.0,3.0,,6.0,0.0,5.0,7.0,7.0,6.0,6.0,7.0,,1.0,2.0,3.0,,1.0,3.0,2.0,5.0,6.0,5.0,6.0,6.0,6.0,6.0,7.0,0.0,6.0,2.0,4.0,6.0,7.0,4.0,5.0,7.0,2.0,COL,REL,ADV,0.0,1,2.0,1,1,no mention,3.4,2.25,4.666666666666667,3.6666666666666665,6.2,5.0,5.666666666666667,6.4,6.0,6.0,5.333333333333333,16.95,0,America/Chicago,1,1,1,0,0,69.394,103.778,115.256,316.348,157.906,184.577,0,1.66550920912334
03269f4a-e97b-4f96-a035-d104750c9f0f,HZBAVYP2,H2,H,2,O6,True,completed,cloudresearch,B7E3766ED72941BEB0F7CECFB8D3DB97,False,True,,,723,90,2026-09-02T00:03:46.314Z,2026-09-02T00:19:12.445Z,0,0,0,28.0,US,2.0,5.0,3.0,3.0,1.0,1.0,5.0,6.0,6.0,5.0,6.0,5.0,1.0,2.0,5.0,6.0,2.0,5.0,5.0,3.0,5.0,5.0,3.0,5.0,5.0,0.0,,6.0,,5.0,6.0,5.0,5.0,6.0,6.0,,1.0,3.0,2.0,,1.0,2.0,3.0,2.0,5.0,,4.0,5.0,6.0,5.0,6.0,5.0,,2.0,1.0,3.0,,2.0,3.0,1.0,,6.0,0.0,5.0,6.0,5.0,5.0,6.0,5.0,,1.0,3.0,2.0,,2.0,3.0,1.0,6.0,5.0,6.0,5.0,6.0,5.0,6.0,7.0,0.0,5.0,3.0,6.0,5.0,5.0,3.0,5.0,3.0,5.0,COL,ADV,REL,0.0,1,2.0,1,1,intellectual,3.7,3.25,5.666666666666667,2.3333333333333335,4.6,3.75,4.222222222222222,4.0,4.5,5.5,5.666666666666667,12.05,0,America/New_York,1,1,1,0,0,69.371,194.952,115.297,206.885,228.021,110.595,0,1.153620511739651
d89d1303-b6e0-4dfb-865e-182539ec1b4e,PND2TKCG,HA2,HA,2,O1,True,completed,cloudresearch,FDC65C5F8DCB4731B5953C1745FC9696,False,True,,,816,96,2026-09-02T00:03:46.912Z,2026-09-02T00:17:32.415Z,0,0,0,63.0,US,4.0,3.0,3.0,0.0,0.0,2.0,7.0,7.0,5.0,3.0,2.0,1.0,1.0,4.0,2.0,6.0,6.0,2.0,2.0,2.0,5.0,6.0,3.0,3.0,4.0,0.0,,5.0,1.0,5.0,7.0,6.0,6.0,6.0,3.0,1.0,2.0,3.0,4.0,2.0,1.0,3.0,4.0,2.0,5.0,,5.0,6.0,7.0,6.0,6.0,4.0,2.0,1.0,3.0,4.0,1.0,3.0,2.0,4.0,,6.0,,5.0,6.0,6.0,6.0,6.0,5.0,1.0,3.0,2.0,4.0,2.0,4.0,3.0,1.0,5.0,5.0,5.0,6.0,5.0,6.0,6.0,2.0,0.0,2.0,6.0,7.0,2.0,2.0,5.0,2.0,2.0,7.0,REL,ADV,COL,1.0,1,2.0,1,1,intellectual,4.6,2.5,6.666666666666667,5.333333333333333,2.0,1.75,1.8888888888888888,3.4,4.0,5.75,5.0,13.6,0,America/New_York,1,1,1,0,0,69.501,103.904,115.53,234.014,152.839,160.067,0,1.788924741169302
dcbb2e71-d08b-4082-b73e-58a8ea04c6b2,YE2WF5Q2,H3,H,3,O2,True,completed,cloudresearch,AF62CFD61CB34059A143BA356C5A9E26,False,True,,,818,90,2026-09-02T00:03:47.212Z,2026-09-02T00:17:36.461Z,0,0,0,26.0,US,1.0,4.0,2.0,1.0,1.0,2.0,6.0,4.0,3.0,4.0,5.0,4.0,4.0,3.0,5.0,5.0,3.0,4.0,4.0,4.0,6.0,3.0,4.0,4.0,5.0,0.0,,6.0,,3.0,4.0,6.0,6.0,4.0,3.0,,2.0,1.0,3.0,,3.0,2.0,1.0,,4.0,2.0,5.0,3.0,4.0,5.0,3.0,5.0,,1.0,2.0,3.0,,3.0,2.0,1.0,2.0,5.0,,3.0,4.0,6.0,5.0,4.0,3.0,,3.0,1.0,2.0,,1.0,3.0,2.0,4.0,3.0,5.0,5.0,3.0,3.0,5.0,5.0,0.0,6.0,4.0,3.0,5.0,4.0,4.0,2.0,4.0,5.0,ADV,COL,REL,2.0,1,2.0,1,1,mobility,4.3,4.0,5.0,4.0,4.2,4.0,4.111111111111111,4.2,4.0,4.0,4.0,13.633333333333333,0,America/Chicago,1,1,1,0,0,69.533,103.786,115.502,155.014,204.05,245.565,0,0.940143272948527
4609f913-84fe-4151-86f5-8b74f9cb5d48,T89FS9P3,A,A,,O3,True,completed,cloudresearch,B56C1B79BE624B64AF15C8490DAC4BF2,False,True,,,933,87,2026-09-02T00:03:47.313Z,2026-09-02T00:21:36.849Z,0,0,0,29.0,US,1.0,5.0,5.0,1.0,1.0,1.0,4.0,5.0,7.0,1.0,7.0,4.0,4.0,5.0,1.0,5.0,4.0,5.0,3.0,5.0,6.0,7.0,7.0,4.0,4.0,0.0,2.0,7.0,,7.0,7.0,,7.0,7.0,7.0,1.0,,2.0,3.0,1.0,,2.0,3.0,,7.0,,7.0,7.0,,7.0,7.0,7.0,2.0,,3.0,1.0,1.0,,3.0,2.0,,5.0,0.0,4.0,7.0,,7.0,7.0,7.0,2.0,,3.0,1.0,1.0,,2.0,3.0,7.0,7.0,7.0,7.0,7.0,7.0,7.0,7.0,0.0,7.0,4.0,5.0,7.0,7.0,1.0,4.0,7.0,4.0,COL,REL,ADV,0.0,1,2.0,1,0,AI (no operator),3.1,2.75,4.666666666666667,2.0,6.4,4.5,5.555555555555555,4.6,5.5,7.0,7.0,15.55,0,America/Los_Angeles,1,1,1,0,0,70.621,103.845,115.358,236.102,148.108,183.797,2,1.75588823288053
2e069c83-2a3c-415c-a5e4-c5ca7c553e34,4W2YJMNU,HA1,HA,1,O3,True,completed,cloudresearch,3C8D8FC71AA649C5ADEA92C3EF693B19,False,True,,,777,96,2026-09-02T00:03:47.428Z,2026-09-02T00:18:05.827Z,0,0,0,38.0,US,2.0,4.0,1.0,0.0,1.0,4.0,7.0,6.0,7.0,1.0,2.0,2.0,1.0,6.0,1.0,5.0,4.0,5.0,5.0,2.0,4.0,6.0,3.0,4.0,4.0,0.0,2.0,5.0,,6.0,6.0,6.0,6.0,5.0,6.0,2.0,1.0,4.0,3.0,2.0,1.0,4.0,3.0,,3.0,,6.0,3.0,7.0,5.0,5.0,2.0,2.0,1.0,4.0,3.0,2.0,1.0,4.0,3.0,,2.0,0.0,4.0,6.0,5.0,7.0,7.0,5.0,2.0,1.0,4.0,3.0,2.0,1.0,4.0,3.0,6.0,5.0,6.0,6.0,4.0,5.0,5.0,7.0,0.0,7.0,5.0,5.0,7.0,6.0,5.0,2.0,7.0,6.0,COL,REL,ADV,0.0,1,2.0,1,1,no mention,4.0,2.25,6.0,4.333333333333333,5.8,2.75,4.444444444444445,4.0,4.25,5.0,5.666666666666667,12.95,0,America/Chicago,1,1,1,0,0,69.583,104.029,115.454,217.78,138.628,180.487,0,1.6535143140433965
f6c954b2-1268-42a8-a606-238754834df0,K56TBDZC,H3,H,3,O5,True,completed,cloudresearch,BAE1E65B97734A5FB961DC843F50677C,False,True,,,2326,90,2026-09-02T00:03:47.510Z,2026-09-02T00:45:56.928Z,0,0,0,35.0,CA,4.0,3.0,3.0,0.0,1.0,3.0,5.0,5.0,3.0,4.0,3.0,2.0,3.0,4.0,3.0,3.0,6.0,6.0,6.0,6.0,6.0,6.0,6.0,6.0,6.0,0.0,2.0,5.0,,5.0,5.0,6.0,5.0,5.0,4.0,,2.0,3.0,1.0,,2.0,3.0,1.0,,5.0,2.0,5.0,5.0,6.0,5.0,5.0,4.0,,2.0,3.0,1.0,,2.0,3.0,1.0,,5.0,,5.0,5.0,6.0,4.0,4.0,4.0,,2.0,3.0,1.0,,2.0,3.0,1.0,4.0,4.0,4.0,4.0,4.0,4.0,4.0,3.0,1.0,3.0,5.0,5.0,4.0,4.0,5.0,3.0,3.0,5.0,ADV,REL,COL,2.0,1,2.0,1,1,mobility,4.3,3.5,4.333333333333333,5.333333333333333,3.4,3.0,3.2222222222222223,6.0,6.0,4.0,4.0,38.766666666666666,0,America/Vancouver,1,1,1,0,0,69.115,103.796,140.43,153.803,101.609,167.161,0,1.0426866758339601
f00c3b10-1bd1-4313-b473-dc6b00944af9,33E7BWCV,H2,H,2,O4,True,completed,cloudresearch,D7E9AA73B76B4B0EA05134E905F58E40,False,True,,,1005,90,2026-09-02T00:03:47.860Z,2026-09-02T00:22:24.634Z,0,0,0,32.0,US,3.0,3.0,5.0,0.0,0.0,5.0,4.0,5.0,5.0,4.0,4.0,4.0,5.0,5.0,6.0,5.0,6.0,4.0,5.0,4.0,6.0,6.0,5.0,5.0,5.0,0.0,,6.0,1.0,5.0,6.0,5.0,6.0,5.0,5.0,,1.0,3.0,2.0,,1.0,2.0,3.0,,6.0,,6.0,6.0,6.0,5.0,5.0,6.0,,2.0,1.0,3.0,,2.0,1.0,3.0,2.0,5.0,,5.0,6.0,6.0,6.0,6.0,6.0,,1.0,2.0,3.0,,1.0,2.0,3.0,6.0,6.0,5.0,5.0,5.0,6.0,6.0,6.0,0.0,5.0,3.0,3.0,5.0,5.0,4.0,5.0,4.0,3.0,REL,COL,ADV,1.0,1,2.0,1,1,intellectual,4.5,5.0,4.666666666666667,3.6666666666666665,4.8,4.75,4.777777777777778,5.0,5.25,5.5,5.666666666666667,16.75,0,America/Los_Angeles,1,1,1,0,0,203.718,103.843,115.318,274.564,176.541,289.802,0,0.8126216807427676
9348caad-3c98-4344-b2ee-600d0b08c4aa,B2H648NT,HA3,HA,3,O1,True,completed,cloudresearch,643A9BB800E24C7B875F59CE53EB5834,False,True,,,859,96,2026-09-02T00:03:48.013Z,2026-09-02T00:18:18.937Z,0,0,0,35.0,CA,4.0,3.0,3.0,0.0,0.0,2.0,1.0,1.0,7.0,3.0,7.0,7.0,5.0,5.0,1.0,1.0,7.0,7.0,5.0,3.0,7.0,6.0,5.0,6.0,6.0,0.0,,5.0,1.0,5.0,7.0,3.0,7.0,5.0,6.0,3.0,4.0,2.0,1.0,3.0,2.0,4.0,1.0,2.0,3.0,,5.0,5.0,6.0,6.0,6.0,6.0,3.0,4.0,2.0,1.0,4.0,2.0,3.0,1.0,,5.0,,6.0,5.0,5.0,3.0,4.0,5.0,3.0,4.0,2.0,1.0,4.0,2.0,3.0,1.0,6.0,7.0,7.0,5.0,6.0,6.0,6.0,6.0,0.0,2.0,4.0,5.0,4.0,3.0,7.0,2.0,3.0,5.0,REL,ADV,COL,1.0,1,2.0,1,1,mobility,2.0,3.5,1.0,1.0,2.8,2.75,2.7777777777777777,5.8,5.75,5.75,6.666666666666667,14.316666666666666,0,America/Toronto,1,1,1,0,0,69.364,103.793,115.279,124.651,423.72,149.641,0,1.8550842310787963
c8867411-3490-4186-a741-6ef66c16d304,FSF8RG37,H1,H,1,O6,True,completed,cloudresearch,AD76013FD77C4693986FBD0D189140DC,False,True,,,1273,90,2026-09-02T00:03:48.218Z,2026-09-02T00:25:46.639Z,0,0,0,23.0,US,1.0,4.0,1.0,4.0,0.0,2.0,3.0,6.0,5.0,6.0,7.0,7.0,3.0,2.0,2.0,5.0,7.0,7.0,6.0,7.0,7.0,5.0,7.0,7.0,7.0,0.0,,7.0,,7.0,6.0,7.0,6.0,5.0,7.0,,1.0,2.0,3.0,,2.0,3.0,1.0,2.0,7.0,,7.0,6.0,7.0,6.0,7.0,7.0,,1.0,2.0,3.0,,1.0,2.0,3.0,,6.0,0.0,7.0,7.0,7.0,6.0,7.0,7.0,,1.0,2.0,3.0,,1.0,2.0,3.0,7.0,7.0,7.0,7.0,7.0,6.0,7.0,7.0,1.0,6.0,2.0,5.0,7.0,7.0,2.0,3.0,6.0,3.0,COL,ADV,REL,0.0,1,2.0,1,1,no mention,3.2,3.25,4.666666666666667,1.6666666666666667,5.8,5.0,5.444444444444445,6.8,6.5,6.75,7.0,21.216666666666665,0,America/Phoenix,1,1,1,0,0,69.405,103.882,115.347,357.811,248.468,164.799,0,1.6219970584677224
06703ceb-3305-4e74-8667-bce1266d1829,44BW5DVC,HA2,HA,2,O3,True,completed,cloudresearch,FD80E4A8EA2747668FC922F7E88058D7,False,True,,,1101,96,2026-09-02T00:03:48.474Z,2026-09-02T00:23:52.603Z,0,0,0,30.0,US,0.0,4.0,1.0,0.0,1.0,1.0,3.0,5.0,5.0,2.0,4.0,4.0,3.0,2.0,1.0,3.0,6.0,5.0,2.0,3.0,5.0,4.0,7.0,7.0,6.0,0.0,2.0,5.0,,5.0,7.0,7.0,5.0,5.0,7.0,3.0,1.0,2.0,4.0,3.0,1.0,2.0,4.0,,6.0,,6.0,7.0,7.0,7.0,7.0,7.0,3.0,1.0,2.0,4.0,3.0,1.0,2.0,4.0,,5.0,0.0,5.0,6.0,7.0,5.0,6.0,6.0,2.0,1.0,4.0,3.0,3.0,1.0,4.0,2.0,7.0,7.0,7.0,6.0,7.0,6.0,6.0,5.0,0.0,5.0,3.0,3.0,6.0,5.0,5.0,4.0,4.0,3.0,COL,REL,ADV,0.0,1,2.0,1,1,intellectual,3.0,2.0,3.6666666666666665,3.6666666666666665,4.8,4.5,4.666666666666667,4.2,6.0,6.25,7.0,18.35,0,America/Los_Angeles,1,1,1,0,0,69.409,103.816,115.318,293.824,195.846,196.451,0,1.6093913709704109
16b55d24-1cae-484a-a14c-4005867f0856,ZVAVYHXA,HA3,HA,3,O3,True,completed,cloudresearch,11045EA5FE23442FA24E05DDE3B16EAB,False,True,,,792,96,2026-09-02T00:03:48.670Z,2026-09-02T00:18:29.323Z,0,0,0,39.0,US,4.0,5.0,2.0,1.0,0.0,3.0,6.0,6.0,5.0,3.0,4.0,3.0,2.0,2.0,1.0,5.0,4.0,4.0,4.0,4.0,4.0,4.0,4.0,4.0,4.0,0.0,2.0,5.0,,5.0,4.0,4.0,6.0,6.0,6.0,1.0,2.0,3.0,4.0,1.0,2.0,3.0,4.0,,5.0,,5.0,5.0,4.0,5.0,5.0,6.0,1.0,2.0,3.0,4.0,1.0,2.0,3.0,4.0,,5.0,0.0,4.0,4.0,4.0,6.0,4.0,6.0,1.0,2.0,3.0,4.0,1.0,2.0,3.0,4.0,4.0,4.0,4.0,5.0,5.0,5.0,5.0,5.0,0.0,7.0,1.0,4.0,7.0,7.0,1.0,7.0,7.0,2.0,COL,REL,ADV,0.0,1,2.0,1,1,mobility,3.7,2.0,5.666666666666667,4.0,7.0,6.0,6.555555555555555,4.0,4.0,5.0,4.0,13.2,0,America/Los_Angeles,1,1,1,0,0,69.361,103.839,115.305,216.534,137.912,149.101,0,1.4571602218089745
17992a0a-e385-4003-8bef-052fcff79792,TKUDF6M8,H3,H,3,O1,True,completed,cloudresearch,9D989F53EFDF456BB65BB07E4DAB2F76,False,True,,,1989,90,2026-09-02T00:03:48.820Z,2026-09-02T00:40:24.298Z,0,0,0,50.0,US,2.0,4.0,0.0,0.0,0.0,4.0,2.0,2.0,6.0,2.0,4.0,4.0,2.0,2.0,2.0,3.0,6.0,6.0,6.0,4.0,5.0,5.0,4.0,4.0,4.0,0.0,,6.0,1.0,6.0,6.0,6.0,6.0,6.0,2.0,,1.0,2.0,3.0,,1.0,2.0,3.0,2.0,5.0,,5.0,5.0,5.0,6.0,6.0,2.0,,1.0,2.0,3.0,,1.0,2.0,3.0,,5.0,,5.0,5.0,5.0,5.0,5.0,2.0,,1.0,2.0,3.0,,1.0,2.0,3.0,3.0,3.0,5.0,5.0,3.0,3.0,3.0,5.0,0.0,5.0,2.0,2.0,5.0,5.0,2.0,5.0,5.0,2.0,REL,ADV,COL,1.0,1,2.0,1,1,mobility,2.5,2.0,2.3333333333333335,3.3333333333333335,5.0,6.0,5.444444444444445,5.4,4.25,3.5,3.6666666666666665,33.15,0,America/Denver,1,1,1,0,0,69.545,103.818,115.326,129.072,1207.2,461.697,0,1.4684525438973997
8dea5f38-07fe-4266-8bec-70ac523ebb7d,49CT79XS,HA3,HA,3,O5,True,completed,cloudresearch,6CC9B9CD54704ADB8CA8B7425856FED3,False,True,,,915,96,2026-09-02T00:03:49.022Z,2026-09-02T00:20:30.836Z,0,0,0,67.0,US,4.0,5.0,3.0,0.0,1.0,5.0,6.0,7.0,5.0,4.0,2.0,1.0,1.0,2.0,2.0,4.0,6.0,6.0,6.0,4.0,5.0,5.0,4.0,4.0,4.0,0.0,2.0,7.0,,4.0,7.0,7.0,7.0,6.0,7.0,3.0,1.0,2.0,4.0,3.0,1.0,2.0,4.0,,7.0,2.0,5.0,6.0,7.0,6.0,7.0,7.0,4.0,2.0,3.0,1.0,3.0,1.0,2.0,4.0,,7.0,,4.0,7.0,7.0,3.0,5.0,5.0,3.0,1.0,2.0,4.0,4.0,1.0,2.0,3.0,7.0,7.0,6.0,6.0,6.0,6.0,6.0,6.0,0.0,6.0,1.0,1.0,6.0,5.0,1.0,6.0,5.0,1.0,ADV,REL,COL,2.0,1,2.0,1,1,mobility,4.2,2.25,5.666666666666667,5.333333333333333,5.6,7.0,6.222222222222222,5.4,4.25,6.0,6.666666666666667,15.25,0,America/Chicago,1,1,1,0,0,69.35,103.782,115.317,240.687,144.99,215.764,0,1.861271788766633
7a778652-2bec-4e8a-8145-d9e8fded9e22,AJUE3TPT,HA3,HA,3,O2,True,completed,cloudresearch,DB5E9AA0CA0B47D4897CADE6097D6B4C,False,True,,,1037,96,2026-09-02T00:03:49.195Z,2026-09-02T00:22:07.189Z,0,0,0,35.0,US,4.0,5.0,4.0,2.0,0.0,2.0,4.0,3.0,6.0,2.0,5.0,1.0,1.0,3.0,3.0,1.0,6.0,5.0,4.0,6.0,6.0,5.0,7.0,6.0,6.0,0.0,,5.0,,7.0,6.0,7.0,6.0,7.0,6.0,3.0,4.0,2.0,1.0,3.0,4.0,2.0,1.0,,5.0,2.0,6.0,7.0,6.0,6.0,7.0,6.0,3.0,4.0,2.0,1.0,3.0,4.0,2.0,1.0,2.0,5.0,,6.0,6.0,7.0,6.0,7.0,6.0,3.0,4.0,2.0,1.0,3.0,4.0,2.0,1.0,5.0,7.0,6.0,7.0,6.0,7.0,6.0,5.0,0.0,7.0,1.0,2.0,6.0,7.0,2.0,6.0,7.0,4.0,ADV,COL,REL,2.0,1,2.0,1,1,mobility,2.9,2.25,2.6666666666666665,4.0,6.6,5.75,6.222222222222222,5.4,6.0,6.5,6.0,17.283333333333335,0,America/Phoenix,1,1,1,0,0,95.895,104.473,115.258,260.964,198.588,162.6,0,1.7750563959975958
7a23f24a-98c4-463c-8238-33647e403cf3,8MDQHFJN,HA2,HA,2,O6,True,completed,cloudresearch,F8FD3F54C9514457806C1ABF552826A0,False,True,,,1163,96,2026-09-02T00:03:49.423Z,2026-09-02T00:23:26.314Z,0,0,0,47.0,US,5.0,4.0,0.0,0.0,0.0,5.0,6.0,6.0,4.0,3.0,3.0,3.0,2.0,4.0,3.0,3.0,5.0,4.0,3.0,4.0,5.0,4.0,4.0,4.0,4.0,0.0,,6.0,,5.0,5.0,5.0,5.0,5.0,5.0,2.0,1.0,3.0,4.0,2.0,1.0,3.0,4.0,2.0,6.0,,4.0,5.0,5.0,6.0,6.0,5.0,2.0,1.0,3.0,4.0,2.0,1.0,3.0,4.0,,6.0,0.0,4.0,5.0,5.0,6.0,6.0,5.0,3.0,2.0,4.0,1.0,3.0,2.0,4.0,1.0,5.0,5.0,5.0,5.0,4.0,4.0,4.0,3.0,0.0,5.0,2.0,4.0,5.0,5.0,2.0,6.0,4.0,2.0,COL,ADV,REL,0.0,1,2.0,1,1,intellectual,4.1,3.0,5.0,4.666666666666667,5.0,5.5,5.222222222222222,4.2,4.0,4.25,5.0,19.383333333333333,0,America/New_York,1,1,1,0,0,69.344,103.806,115.239,215.457,190.328,187.697,0,1.0667650299827491
cd697c5c-3d6e-4539-b83b-0bcefc86ed36,3KSNXYTU,HA3,HA,3,O6,True,completed,cloudresearch,F88124638B424DDEAF32E0A2F6FC28B8,False,True,,,659,96,2026-09-02T00:03:49.655Z,2026-09-02T00:15:31.680Z,0,0,0,19.0,US,5.0,4.0,5.0,0.0,1.0,2.0,7.0,7.0,1.0,2.0,1.0,1.0,4.0,1.0,1.0,5.0,7.0,6.0,6.0,5.0,7.0,7.0,6.0,6.0,7.0,0.0,,7.0,,7.0,7.0,7.0,7.0,7.0,1.0,3.0,4.0,2.0,1.0,3.0,4.0,2.0,1.0,2.0,7.0,,7.0,7.0,7.0,5.0,6.0,1.0,2.0,3.0,1.0,4.0,2.0,3.0,1.0,4.0,,6.0,0.0,5.0,7.0,7.0,6.0,6.0,1.0,2.0,4.0,3.0,1.0,2.0,4.0,3.0,1.0,6.0,6.0,6.0,6.0,2.0,2.0,2.0,5.0,1.0,3.0,6.0,7.0,5.0,3.0,5.0,3.0,4.0,2.0,COL,ADV,REL,0.0,1,2.0,1,1,mobility,4.8,2.0,6.333333333333333,7.0,3.6,3.0,3.3333333333333335,6.2,6.5,3.0,6.0,10.983333333333333,0,America/Chicago,1,1,1,0,0,69.413,103.852,115.245,202.435,168.023,99.746,0,2.1583686440872616
0bb751ff-c14e-49fb-af27-b3f8fd8e900d,PW7K5ABM,HA2,HA,2,O5,True,completed,cloudresearch,C9502AF1F0A544AF8A3F930E5F320D6E,False,True,,,1960,96,2026-09-02T00:03:49.915Z,2026-09-02T00:38:31.109Z,0,0,0,34.0,US,1.0,5.0,1.0,0.0,1.0,0.0,2.0,2.0,5.0,2.0,2.0,4.0,3.0,2.0,2.0,2.0,5.0,5.0,5.0,5.0,5.0,5.0,5.0,5.0,5.0,0.0,2.0,6.0,,6.0,6.0,6.0,6.0,6.0,6.0,2.0,1.0,3.0,4.0,2.0,1.0,3.0,4.0,,6.0,2.0,6.0,6.0,6.0,6.0,6.0,6.0,2.0,1.0,3.0,4.0,2.0,1.0,3.0,4.0,,6.0,,6.0,6.0,6.0,6.0,6.0,6.0,2.0,1.0,3.0,4.0,2.0,1.0,3.0,4.0,6.0,6.0,6.0,6.0,5.0,5.0,5.0,2.0,0.0,5.0,2.0,2.0,6.0,6.0,2.0,5.0,5.0,2.0,ADV,REL,COL,2.0,1,2.0,1,1,intellectual,2.8,2.25,2.0,4.333333333333333,5.4,6.0,5.666666666666667,5.0,5.0,5.25,6.0,32.666666666666664,0,America/Los_Angeles,1,1,1,0,0,255.642,267.938,356.989,555.149,376.204,435.178,3,1.5198773840927164
bbbec15e-0549-4c1b-83d5-01d46bac5733,22YRX7R2,A,A,,O5,True,completed,cloudresearch,76A65CE1717F4309A58736C67710BC0A,False,True,,,955,87,2026-09-02T00:03:50.529Z,2026-09-02T00:36:23.600Z,0,0,0,29.0,US,5.0,5.0,2.0,0.0,1.0,4.0,5.0,6.0,1.0,1.0,5.0,4.0,2.0,4.0,4.0,4.0,6.0,6.0,6.0,4.0,6.0,6.0,6.0,6.0,6.0,0.0,2.0,6.0,,5.0,5.0,,5.0,5.0,6.0,1.0,,2.0,3.0,1.0,,2.0,3.0,,6.0,2.0,7.0,7.0,,6.0,6.0,7.0,1.0,,2.0,3.0,1.0,,2.0,3.0,,7.0,,7.0,7.0,,6.0,6.0,7.0,1.0,,2.0,3.0,1.0,,2.0,3.0,6.0,6.0,7.0,7.0,7.0,7.0,6.0,6.0,0.0,5.0,7.0,7.0,5.0,4.0,6.0,4.0,5.0,7.0,ADV,REL,COL,2.0,1,2.0,1,0,AI (no operator),4.0,2.75,5.0,4.666666666666667,4.6,1.25,3.111111111111111,5.6,6.0,6.75,6.333333333333333,15.916666666666666,0,America/Phoenix,1,1,1,0,0,69.341,241.391,115.277,399.66,134.047,166.134,0,1.5136986328315667
fc5647fa-0a2e-48fc-b51a-1199aa4f2533,FTVNKQMF,H3,H,3,O5,True,completed,cloudresearch,1D05757E3E17411A9911A0302E3BAAA8,False,True,,,1202,90,2026-09-02T00:03:51.399Z,2026-09-02T00:24:11.125Z,0,0,0,34.0,US,2.0,4.0,2.0,4.0,0.0,1.0,5.0,3.0,3.0,4.0,5.0,4.0,1.0,5.0,1.0,2.0,7.0,7.0,6.0,6.0,6.0,5.0,6.0,6.0,7.0,0.0,2.0,5.0,,6.0,5.0,6.0,6.0,5.0,6.0,,1.0,2.0,3.0,,1.0,2.0,3.0,,5.0,1.0,6.0,5.0,6.0,7.0,7.0,6.0,,1.0,3.0,2.0,,1.0,2.0,3.0,,6.0,,6.0,6.0,6.0,5.0,4.0,5.0,,2.0,1.0,3.0,,2.0,1.0,3.0,6.0,6.0,6.0,6.0,6.0,6.0,5.0,4.0,0.0,6.0,4.0,1.0,7.0,7.0,2.0,5.0,4.0,5.0,ADV,REL,COL,1.0,0,2.0,1,1,mobility,3.3,2.75,3.3333333333333335,4.0,5.8,5.0,5.444444444444445,6.4,6.0,5.75,6.0,20.033333333333335,0,America/New_York,1,1,1,1,1,64.478,237.243,128.298,444.44,153.758,204.795,0,1.487016118675088
22c7202f-eff8-4f8b-967b-3aa7f87846f0,ZCRHPAYG,H3,H,3,O1,True,completed,cloudresearch,FE1E66E8C24343D0B9B0C013ECFBB4B9,False,True,,,1987,90,2026-09-02T00:03:51.531Z,2026-09-02T00:39:20.688Z,0,0,0,23.0,US,4.0,5.0,5.0,1.0,1.0,3.0,2.0,1.0,6.0,2.0,5.0,5.0,1.0,2.0,1.0,3.0,7.0,7.0,5.0,7.0,7.0,6.0,5.0,6.0,6.0,0.0,,6.0,1.0,6.0,7.0,1.0,7.0,7.0,6.0,,1.0,2.0,3.0,,1.0,2.0,3.0,2.0,6.0,,7.0,7.0,4.0,7.0,6.0,7.0,,1.0,3.0,2.0,,1.0,3.0,2.0,,7.0,,7.0,6.0,2.0,7.0,6.0,7.0,,1.0,3.0,2.0,,1.0,3.0,2.0,5.0,6.0,6.0,7.0,6.0,7.0,7.0,6.0,1.0,6.0,1.0,2.0,7.0,6.0,1.0,6.0,7.0,1.0,REL,ADV,COL,1.0,1,2.0,1,1,mobility,2.0,1.5,2.0,2.6666666666666665,6.4,6.75,6.555555555555555,6.6,5.75,6.75,5.666666666666667,33.11666666666667,0,America/Los_Angeles,1,1,1,0,0,201.526,103.85,115.315,595.431,221.789,524.218,0,2.159027051459783
0ae37695-7ca1-40f0-9da0-6ece9b1c13c5,YESGD2MW,HA1,HA,1,O3,True,completed,cloudresearch,9F41954C4CB14C7AAEEA03A4F6806733,False,True,,,1574,96,2026-09-02T00:03:52.026Z,2026-09-02T00:30:22.432Z,0,0,0,50.0,US,5.0,4.0,0.0,0.0,1.0,3.0,1.0,4.0,7.0,1.0,4.0,7.0,7.0,1.0,1.0,1.0,7.0,7.0,7.0,7.0,7.0,7.0,7.0,7.0,7.0,0.0,2.0,5.0,,6.0,6.0,6.0,4.0,4.0,4.0,3.0,1.0,2.0,4.0,3.0,2.0,4.0,1.0,,5.0,,6.0,6.0,6.0,6.0,7.0,4.0,3.0,2.0,4.0,1.0,3.0,2.0,4.0,1.0,,3.0,0.0,6.0,6.0,6.0,5.0,5.0,3.0,3.0,2.0,4.0,1.0,2.0,3.0,4.0,1.0,1.0,1.0,1.0,3.0,2.0,2.0,2.0,2.0,0.0,4.0,4.0,4.0,5.0,3.0,4.0,4.0,3.0,1.0,COL,REL,ADV,0.0,1,2.0,1,1,no mention,2.2,2.5,2.0,2.0,3.8,4.75,4.222222222222222,7.0,7.0,2.25,1.0,26.233333333333334,0,America/New_York,1,1,1,0,0,71.731,103.817,115.327,228.812,166.655,152.083,0,2.1241585530756133
70ec672e-5494-4216-ac77-bc33eb080e53,AT5VJY9T,HA1,HA,1,O5,True,completed,cloudresearch,4F666DDEF59140568082EC4FB22FF502,False,True,,,995,96,2026-09-02T00:03:52.192Z,2026-09-02T00:22:26.021Z,0,0,0,43.0,US,3.0,4.0,2.0,0.0,0.0,2.0,4.0,6.0,7.0,1.0,7.0,6.0,1.0,2.0,2.0,4.0,7.0,3.0,3.0,2.0,7.0,7.0,7.0,6.0,7.0,0.0,2.0,6.0,,7.0,5.0,4.0,7.0,5.0,5.0,2.0,1.0,3.0,4.0,2.0,1.0,3.0,4.0,,4.0,2.0,6.0,7.0,2.0,6.0,7.0,6.0,1.0,2.0,3.0,4.0,1.0,2.0,3.0,4.0,,6.0,,7.0,6.0,5.0,3.0,5.0,7.0,1.0,3.0,2.0,4.0,1.0,3.0,2.0,4.0,6.0,6.0,7.0,5.0,4.0,5.0,5.0,4.0,0.0,5.0,4.0,4.0,6.0,6.0,4.0,3.0,6.0,6.0,ADV,REL,COL,2.0,1,2.0,1,1,no mention,2.4,1.5,4.666666666666667,1.3333333333333333,5.2,3.5,4.444444444444445,4.4,6.75,4.75,6.333333333333333,16.583333333333332,0,America/Chicago,1,1,1,0,0,69.532,103.981,115.573,306.873,159.435,198.769,0,1.755149872402172
1b90a3f2-3a52-425f-9ef5-fd87a2e4e065,TC5HR6FS,HA2,HA,2,O5,True,completed,cloudresearch,42F206AD56034CA0B95F2ECDB2FE7E08,False,True,,,910,96,2026-09-02T00:03:52.343Z,2026-09-02T00:19:17.287Z,0,0,0,63.0,US,1.0,1.0,3.0,0.0,1.0,0.0,6.0,7.0,2.0,6.0,2.0,2.0,4.0,5.0,5.0,5.0,6.0,6.0,6.0,6.0,6.0,6.0,6.0,6.0,6.0,0.0,2.0,5.0,,5.0,5.0,5.0,5.0,5.0,5.0,2.0,1.0,3.0,4.0,2.0,1.0,3.0,4.0,,5.0,2.0,5.0,5.0,5.0,5.0,5.0,5.0,3.0,1.0,2.0,4.0,2.0,1.0,3.0,4.0,,5.0,,5.0,5.0,5.0,5.0,5.0,5.0,2.0,1.0,3.0,4.0,2.0,1.0,3.0,4.0,4.0,4.0,4.0,6.0,5.0,5.0,5.0,4.0,1.0,4.0,4.0,4.0,5.0,4.0,4.0,4.0,4.0,4.0,ADV,REL,COL,2.0,1,2.0,1,1,intellectual,5.6,5.0,6.0,6.0,4.2,4.0,4.111111111111111,6.0,6.0,5.25,4.0,15.166666666666666,0,America/New_York,1,1,1,0,0,69.602,104.021,115.504,239.472,156.093,183.822,3,0.9719067352263401
9e50a53c-32b9-4643-bec5-9d821233ed01,AAD8JMMG,H3,H,3,O2,True,completed,cloudresearch,6BA9717E96F744B4B8409E5506817539,False,True,,,666,90,2026-09-02T00:03:53.114Z,2026-09-02T00:15:19.702Z,0,0,0,30.0,US,4.0,4.0,3.0,2.0,0.0,3.0,7.0,6.0,3.0,4.0,4.0,1.0,2.0,4.0,3.0,6.0,7.0,7.0,7.0,7.0,7.0,7.0,7.0,7.0,7.0,0.0,,4.0,,6.0,6.0,6.0,4.0,4.0,2.0,,3.0,1.0,2.0,,3.0,1.0,2.0,,4.0,2.0,6.0,6.0,7.0,5.0,5.0,3.0,,3.0,1.0,2.0,,2.0,1.0,3.0,2.0,4.0,,6.0,6.0,6.0,5.0,6.0,2.0,,2.0,1.0,3.0,,2.0,1.0,3.0,2.0,2.0,3.0,4.0,3.0,4.0,3.0,5.0,0.0,4.0,5.0,7.0,6.0,7.0,7.0,4.0,4.0,4.0,ADV,COL,REL,2.0,1,2.0,1,1,mobility,4.8,3.25,6.333333333333333,5.333333333333333,5.0,2.25,3.7777777777777777,7.0,7.0,3.5,2.3333333333333335,11.1,0,America/New_York,1,1,1,0,0,69.385,103.83,164.409,162.207,197.145,126.936,0,1.7280387303221751
9fc04c6e-5db1-42a3-a776-b74a9b542b28,2PHXKQD8,HA2,HA,2,O3,True,completed,cloudresearch,2ACB97CD18834B69A198619CA30BC130,False,True,,,621,96,2026-09-02T00:03:53.286Z,2026-09-02T00:36:25.544Z,0,0,0,38.0,US,1.0,4.0,5.0,4.0,0.0,1.0,2.0,2.0,6.0,2.0,6.0,6.0,4.0,2.0,2.0,2.0,7.0,5.0,6.0,6.0,6.0,6.0,7.0,7.0,7.0,0.0,2.0,6.0,,7.0,6.0,6.0,6.0,7.0,6.0,2.0,3.0,1.0,4.0,2.0,3.0,1.0,4.0,,7.0,,7.0,6.0,6.0,6.0,6.0,6.0,1.0,3.0,2.0,4.0,1.0,3.0,2.0,4.0,,6.0,0.0,7.0,7.0,7.0,6.0,6.0,6.0,1.0,4.0,2.0,3.0,1.0,3.0,2.0,4.0,7.0,6.0,6.0,6.0,5.0,6.0,6.0,5.0,0.0,5.0,2.0,5.0,5.0,3.0,1.0,4.0,2.0,5.0,COL,REL,ADV,0.0,1,2.0,1,1,intellectual,2.2,2.5,2.0,2.0,3.8,4.75,4.222222222222222,6.0,6.75,5.75,6.333333333333333,10.35,0,America/New_York,1,1,1,0,0,69.386,103.786,115.288,174.663,108.423,127.312,0,1.7722942577424712
76840103-ca5d-4938-a155-5de0113c2a12,8JJPXBKU,H1,H,1,O4,True,completed,cloudresearch,ADB063B161AC47E4BF4A3B95EDCDE172,False,True,,,686,90,2026-09-02T00:03:53.352Z,2026-09-02T00:20:24.558Z,0,0,0,28.0,US,4.0,5.0,5.0,0.0,0.0,0.0,7.0,7.0,4.0,3.0,1.0,1.0,5.0,2.0,2.0,3.0,5.0,4.0,4.0,3.0,4.0,5.0,4.0,6.0,5.0,0.0,,3.0,1.0,5.0,6.0,7.0,7.0,7.0,1.0,,1.0,2.0,3.0,,1.0,2.0,3.0,,2.0,,5.0,5.0,7.0,5.0,6.0,1.0,,1.0,2.0,3.0,,1.0,2.0,3.0,2.0,1.0,,5.0,4.0,7.0,2.0,5.0,1.0,,1.0,2.0,3.0,,2.0,3.0,1.0,1.0,1.0,5.0,2.0,1.0,1.0,1.0,2.0,0.0,7.0,5.0,5.0,7.0,7.0,2.0,3.0,7.0,3.0,REL,COL,ADV,1.0,1,2.0,1,1,no mention,4.7,3.0,5.666666666666667,6.0,6.2,4.25,5.333333333333333,4.0,5.0,1.25,2.3333333333333335,11.433333333333334,0,America/New_York,1,1,1,0,0,69.575,104.142,115.322,143.649,173.635,150.17,0,2.0558635236515097
8bd02386-7e9e-4ce5-8a24-504aeae14c10,NPZWYY2C,A,A,,O2,True,completed,cloudresearch,C2143D34A70E41078E698BD1082E7AE9,False,True,,,858,87,2026-09-02T00:03:53.671Z,2026-09-02T00:18:22.602Z,0,0,0,40.0,US,1.0,2.0,0.0,0.0,0.0,0.0,7.0,7.0,5.0,1.0,1.0,1.0,1.0,4.0,1.0,5.0,6.0,6.0,2.0,5.0,6.0,6.0,6.0,6.0,6.0,0.0,,4.0,,6.0,5.0,,4.0,5.0,5.0,1.0,,2.0,3.0,1.0,,3.0,2.0,,4.0,2.0,5.0,5.0,,4.0,5.0,4.0,3.0,,1.0,2.0,1.0,,3.0,2.0,2.0,5.0,,4.0,5.0,,5.0,4.0,5.0,1.0,,3.0,2.0,1.0,,2.0,3.0,3.0,4.0,3.0,3.0,3.0,3.0,4.0,5.0,0.0,6.0,4.0,6.0,6.0,6.0,3.0,5.0,6.0,4.0,ADV,COL,REL,2.0,1,2.0,1,0,AI (no operator),4.3,1.75,6.333333333333333,5.666666666666667,5.8,3.75,4.888888888888889,5.0,6.0,3.25,3.3333333333333335,14.3,0,America/Phoenix,1,1,1,0,0,69.378,220.184,115.317,281.759,188.296,113.331,0,1.5392645751405067
087fd503-6718-44d4-b3d7-ff44a2e6ff7c,HEMMED2C,HA2,HA,2,O4,True,completed,cloudresearch,970EA6A46D9E4A9899B7330120E31198,False,True,,,1297,96,2026-09-02T00:03:53.687Z,2026-09-02T00:31:27.435Z,0,0,0,24.0,US,4.0,4.0,0.0,0.0,0.0,1.0,6.0,6.0,2.0,4.0,2.0,2.0,4.0,4.0,3.0,5.0,6.0,6.0,6.0,6.0,6.0,6.0,6.0,6.0,6.0,0.0,,6.0,1.0,6.0,6.0,6.0,6.0,6.0,6.0,3.0,4.0,1.0,2.0,3.0,4.0,1.0,2.0,,6.0,,6.0,6.0,6.0,6.0,6.0,6.0,4.0,2.0,1.0,3.0,3.0,4.0,2.0,1.0,2.0,6.0,,6.0,6.0,6.0,6.0,6.0,6.0,4.0,3.0,2.0,1.0,3.0,4.0,2.0,1.0,5.0,5.0,5.0,5.0,5.0,5.0,5.0,6.0,0.0,5.0,3.0,4.0,5.0,5.0,2.0,2.0,4.0,3.0,REL,COL,ADV,1.0,1,2.0,1,1,intellectual,5.0,3.75,5.666666666666667,6.0,4.2,5.0,4.555555555555555,6.0,6.0,5.0,5.0,21.616666666666667,0,America/Chicago,1,1,1,0,0,69.386,103.759,115.332,162.473,164.01,156.069,3,1.225219229598353
20fa18e5-b8ef-42f0-b2ff-1f5586f5ade4,6K2YZQNE,HA1,HA,1,O4,True,completed,cloudresearch,FF71ED55D59041448DBE02AE5E73E5F8,False,True,,,2193,96,2026-09-02T00:03:53.854Z,2026-09-02T00:42:35.802Z,0,0,0,45.0,US,5.0,5.0,5.0,1.0,0.0,4.0,1.0,1.0,1.0,6.0,6.0,5.0,2.0,2.0,1.0,3.0,7.0,7.0,5.0,6.0,6.0,7.0,7.0,6.0,6.0,0.0,,6.0,1.0,7.0,7.0,3.0,6.0,7.0,6.0,2.0,1.0,4.0,3.0,4.0,1.0,3.0,2.0,,7.0,,7.0,5.0,6.0,7.0,7.0,6.0,3.0,1.0,4.0,2.0,2.0,1.0,4.0,3.0,2.0,6.0,,6.0,7.0,3.0,7.0,7.0,7.0,3.0,1.0,4.0,2.0,3.0,1.0,4.0,2.0,7.0,7.0,6.0,6.0,6.0,7.0,6.0,7.0,1.0,6.0,2.0,2.0,6.0,6.0,1.0,7.0,6.0,2.0,REL,COL,ADV,1.0,1,2.0,1,1,no mention,2.8,2.75,1.6666666666666667,4.0,6.2,6.25,6.222222222222222,6.2,6.5,6.25,6.666666666666667,36.55,0,America/Los_Angeles,1,1,1,0,0,69.429,103.838,115.269,593.434,747.039,291.942,0,1.9978357177589772
92bee81a-e574-4799-a437-fc31274cabe6,QREGEKUP,HA3,HA,3,O3,True,completed,cloudresearch,13F7921C32B943119ACC2AC65AC35163,False,True,,,766,96,2026-09-02T00:03:54.394Z,2026-09-02T00:17:12.059Z,0,0,0,41.0,CA,4.0,0.0,5.0,0.0,1.0,2.0,6.0,5.0,6.0,5.0,4.0,2.0,2.0,5.0,5.0,4.0,6.0,4.0,4.0,4.0,4.0,4.0,4.0,4.0,4.0,0.0,2.0,3.0,,5.0,5.0,6.0,6.0,4.0,2.0,3.0,2.0,4.0,1.0,3.0,2.0,4.0,1.0,,3.0,,6.0,6.0,6.0,6.0,6.0,2.0,3.0,2.0,4.0,1.0,3.0,2.0,4.0,1.0,,5.0,0.0,5.0,6.0,5.0,6.0,6.0,2.0,4.0,3.0,2.0,1.0,3.0,2.0,4.0,1.0,1.0,1.0,1.0,2.0,2.0,2.0,2.0,5.0,0.0,2.0,5.0,6.0,5.0,2.0,4.0,4.0,2.0,6.0,COL,REL,ADV,0.0,1,2.0,1,1,mobility,4.4,4.25,5.0,4.0,3.0,2.75,2.888888888888889,4.4,4.0,2.0,1.0,12.766666666666667,0,America/Halifax,1,1,1,0,0,69.369,103.787,115.252,238.109,124.409,148.107,0,1.5867735669004677
6764b118-1853-4259-8db8-aa556a159c03,AXKF32N3,H1,H,1,O6,True,completed,cloudresearch,6EDB1CB97A1942B1A33AD65A39516566,False,True,,,690,90,2026-09-02T00:03:55.706Z,2026-09-02T00:15:42.860Z,0,0,0,38.0,US,3.0,0.0,0.0,0.0,1.0,0.0,7.0,6.0,2.0,6.0,5.0,2.0,3.0,7.0,5.0,6.0,6.0,2.0,5.0,5.0,5.0,5.0,6.0,6.0,6.0,0.0,,7.0,,7.0,7.0,7.0,6.0,6.0,1.0,,2.0,3.0,1.0,,2.0,3.0,1.0,2.0,6.0,,6.0,6.0,6.0,6.0,6.0,1.0,,2.0,3.0,1.0,,1.0,3.0,2.0,,5.0,0.0,6.0,6.0,6.0,5.0,5.0,1.0,,1.0,2.0,3.0,,1.0,3.0,2.0,3.0,3.0,3.0,1.0,1.0,1.0,1.0,7.0,0.0,2.0,7.0,7.0,3.0,3.0,7.0,1.0,1.0,6.0,COL,ADV,REL,0.0,1,2.0,1,1,no mention,5.5,5.25,6.333333333333333,5.0,2.0,1.25,1.6666666666666667,4.6,5.75,1.0,3.0,11.5,0,America/Denver,1,1,1,0,0,69.317,103.76,115.239,194.47,151.569,102.42,0,2.1175253276506214
4915c0fa-f664-4cd9-ba14-5fa017238808,RH53KJJY,H3,H,3,O4,True,completed,cloudresearch,90FF70DEACCE4A98910F4682805932A1,False,True,,,860,90,2026-09-02T00:03:56.092Z,2026-09-02T00:18:53.888Z,0,0,0,35.0,US,1.0,4.0,1.0,0.0,1.0,1.0,5.0,6.0,4.0,2.0,3.0,3.0,2.0,5.0,5.0,5.0,6.0,6.0,5.0,6.0,6.0,5.0,6.0,6.0,6.0,0.0,,6.0,1.0,6.0,6.0,6.0,6.0,5.0,6.0,,1.0,3.0,2.0,,1.0,2.0,3.0,,6.0,,6.0,6.0,7.0,6.0,7.0,7.0,,2.0,3.0,1.0,,1.0,2.0,3.0,2.0,6.0,,6.0,6.0,7.0,6.0,6.0,6.0,,1.0,3.0,2.0,,1.0,2.0,3.0,6.0,6.0,6.0,6.0,6.0,6.0,6.0,5.0,0.0,5.0,3.0,5.0,5.0,6.0,6.0,5.0,5.0,5.0,REL,COL,ADV,1.0,1,2.0,1,1,mobility,4.4,3.5,5.333333333333333,4.666666666666667,5.2,3.25,4.333333333333333,5.8,5.75,6.0,6.0,14.333333333333334,0,America/Chicago,1,1,1,0,0,69.723,104.201,115.67,184.365,212.813,170.889,0,1.090678113686968
55470eb6-c469-4a05-8d39-f338ad8b3b09,ND97NKKX,HA3,HA,3,O6,True,completed,cloudresearch,46F27B8351CF48E1B0538FCF4B2F4863,False,True,,,840,96,2026-09-02T00:03:56.224Z,2026-09-02T00:20:10.907Z,0,0,0,19.0,US,1.0,1.0,4.0,1.0,0.0,2.0,1.0,5.0,7.0,1.0,7.0,5.0,2.0,7.0,2.0,6.0,4.0,3.0,1.0,4.0,5.0,5.0,6.0,4.0,4.0,0.0,,7.0,,7.0,6.0,3.0,6.0,3.0,7.0,2.0,4.0,1.0,3.0,2.0,4.0,1.0,3.0,2.0,3.0,,2.0,6.0,3.0,7.0,7.0,7.0,2.0,3.0,4.0,1.0,2.0,4.0,3.0,1.0,,3.0,0.0,4.0,5.0,6.0,5.0,6.0,7.0,2.0,1.0,4.0,3.0,3.0,1.0,2.0,4.0,7.0,7.0,7.0,5.0,5.0,3.0,6.0,3.0,1.0,4.0,2.0,7.0,7.0,7.0,7.0,3.0,4.0,5.0,COL,ADV,REL,0.0,1,2.0,1,1,mobility,2.9,3.0,4.0,1.6666666666666667,5.0,2.75,4.0,3.4,4.75,4.75,7.0,14.0,0,America/Chicago,1,1,1,0,0,69.406,103.847,117.537,270.988,211.795,117.236,0,1.8589033418262981
882e8ec7-e758-4bfe-9bb1-0bc1810d413d,2FTBQ47T,H3,H,3,O6,True,completed,cloudresearch,A71D83B0007549B9A33C2DAD27DD77F3,False,True,,,541,90,2026-09-02T00:03:56.474Z,2026-09-02T00:13:16.835Z,0,0,0,27.0,US,1.0,0.0,3.0,3.0,1.0,1.0,6.0,5.0,3.0,4.0,3.0,2.0,2.0,5.0,1.0,6.0,6.0,3.0,3.0,4.0,6.0,5.0,6.0,6.0,6.0,0.0,,6.0,,6.0,6.0,6.0,5.0,5.0,6.0,,1.0,2.0,3.0,,1.0,3.0,2.0,2.0,7.0,,6.0,6.0,7.0,6.0,6.0,7.0,,1.0,3.0,2.0,,1.0,3.0,2.0,,4.0,0.0,5.0,5.0,6.0,4.0,5.0,5.0,,1.0,2.0,3.0,,1.0,3.0,2.0,7.0,7.0,6.0,5.0,4.0,5.0,5.0,3.0,0.0,1.0,5.0,6.0,2.0,2.0,6.0,1.0,1.0,7.0,COL,ADV,REL,0.0,1,2.0,1,1,mobility,4.5,3.0,5.666666666666667,5.333333333333333,1.4,2.0,1.6666666666666667,4.4,5.75,4.75,6.666666666666667,9.016666666666667,0,America/New_York,1,1,1,0,0,69.364,103.797,115.303,171.509,136.777,95.357,0,1.7465409159576322
83cd3ada-a908-4ffe-8c88-2805d82ce704,UUU3CFMZ,HA1,HA,1,O1,True,completed,cloudresearch,9E6079DA9769472988B71133615A695D,False,True,,,1859,96,2026-09-02T00:03:57.042Z,2026-09-02T00:41:37.634Z,0,0,0,32.0,US,3.0,5.0,0.0,0.0,1.0,2.0,1.0,1.0,7.0,1.0,7.0,7.0,7.0,1.0,1.0,1.0,7.0,7.0,7.0,7.0,7.0,7.0,7.0,7.0,7.0,0.0,,7.0,1.0,7.0,7.0,6.0,7.0,7.0,7.0,4.0,1.0,3.0,2.0,3.0,1.0,2.0,4.0,2.0,7.0,,7.0,7.0,7.0,7.0,7.0,7.0,3.0,1.0,2.0,4.0,3.0,1.0,2.0,4.0,,7.0,,7.0,7.0,7.0,7.0,7.0,7.0,3.0,1.0,2.0,4.0,3.0,1.0,2.0,4.0,7.0,7.0,7.0,7.0,7.0,7.0,7.0,7.0,0.0,7.0,1.0,1.0,7.0,7.0,1.0,7.0,7.0,1.0,REL,ADV,COL,1.0,1,2.0,1,1,no mention,1.6,2.5,1.0,1.0,7.0,7.0,7.0,7.0,7.0,7.0,7.0,30.983333333333334,1,America/New_York,1,1,1,0,0,78.159,213.763,306.86,365.199,620.824,320.971,2,2.39897931710712
64fef622-281c-430a-b551-1fef8dabf0bf,FWA3675R,A,A,,O4,True,completed,cloudresearch,A772B1CFDC724FD683E843590F2693DA,False,True,,,1372,87,2026-09-02T00:03:57.276Z,2026-09-02T00:30:22.345Z,0,0,0,39.0,US,4.0,5.0,3.0,4.0,0.0,2.0,2.0,2.0,6.0,2.0,6.0,5.0,2.0,1.0,1.0,1.0,6.0,6.0,6.0,6.0,6.0,7.0,7.0,6.0,6.0,0.0,,5.0,1.0,6.0,6.0,,6.0,6.0,7.0,3.0,,2.0,1.0,2.0,,3.0,1.0,,6.0,,6.0,7.0,,6.0,6.0,7.0,3.0,,2.0,1.0,3.0,,2.0,1.0,2.0,6.0,,6.0,6.0,,6.0,6.0,6.0,3.0,,2.0,1.0,3.0,,2.0,1.0,6.0,6.0,6.0,7.0,5.0,6.0,6.0,5.0,0.0,5.0,2.0,1.0,6.0,6.0,2.0,6.0,5.0,2.0,REL,COL,ADV,1.0,1,2.0,1,0,AI (no operator),1.8,1.5,1.6666666666666667,2.3333333333333335,5.6,6.25,5.888888888888889,6.0,6.5,6.0,6.0,22.866666666666667,0,America/New_York,1,1,1,0,0,69.39,103.824,115.353,221.508,201.832,180.923,1,1.9134872518134876
d26d94ac-4113-4662-9aed-1a7869bb84dd,FW8XFS3F,H2,H,2,O1,True,completed,cloudresearch,277E9E55C0304C9B9A4A4AB7484AE815,False,True,,,897,90,2026-09-02T00:03:57.497Z,2026-09-02T00:19:03.877Z,0,0,0,36.0,GB,4.0,3.0,3.0,0.0,1.0,1.0,2.0,2.0,6.0,1.0,5.0,5.0,1.0,5.0,1.0,2.0,7.0,7.0,7.0,7.0,7.0,7.0,7.0,7.0,7.0,0.0,,7.0,1.0,7.0,7.0,7.0,7.0,7.0,7.0,,3.0,2.0,1.0,,3.0,1.0,2.0,2.0,6.0,,7.0,7.0,7.0,6.0,7.0,7.0,,2.0,1.0,3.0,,3.0,1.0,2.0,,7.0,,7.0,7.0,7.0,6.0,7.0,7.0,,2.0,3.0,1.0,,3.0,1.0,2.0,7.0,7.0,7.0,6.0,5.0,7.0,5.0,3.0,0.0,5.0,2.0,2.0,6.0,5.0,2.0,4.0,5.0,7.0,REL,ADV,COL,1.0,1,2.0,1,1,intellectual,2.2,2.0,2.0,2.6666666666666665,5.0,4.75,4.888888888888889,7.0,7.0,5.75,7.0,14.95,0,Europe/London,1,1,1,0,0,69.444,103.82,115.433,156.891,183.284,224.922,1,1.9977552334631619
d7533ef3-f374-428e-be04-e0f1e2b72ec0,W9DDBBW2,HA1,HA,1,O2,True,completed,cloudresearch,801B369022CB40A088C09A5C1A244329,False,True,,,826,96,2026-09-02T00:03:57.579Z,2026-09-02T00:17:51.236Z,0,0,0,51.0,US,5.0,4.0,5.0,0.0,1.0,3.0,4.0,5.0,4.0,2.0,3.0,4.0,3.0,2.0,2.0,5.0,6.0,6.0,6.0,6.0,6.0,6.0,6.0,6.0,6.0,0.0,,4.0,,5.0,6.0,6.0,6.0,4.0,4.0,3.0,1.0,2.0,4.0,3.0,1.0,2.0,4.0,,5.0,2.0,5.0,6.0,6.0,6.0,6.0,6.0,3.0,1.0,2.0,4.0,3.0,1.0,2.0,4.0,2.0,4.0,,5.0,6.0,6.0,6.0,5.0,6.0,3.0,1.0,2.0,4.0,3.0,1.0,2.0,4.0,5.0,5.0,5.0,4.0,4.0,4.0,5.0,5.0,0.0,5.0,2.0,3.0,6.0,5.0,3.0,4.0,5.0,2.0,ADV,COL,REL,2.0,1,2.0,1,1,no mention,3.6,2.25,4.666666666666667,4.333333333333333,5.0,5.5,5.222222222222222,6.0,6.0,4.25,5.0,13.766666666666667,0,America/Chicago,1,1,1,0,0,69.521,103.949,115.452,214.007,227.152,127.756,0,1.2522806806760471
8a637a82-c14e-49fe-ba54-5bd69cddef0c,53C8ZPE2,A,A,,O1,True,completed,cloudresearch,4A98BBCB90584E42AC870EA8ECEB05FC,False,True,,,576,87,2026-09-02T00:03:57.751Z,2026-09-02T00:13:59.270Z,0,0,0,32.0,US,2.0,4.0,1.0,0.0,0.0,0.0,6.0,5.0,5.0,2.0,4.0,4.0,3.0,2.0,3.0,5.0,5.0,5.0,5.0,4.0,5.0,5.0,5.0,5.0,5.0,0.0,,4.0,1.0,5.0,5.0,,6.0,5.0,4.0,1.0,,2.0,3.0,1.0,,2.0,3.0,2.0,5.0,,5.0,5.0,,5.0,5.0,5.0,1.0,,2.0,3.0,1.0,,2.0,3.0,,5.0,,5.0,5.0,,4.0,5.0,5.0,1.0,,2.0,3.0,1.0,,2.0,3.0,5.0,5.0,5.0,5.0,5.0,6.0,6.0,5.0,0.0,5.0,2.0,4.0,5.0,5.0,5.0,5.0,5.0,3.0,REL,ADV,COL,1.0,1,2.0,1,0,AI (no operator),3.7,2.5,5.333333333333333,3.6666666666666665,5.0,4.5,4.777777777777778,4.8,5.0,5.5,5.0,9.6,0,America/Chicago,1,1,1,0,0,69.397,103.816,115.306,122.152,140.375,141.846,1,0.9084449715386902
33d953e0-fc61-4347-a663-46f0378b8244,NE7Z2Y8T,H2,H,2,O2,True,completed,cloudresearch,118195D1FDF8403B859D733EF4242AC1,False,True,,,844,90,2026-09-02T00:03:58.153Z,2026-09-02T00:18:37.062Z,0,0,0,44.0,US,5.0,2.0,3.0,2.0,1.0,5.0,5.0,3.0,6.0,5.0,5.0,4.0,2.0,5.0,3.0,5.0,5.0,5.0,3.0,5.0,5.0,4.0,5.0,4.0,4.0,0.0,,6.0,,5.0,5.0,5.0,6.0,6.0,6.0,,1.0,3.0,2.0,,1.0,3.0,2.0,,6.0,2.0,6.0,6.0,6.0,5.0,6.0,6.0,,1.0,2.0,3.0,,2.0,1.0,3.0,2.0,3.0,,3.0,3.0,5.0,3.0,3.0,4.0,,1.0,2.0,3.0,,2.0,3.0,1.0,6.0,6.0,6.0,6.0,5.0,5.0,4.0,3.0,0.0,6.0,2.0,4.0,6.0,6.0,3.0,4.0,5.0,2.0,ADV,COL,REL,2.0,1,2.0,1,1,intellectual,3.7,3.75,4.333333333333333,3.0,5.4,5.25,5.333333333333333,4.6,4.25,5.0,6.0,14.066666666666666,0,America/New_York,1,1,1,0,0,69.379,103.894,115.321,177.535,182.168,128.552,0,1.180193065197069
6d57f440-4499-4289-a44d-78a1b5947ed5,HC6AXER3,H3,H,3,O3,True,completed,cloudresearch,B39A3CDC76344510A3954EDB6AD5A86E,False,True,,,1591,90,2026-09-02T00:03:58.229Z,2026-09-02T00:32:52.392Z,0,0,0,78.0,US,1.0,5.0,3.0,0.0,1.0,1.0,7.0,7.0,3.0,5.0,5.0,2.0,4.0,6.0,6.0,6.0,6.0,5.0,5.0,6.0,6.0,6.0,5.0,5.0,6.0,0.0,2.0,7.0,,6.0,6.0,6.0,7.0,7.0,5.0,,1.0,2.0,3.0,,1.0,2.0,3.0,,6.0,,6.0,6.0,6.0,7.0,7.0,5.0,,1.0,2.0,3.0,,1.0,2.0,3.0,,6.0,0.0,6.0,6.0,6.0,6.0,6.0,5.0,,1.0,2.0,3.0,,1.0,2.0,3.0,6.0,6.0,6.0,6.0,5.0,5.0,5.0,7.0,0.0,6.0,1.0,5.0,7.0,7.0,6.0,7.0,5.0,4.0,COL,REL,ADV,0.0,1,2.0,1,1,mobility,5.5,5.25,6.666666666666667,4.666666666666667,6.4,4.0,5.333333333333333,5.6,5.5,5.25,6.0,26.516666666666666,0,America/New_York,1,1,1,0,0,69.344,103.832,242.874,515.18,198.997,229.013,0,1.1054345989452985
e779f93d-a23b-4b1d-932b-827ce9c321f2,U4322QEX,HA3,HA,3,O2,True,completed,cloudresearch,6E1EAE46C1494860A8E541B19C0746A7,False,True,,,944,96,2026-09-02T00:03:58.280Z,2026-09-02T00:20:41.646Z,0,0,0,46.0,US,4.0,3.0,4.0,0.0,1.0,4.0,7.0,7.0,3.0,4.0,3.0,2.0,3.0,5.0,5.0,5.0,7.0,4.0,5.0,6.0,6.0,5.0,5.0,5.0,5.0,0.0,,6.0,,7.0,6.0,6.0,6.0,6.0,6.0,2.0,3.0,4.0,1.0,1.0,2.0,4.0,3.0,,7.0,2.0,7.0,6.0,4.0,6.0,6.0,6.0,2.0,1.0,4.0,3.0,3.0,1.0,2.0,4.0,2.0,4.0,,6.0,6.0,6.0,5.0,5.0,4.0,3.0,1.0,4.0,2.0,2.0,3.0,4.0,1.0,6.0,6.0,6.0,5.0,3.0,4.0,4.0,5.0,0.0,3.0,5.0,6.0,3.0,3.0,5.0,3.0,2.0,5.0,ADV,COL,REL,2.0,1,2.0,1,1,mobility,5.2,4.25,6.333333333333333,5.333333333333333,2.8,2.75,2.7777777777777777,5.6,5.0,4.0,6.0,15.733333333333333,0,America/Chicago,1,1,1,0,0,69.331,103.827,210.197,194.965,289.057,215.804,0,1.3459354230135856
846bc3b9-d1bb-4b81-b03f-37a860b8baf6,EDB7ZNFV,H1,H,1,O5,True,completed,cloudresearch,91B3B10529104AF28F74FCF58CB2286D,False,True,,,894,90,2026-09-02T00:03:58.993Z,2026-09-02T00:19:11.727Z,0,0,0,69.0,IE,4.0,4.0,2.0,1.0,0.0,4.0,6.0,5.0,2.0,4.0,2.0,2.0,4.0,4.0,2.0,5.0,6.0,3.0,3.0,4.0,6.0,4.0,4.0,4.0,5.0,0.0,2.0,5.0,,5.0,4.0,6.0,5.0,3.0,4.0,,1.0,2.0,3.0,,1.0,2.0,3.0,,5.0,2.0,4.0,3.0,4.0,5.0,6.0,3.0,,1.0,3.0,2.0,,1.0,2.0,3.0,,5.0,,5.0,6.0,6.0,6.0,6.0,4.0,,1.0,2.0,3.0,,1.0,2.0,3.0,2.0,3.0,4.0,5.0,5.0,5.0,6.0,4.0,0.0,5.0,5.0,6.0,6.0,6.0,6.0,4.0,6.0,6.0,ADV,REL,COL,2.0,1,2.0,1,1,no mention,4.8,3.5,5.333333333333333,6.0,5.4,2.25,4.0,4.4,4.25,5.25,3.0,14.9,0,Europe/Dublin,1,1,1,0,0,69.418,103.844,115.264,245.292,156.435,180.194,0,1.2370520416118167
f920d823-5e0a-4f60-9a39-4e8f7d21ce4f,FB2E352H,HA1,HA,1,O6,True,completed,cloudresearch,6F772AA7C4374587843E33A4E738E4B9,False,True,,,760,96,2026-09-02T00:03:59.053Z,2026-09-02T00:16:53.401Z,0,0,0,48.0,US,5.0,4.0,4.0,0.0,1.0,3.0,2.0,3.0,6.0,1.0,6.0,6.0,1.0,5.0,1.0,1.0,7.0,7.0,7.0,7.0,7.0,7.0,7.0,7.0,7.0,0.0,,7.0,,7.0,7.0,7.0,7.0,7.0,7.0,3.0,1.0,2.0,4.0,3.0,1.0,2.0,4.0,2.0,7.0,,7.0,7.0,7.0,7.0,7.0,7.0,4.0,2.0,1.0,3.0,4.0,2.0,1.0,3.0,,7.0,0.0,6.0,7.0,7.0,7.0,7.0,7.0,4.0,2.0,1.0,3.0,4.0,2.0,1.0,3.0,7.0,7.0,7.0,7.0,6.0,7.0,7.0,7.0,0.0,5.0,3.0,3.0,6.0,4.0,5.0,4.0,2.0,1.0,COL,ADV,REL,0.0,1,2.0,1,1,no mention,2.0,2.0,2.0,2.0,4.2,5.0,4.555555555555555,7.0,7.0,6.75,7.0,12.666666666666666,0,America/New_York,1,1,1,0,0,69.319,103.744,115.239,235.649,168.198,133.908,2,2.0962074302333953
9cb9f483-d419-45dd-b7a1-eaf9d17c22c2,3XDYSWVJ,A,A,,O6,True,completed,cloudresearch,3454F8C5180F4B61B053E659283ECBEA,False,True,,,691,87,2026-09-02T00:03:59.115Z,2026-09-02T00:16:12.164Z,0,0,0,45.0,US,2.0,5.0,2.0,0.0,1.0,3.0,5.0,4.0,5.0,3.0,4.0,4.0,2.0,3.0,3.0,3.0,7.0,7.0,6.0,6.0,7.0,6.0,6.0,6.0,6.0,0.0,,7.0,,7.0,7.0,,7.0,7.0,7.0,1.0,,2.0,3.0,1.0,,2.0,3.0,2.0,7.0,,6.0,6.0,,6.0,6.0,7.0,1.0,,2.0,3.0,1.0,,2.0,3.0,,7.0,0.0,6.0,6.0,,6.0,7.0,7.0,1.0,,2.0,3.0,1.0,,2.0,3.0,7.0,7.0,7.0,6.0,6.0,6.0,6.0,6.0,0.0,6.0,2.0,3.0,6.0,7.0,2.0,5.0,6.0,2.0,COL,ADV,REL,0.0,1,2.0,1,0,AI (no operator),3.4,2.75,4.0,3.6666666666666665,6.0,5.75,5.888888888888889,6.6,6.0,6.0,7.0,11.516666666666667,1,America/New_York,1,1,1,0,0,69.496,103.912,115.414,190.928,158.024,95.667,1,1.5697534754514622
5048b7fb-cf86-47bc-928f-a7d1900a17a9,6385Z23U,A,A,,O5,True,completed,cloudresearch,3A32907461904581849A67EA17234530,False,True,,,999,87,2026-09-02T00:03:59.261Z,2026-09-02T00:20:48.064Z,0,0,0,45.0,US,2.0,3.0,5.0,0.0,0.0,2.0,4.0,5.0,4.0,2.0,4.0,3.0,2.0,2.0,3.0,5.0,6.0,5.0,6.0,4.0,6.0,6.0,5.0,6.0,5.0,0.0,2.0,6.0,,6.0,5.0,,6.0,6.0,5.0,3.0,,2.0,1.0,3.0,,1.0,2.0,,5.0,2.0,6.0,6.0,,5.0,6.0,5.0,3.0,,2.0,1.0,3.0,,1.0,2.0,,5.0,,6.0,5.0,,5.0,5.0,5.0,2.0,,3.0,1.0,3.0,,2.0,1.0,5.0,6.0,5.0,5.0,5.0,6.0,6.0,5.0,0.0,3.0,5.0,4.0,5.0,3.0,5.0,4.0,2.0,4.0,ADV,REL,COL,2.0,1,2.0,1,0,AI (no operator),3.6,2.25,4.666666666666667,4.333333333333333,3.4,3.5,3.4444444444444446,5.4,5.5,5.5,5.333333333333333,16.65,0,America/Chicago,1,1,1,0,0,69.419,103.875,115.332,152.595,103.266,164.091,0,1.177806215418015
a3e4181d-74a5-4b63-9bcf-1645580dc07d,YRXGW4E6,HA2,HA,2,O6,True,completed,cloudresearch,785AF8FAAAE94F4B9C2E722071616AD9,False,True,,,1128,96,2026-09-02T00:03:59.394Z,2026-09-02T00:23:19.003Z,0,0,0,26.0,US,1.0,5.0,4.0,0.0,0.0,0.0,7.0,7.0,6.0,4.0,2.0,4.0,6.0,3.0,4.0,7.0,7.0,6.0,6.0,7.0,7.0,6.0,6.0,6.0,6.0,0.0,,6.0,,7.0,7.0,5.0,7.0,7.0,7.0,2.0,1.0,3.0,4.0,2.0,1.0,3.0,4.0,2.0,5.0,,7.0,7.0,5.0,7.0,7.0,7.0,2.0,1.0,3.0,4.0,2.0,1.0,3.0,4.0,,5.0,0.0,7.0,7.0,5.0,7.0,7.0,7.0,2.0,1.0,3.0,4.0,2.0,1.0,3.0,4.0,5.0,5.0,6.0,6.0,6.0,7.0,7.0,6.0,0.0,5.0,4.0,5.0,6.0,5.0,2.0,4.0,5.0,3.0,COL,ADV,REL,0.0,1,2.0,1,1,intellectual,5.0,4.25,7.0,4.0,5.0,4.5,4.777777777777778,6.6,6.0,6.5,5.333333333333333,18.8,0,America/New_York,1,1,1,0,0,69.318,103.763,115.242,351.011,202.291,212.681,0,1.3110869475500275
34b2805d-14a7-4a6c-9f1d-56a6e48e7318,ZAY45PRE,HA2,HA,2,O1,True,completed,cloudresearch,CA6BAD10D65144368030A5180E98CBA4,False,True,,,1740,96,2026-09-02T00:03:59.686Z,2026-09-02T00:33:19.622Z,0,0,0,42.0,US,3.0,0.0,5.0,5.0,1.0,1.0,6.0,6.0,4.0,3.0,2.0,2.0,2.0,4.0,2.0,5.0,2.0,2.0,4.0,4.0,6.0,4.0,6.0,7.0,5.0,0.0,,6.0,1.0,6.0,6.0,6.0,6.0,6.0,7.0,1.0,3.0,2.0,4.0,2.0,1.0,3.0,4.0,2.0,7.0,,7.0,7.0,7.0,7.0,7.0,7.0,1.0,3.0,2.0,4.0,1.0,3.0,2.0,4.0,,7.0,,7.0,7.0,7.0,7.0,7.0,7.0,1.0,4.0,2.0,3.0,2.0,4.0,1.0,3.0,7.0,7.0,7.0,7.0,7.0,7.0,7.0,5.0,0.0,4.0,3.0,4.0,5.0,6.0,5.0,4.0,4.0,1.0,REL,ADV,COL,1.0,1,2.0,1,1,intellectual,4.4,2.75,5.666666666666667,5.333333333333333,4.6,4.75,4.666666666666667,3.6,5.5,7.0,7.0,29.0,0,America/New_York,1,1,1,0,0,69.801,103.782,115.411,208.921,176.709,164.75,2,1.73694960906162
e66b687f-d519-4a2b-bc5d-e19bf34429b1,ARAT8TQG,H1,H,1,O1,True,completed,cloudresearch,6BFAE15FE1754E768FE5AFC6A82CAD6A,False,True,,,985,90,2026-09-02T00:03:59.933Z,2026-09-02T00:20:44.026Z,0,0,0,27.0,US,5.0,2.0,5.0,0.0,1.0,4.0,7.0,7.0,1.0,2.0,1.0,1.0,2.0,2.0,1.0,7.0,7.0,4.0,6.0,6.0,7.0,6.0,6.0,6.0,6.0,0.0,,7.0,1.0,7.0,7.0,7.0,7.0,7.0,7.0,,3.0,2.0,1.0,,3.0,2.0,1.0,2.0,7.0,,7.0,7.0,7.0,7.0,7.0,7.0,,3.0,2.0,1.0,,3.0,2.0,1.0,,7.0,,7.0,7.0,7.0,7.0,7.0,7.0,,1.0,3.0,2.0,,1.0,3.0,2.0,6.0,6.0,6.0,6.0,6.0,6.0,6.0,6.0,0.0,1.0,6.0,6.0,5.0,1.0,5.0,1.0,1.0,6.0,REL,ADV,COL,1.0,1,2.0,1,1,no mention,4.9,1.75,7.0,7.0,1.8,2.25,2.0,6.0,6.0,6.0,6.0,16.416666666666668,0,America/Chicago,1,1,1,0,0,69.441,103.855,115.335,110.416,131.884,158.467,3,2.1962322800539904
9b141cee-b7db-4aea-a468-852b5a06b764,8KQMR6F4,H1,H,1,O3,True,completed,cloudresearch,21445D654AFB41C3AD99073853D4CAE5,False,True,,,980,90,2026-09-02T00:04:00.885Z,2026-09-02T00:25:08.248Z,0,0,0,45.0,US,4.0,5.0,2.0,0.0,0.0,4.0,5.0,6.0,5.0,5.0,5.0,5.0,6.0,5.0,4.0,5.0,6.0,5.0,4.0,5.0,5.0,5.0,4.0,5.0,5.0,0.0,2.0,6.0,,6.0,6.0,6.0,5.0,5.0,5.0,,1.0,2.0,3.0,,1.0,2.0,3.0,,5.0,,5.0,6.0,5.0,5.0,6.0,5.0,,1.0,2.0,3.0,,1.0,2.0,3.0,,6.0,0.0,7.0,6.0,6.0,6.0,6.0,6.0,,1.0,3.0,2.0,,1.0,2.0,3.0,6.0,5.0,6.0,6.0,6.0,6.0,7.0,6.0,0.0,5.0,2.0,3.0,5.0,5.0,5.0,5.0,5.0,5.0,COL,REL,ADV,0.0,1,2.0,1,1,no mention,4.5,5.0,5.333333333333333,3.0,5.0,4.25,4.666666666666667,5.0,4.75,6.25,5.666666666666667,16.333333333333332,0,America/Chicago,1,1,1,0,0,69.413,103.844,115.253,220.765,134.819,150.126,0,0.8528212801555942
068422b4-c1f7-4809-9790-d3f0b4ca577b,DW7K7Y3M,H1,H,1,O2,True,completed,cloudresearch,3DBE6282DEC34D998728C17399D8ADE3,False,True,,,678,90,2026-09-02T00:04:00.933Z,2026-09-02T00:16:25.480Z,0,0,0,59.0,US,4.0,5.0,4.0,1.0,0.0,0.0,3.0,5.0,4.0,5.0,4.0,3.0,1.0,5.0,4.0,2.0,5.0,5.0,5.0,4.0,6.0,6.0,5.0,5.0,5.0,0.0,,6.0,,6.0,6.0,6.0,6.0,6.0,5.0,,1.0,2.0,3.0,,1.0,3.0,2.0,,6.0,2.0,6.0,6.0,7.0,6.0,6.0,6.0,,1.0,2.0,3.0,,1.0,3.0,2.0,2.0,6.0,,6.0,6.0,6.0,6.0,6.0,5.0,,1.0,3.0,2.0,,1.0,3.0,2.0,5.0,5.0,5.0,1.0,1.0,1.0,1.0,6.0,0.0,5.0,1.0,1.0,6.0,6.0,2.0,5.0,4.0,1.0,ADV,COL,REL,2.0,1,2.0,1,1,no mention,3.8,3.75,3.3333333333333335,4.333333333333333,5.2,6.75,5.888888888888889,5.0,5.25,1.0,5.0,11.3,1,America/New_York,1,1,1,0,0,69.475,103.937,115.405,176.691,194.56,108.789,0,1.7359423436740344
eab8ebf3-adc6-4b90-aab0-ec78ae3040d2,F373AHVD,H2,H,2,O3,True,completed,cloudresearch,69757070C2BA4BB4883B325ED90D1B5C,False,False,,,808,90,2026-09-02T00:04:01.101Z,2026-09-02T00:17:44.879Z,0,0,0,36.0,US,4.0,5.0,5.0,4.0,0.0,5.0,4.0,3.0,7.0,4.0,6.0,7.0,6.0,6.0,6.0,6.0,5.0,7.0,4.0,7.0,7.0,6.0,7.0,7.0,7.0,0.0,7.0,7.0,,7.0,7.0,7.0,7.0,7.0,7.0,,3.0,1.0,2.0,,2.0,3.0,1.0,,7.0,,7.0,7.0,7.0,7.0,7.0,7.0,,3.0,2.0,1.0,,2.0,3.0,1.0,,7.0,0.0,7.0,7.0,7.0,7.0,7.0,7.0,,3.0,1.0,2.0,,2.0,3.0,1.0,7.0,7.0,7.0,7.0,7.0,7.0,7.0,7.0,0.0,6.0,6.0,6.0,6.0,7.0,7.0,7.0,7.0,4.0,COL,REL,ADV,0.0,1,7.0,0,1,intellectual,3.9,5.5,4.333333333333333,1.3333333333333333,6.6,2.25,4.666666666666667,6.0,6.75,7.0,7.0,13.466666666666667,0,America/Los_Angeles,1,1,1,0,0,69.397,103.893,247.226,304.857,111.344,136.765,3,1.2880222559122239
27ea0168-db89-4f6f-956d-e4f533b141c7,TNFRRGUN,H2,H,2,O4,True,completed,cloudresearch,8EB886A724BE4D3EA71BC1AEEFFDAEEA,False,True,,,2841,90,2026-09-02T00:04:01.975Z,2026-09-02T00:52:30.766Z,0,0,0,31.0,US,5.0,4.0,4.0,2.0,0.0,5.0,6.0,7.0,5.0,3.0,4.0,3.0,4.0,3.0,2.0,6.0,7.0,2.0,4.0,4.0,6.0,7.0,6.0,7.0,7.0,0.0,,2.0,1.0,6.0,5.0,7.0,4.0,4.0,2.0,,1.0,2.0,3.0,,1.0,2.0,3.0,,5.0,,6.0,6.0,7.0,6.0,7.0,6.0,,1.0,3.0,2.0,,1.0,3.0,2.0,2.0,6.0,,6.0,6.0,7.0,5.0,7.0,5.0,,1.0,3.0,2.0,,1.0,2.0,3.0,7.0,6.0,7.0,5.0,5.0,5.0,6.0,5.0,1.0,4.0,3.0,4.0,5.0,5.0,6.0,5.0,4.0,6.0,REL,COL,ADV,1.0,1,2.0,1,1,intellectual,4.3,3.0,6.333333333333333,4.0,4.6,3.25,4.0,4.6,6.75,5.25,6.666666666666667,47.35,0,America/New_York,1,1,1,0,0,89.184,125.689,1144.609,615.473,1203.324,161.086,0,1.463755711501724
4b758692-7d3a-435c-bedc-4543ee3beb27,T45DREW5,H2,H,2,O5,True,completed,cloudresearch,64A9945FEFE94C8CBA37B81F1C9DFB6A,False,True,,,1175,90,2026-09-02T00:04:02.079Z,2026-09-02T00:32:31.038Z,0,0,0,50.0,GB,4.0,4.0,2.0,0.0,0.0,0.0,7.0,6.0,1.0,7.0,1.0,1.0,2.0,6.0,6.0,6.0,4.0,3.0,2.0,4.0,5.0,4.0,4.0,5.0,5.0,0.0,2.0,5.0,,6.0,5.0,7.0,6.0,5.0,2.0,,1.0,2.0,3.0,,1.0,2.0,3.0,,5.0,2.0,5.0,5.0,7.0,6.0,5.0,2.0,,1.0,2.0,3.0,,1.0,2.0,3.0,,5.0,,5.0,5.0,7.0,5.0,5.0,2.0,,1.0,2.0,3.0,,1.0,2.0,3.0,2.0,2.0,2.0,3.0,3.0,4.0,4.0,3.0,0.0,4.0,5.0,6.0,4.0,2.0,6.0,2.0,1.0,6.0,ADV,REL,COL,2.0,1,2.0,1,1,intellectual,6.1,5.25,6.333333333333333,7.0,2.6,2.25,2.4444444444444446,3.6,4.5,3.5,2.0,19.583333333333332,0,Europe/London,1,1,1,0,0,69.496,212.112,115.41,304.277,156.166,179.694,0,1.7748562960896588
afbc00da-17ae-4201-b2dc-77de56f0a92e,4SU6Q5QT,HA3,HA,3,O1,True,completed,cloudresearch,3B8CD7E6A73442A4AF9E166C40BFDCBC,False,True,,,644,96,2026-09-02T00:04:02.800Z,2026-09-02T00:15:14.268Z,0,0,0,29.0,US,2.0,5.0,2.0,0.0,1.0,3.0,2.0,2.0,6.0,2.0,5.0,6.0,3.0,3.0,3.0,3.0,1.0,4.0,6.0,4.0,4.0,4.0,4.0,4.0,4.0,0.0,,6.0,1.0,6.0,6.0,6.0,6.0,6.0,6.0,3.0,1.0,4.0,2.0,2.0,1.0,3.0,4.0,2.0,7.0,,7.0,7.0,7.0,7.0,7.0,7.0,2.0,1.0,3.0,4.0,2.0,1.0,3.0,4.0,,5.0,,6.0,6.0,6.0,5.0,5.0,5.0,2.0,1.0,3.0,4.0,2.0,1.0,3.0,4.0,6.0,6.0,6.0,6.0,6.0,6.0,6.0,6.0,0.0,6.0,1.0,1.0,6.0,6.0,1.0,5.0,6.0,1.0,REL,ADV,COL,1.0,1,2.0,1,1,mobility,2.5,2.75,2.3333333333333335,2.3333333333333335,5.8,7.0,6.333333333333333,3.8,4.0,6.0,6.0,10.733333333333333,0,America/Indianapolis,1,1,1,0,0,105.391,104.023,115.579,183.209,144.349,140.667,2,1.809860111388478
981d01e4-be90-4f83-832d-d439731ec53d,3CN7T2MJ,HA3,HA,3,O5,True,completed,cloudresearch,1D957C0F9F134B738B60E8B4EC975515,False,True,,,1286,96,2026-09-02T00:04:03.365Z,2026-09-02T00:25:37.681Z,0,0,0,35.0,US,4.0,0.0,5.0,0.0,1.0,1.0,7.0,6.0,1.0,7.0,1.0,1.0,3.0,7.0,7.0,6.0,2.0,2.0,1.0,2.0,2.0,1.0,1.0,3.0,2.0,0.0,2.0,5.0,,5.0,5.0,6.0,5.0,4.0,3.0,4.0,2.0,3.0,1.0,4.0,2.0,3.0,1.0,,3.0,2.0,4.0,4.0,5.0,6.0,6.0,3.0,4.0,2.0,3.0,1.0,4.0,2.0,3.0,1.0,,5.0,,5.0,6.0,5.0,6.0,6.0,3.0,4.0,2.0,3.0,1.0,4.0,2.0,3.0,1.0,1.0,2.0,2.0,5.0,3.0,3.0,2.0,5.0,1.0,2.0,2.0,3.0,5.0,3.0,2.0,4.0,1.0,5.0,ADV,REL,COL,2.0,1,2.0,1,1,mobility,6.4,6.0,6.333333333333333,7.0,3.0,5.0,3.888888888888889,1.8,1.75,3.25,1.6666666666666667,21.433333333333334,0,America/Los_Angeles,1,1,1,0,0,69.381,103.78,115.311,166.72,108.649,143.223,0,1.921992765882186
f07017ac-ae2d-42bd-b58a-5b9eaa1e6723,FQKJN73B,HA3,HA,3,O4,True,completed,cloudresearch,5AE49B262A044E018A7EC973E0B2F2CF,False,True,,,1347,96,2026-09-02T00:04:04.271Z,2026-09-02T00:27:15.708Z,0,0,0,34.0,CA,1.0,5.0,5.0,4.0,0.0,1.0,6.0,5.0,5.0,3.0,1.0,3.0,4.0,2.0,2.0,5.0,6.0,3.0,3.0,4.0,4.0,4.0,5.0,5.0,6.0,0.0,,7.0,1.0,6.0,7.0,7.0,7.0,5.0,5.0,1.0,3.0,2.0,4.0,1.0,3.0,2.0,4.0,,7.0,,7.0,7.0,7.0,7.0,7.0,7.0,2.0,1.0,3.0,4.0,1.0,3.0,2.0,4.0,2.0,6.0,,6.0,6.0,7.0,6.0,7.0,5.0,2.0,1.0,4.0,3.0,1.0,3.0,2.0,4.0,5.0,5.0,6.0,6.0,7.0,7.0,7.0,6.0,0.0,6.0,2.0,5.0,5.0,5.0,6.0,3.0,2.0,2.0,REL,COL,ADV,1.0,1,2.0,1,1,mobility,4.2,2.75,5.333333333333333,5.0,4.2,4.25,4.222222222222222,4.0,5.0,6.75,5.333333333333333,22.45,0,America/Vancouver,1,1,1,0,0,69.526,103.934,115.358,187.16,327.538,302.339,1,1.6145886454329994
b2103958-8c62-409b-bc0f-c4f2f8800ae6,TGWJAH59,H2,H,2,O6,True,completed,cloudresearch,5D191E9647F64B53984A84FE722793F2,False,True,,,844,90,2026-09-02T00:04:04.437Z,2026-09-02T00:18:34.100Z,0,0,0,37.0,US,3.0,5.0,1.0,0.0,0.0,1.0,3.0,4.0,5.0,3.0,6.0,5.0,2.0,3.0,2.0,4.0,6.0,5.0,4.0,4.0,4.0,5.0,4.0,4.0,5.0,0.0,,4.0,,4.0,4.0,6.0,4.0,3.0,5.0,,1.0,2.0,3.0,,1.0,2.0,3.0,2.0,3.0,,5.0,5.0,6.0,5.0,6.0,6.0,,1.0,2.0,3.0,,1.0,3.0,2.0,,3.0,0.0,5.0,5.0,7.0,4.0,4.0,6.0,,1.0,2.0,3.0,,1.0,2.0,3.0,7.0,6.0,7.0,4.0,3.0,3.0,3.0,3.0,0.0,5.0,4.0,4.0,5.0,5.0,3.0,4.0,2.0,4.0,COL,ADV,REL,0.0,1,2.0,1,1,intellectual,2.9,2.5,3.6666666666666665,2.6666666666666665,4.2,4.25,4.222222222222222,4.6,4.5,3.25,6.666666666666667,14.066666666666666,0,America/Los_Angeles,1,1,1,0,0,69.366,104.008,115.717,285.091,192.713,118.786,0,1.238771147472435
1417869b-cd15-45f2-b0ff-290ed4c8d468,P4MFDBRD,A,A,,O6,True,completed,cloudresearch,6BB9322B779B40D19994176DA55902A8,False,False,,,2988,87,2026-09-02T00:04:04.972Z,2026-09-02T00:53:59.431Z,0,0,0,42.0,US,4.0,5.0,1.0,0.0,0.0,2.0,5.0,6.0,3.0,6.0,2.0,1.0,1.0,2.0,1.0,5.0,7.0,6.0,5.0,5.0,7.0,7.0,7.0,7.0,7.0,0.0,,7.0,,7.0,7.0,,6.0,7.0,6.0,1.0,,3.0,2.0,1.0,,2.0,3.0,7.0,7.0,,7.0,7.0,,7.0,7.0,7.0,1.0,,2.0,3.0,1.0,,2.0,3.0,,6.0,0.0,6.0,6.0,,6.0,6.0,6.0,1.0,,3.0,2.0,3.0,,2.0,1.0,7.0,6.0,6.0,6.0,6.0,6.0,6.0,7.0,0.0,7.0,1.0,2.0,5.0,7.0,1.0,6.0,6.0,1.0,COL,ADV,REL,0.0,1,7.0,0,0,AI (no operator),4.4,2.5,5.333333333333333,6.0,6.2,6.75,6.444444444444445,6.0,7.0,6.0,6.333333333333333,49.8,0,America/Chicago,1,1,1,0,0,69.401,103.789,237.068,265.491,123.277,181.898,2,1.910961460597104
5210d691-ed84-4dac-aff9-d3c55e6c276b,VQ2DEWJ2,HA2,HA,2,O6,True,completed,cloudresearch,0FC01D75D6D74056B5047731A325A481,False,True,,,969,96,2026-09-02T00:04:04.989Z,2026-09-02T00:20:29.237Z,0,0,0,41.0,US,4.0,4.0,5.0,1.0,1.0,4.0,6.0,7.0,5.0,3.0,5.0,2.0,2.0,2.0,3.0,5.0,7.0,4.0,5.0,6.0,6.0,6.0,6.0,6.0,6.0,0.0,,4.0,,5.0,6.0,5.0,3.0,5.0,5.0,1.0,2.0,3.0,4.0,2.0,1.0,3.0,4.0,2.0,6.0,,6.0,7.0,5.0,6.0,6.0,6.0,1.0,4.0,3.0,2.0,2.0,3.0,4.0,1.0,,5.0,0.0,6.0,6.0,5.0,6.0,7.0,6.0,1.0,3.0,2.0,4.0,1.0,4.0,2.0,3.0,5.0,5.0,4.0,6.0,6.0,6.0,5.0,5.0,0.0,5.0,4.0,5.0,5.0,6.0,5.0,4.0,4.0,3.0,COL,ADV,REL,0.0,1,2.0,1,1,intellectual,4.0,2.5,6.0,4.0,4.8,3.75,4.333333333333333,5.6,6.0,5.75,4.666666666666667,16.15,0,America/New_York,1,1,1,0,0,151.331,103.829,125.974,304.861,177.009,207.98,0,1.2262568407513248
72c35965-d09c-49de-b0a0-a0235f943961,2NB7NNHK,HA2,HA,2,O1,True,completed,cloudresearch,A21A17D769AE4FE8BAA0E7CFFBA0A70C,False,True,,,877,96,2026-09-02T00:04:05.560Z,2026-09-02T00:19:07.998Z,0,0,0,45.0,US,4.0,5.0,4.0,0.0,0.0,5.0,5.0,6.0,5.0,2.0,5.0,4.0,2.0,4.0,2.0,5.0,6.0,4.0,5.0,4.0,5.0,6.0,6.0,5.0,6.0,0.0,,5.0,1.0,6.0,6.0,6.0,6.0,6.0,6.0,3.0,1.0,2.0,4.0,3.0,1.0,2.0,4.0,2.0,6.0,,6.0,6.0,6.0,6.0,6.0,6.0,3.0,1.0,2.0,4.0,4.0,1.0,2.0,3.0,,6.0,,6.0,5.0,6.0,5.0,5.0,6.0,3.0,1.0,2.0,4.0,4.0,1.0,2.0,3.0,5.0,5.0,5.0,6.0,6.0,6.0,6.0,6.0,0.0,6.0,3.0,4.0,6.0,5.0,2.0,5.0,6.0,3.0,REL,ADV,COL,1.0,1,2.0,1,1,intellectual,3.6,2.5,5.333333333333333,3.3333333333333335,5.6,5.0,5.333333333333333,4.8,5.75,6.0,5.0,14.616666666666667,0,America/Chicago,1,1,1,0,0,69.503,104.003,115.516,159.81,165.289,170.542,1,1.1726757760791355
0dd79595-1caa-4d29-94fd-139d197b2b59,658D8KSV,H2,H,2,O6,True,completed,cloudresearch,AA3B588E82484D7C89F10F8A710713FB,False,True,,,806,90,2026-09-02T00:04:05.659Z,2026-09-02T00:17:47.914Z,0,0,0,23.0,US,2.0,1.0,5.0,0.0,1.0,1.0,5.0,6.0,5.0,2.0,6.0,3.0,2.0,3.0,1.0,5.0,6.0,4.0,3.0,3.0,5.0,5.0,4.0,4.0,5.0,0.0,,6.0,,6.0,6.0,6.0,5.0,5.0,5.0,,1.0,2.0,3.0,,1.0,3.0,2.0,2.0,5.0,,6.0,6.0,6.0,5.0,5.0,5.0,,2.0,3.0,1.0,,2.0,3.0,1.0,,6.0,0.0,6.0,6.0,6.0,6.0,6.0,5.0,,1.0,3.0,2.0,,1.0,3.0,2.0,6.0,6.0,6.0,6.0,5.0,5.0,5.0,6.0,1.0,2.0,6.0,6.0,5.0,5.0,5.0,3.0,4.0,6.0,COL,ADV,REL,0.0,1,2.0,1,1,intellectual,3.4,2.0,5.333333333333333,3.3333333333333335,3.8,2.25,3.111111111111111,4.2,4.5,5.25,6.0,13.433333333333334,0,America/New_York,1,1,1,0,0,69.328,103.774,115.329,256.847,173.058,124.567,0,1.3213591010255334
e9303d5c-9c4f-4093-9689-c09b27586e47,45DVATP3,HA3,HA,3,O5,True,completed,cloudresearch,001C544082AF4449B4D5733313938B65,False,True,,,1150,96,2026-09-02T00:04:07.841Z,2026-09-02T00:29:11.679Z,0,0,0,23.0,US,1.0,5.0,1.0,5.0,0.0,0.0,6.0,6.0,5.0,4.0,4.0,2.0,2.0,2.0,2.0,5.0,7.0,6.0,6.0,6.0,7.0,5.0,6.0,5.0,5.0,0.0,2.0,2.0,,5.0,5.0,6.0,4.0,3.0,3.0,2.0,1.0,3.0,4.0,2.0,1.0,4.0,3.0,,2.0,2.0,4.0,5.0,5.0,6.0,5.0,5.0,3.0,1.0,2.0,4.0,1.0,2.0,3.0,4.0,,4.0,,6.0,5.0,5.0,6.0,6.0,4.0,2.0,1.0,4.0,3.0,2.0,1.0,4.0,3.0,5.0,5.0,6.0,5.0,2.0,3.0,3.0,6.0,0.0,5.0,5.0,4.0,5.0,6.0,3.0,4.0,4.0,2.0,ADV,REL,COL,2.0,1,2.0,1,1,mobility,4.0,2.5,5.666666666666667,4.333333333333333,4.8,4.5,4.666666666666667,6.4,5.25,3.25,5.333333333333333,19.166666666666668,0,America/Denver,1,1,1,0,0,69.388,103.859,129.562,312.916,121.636,183.313,0,1.359775356280853
ae8730c3-df05-4888-a235-8125d752f3d5,W79GRW9X,H1,H,1,O1,True,completed,cloudresearch,F4375E4844E5481191B5FD62F5F70E1A,False,True,,,2574,90,2026-09-02T00:04:08.592Z,2026-09-02T00:49:42.832Z,0,0,0,23.0,US,1.0,5.0,2.0,3.0,0.0,0.0,3.0,5.0,5.0,3.0,5.0,4.0,1.0,2.0,2.0,4.0,6.0,6.0,6.0,5.0,6.0,6.0,6.0,6.0,6.0,0.0,,6.0,1.0,6.0,6.0,7.0,6.0,6.0,7.0,,1.0,2.0,3.0,,1.0,2.0,3.0,2.0,6.0,,6.0,6.0,7.0,6.0,6.0,6.0,,1.0,2.0,3.0,,1.0,2.0,3.0,,6.0,,6.0,6.0,7.0,6.0,6.0,6.0,,1.0,2.0,3.0,,1.0,2.0,3.0,5.0,5.0,5.0,6.0,5.0,5.0,5.0,4.0,0.0,6.0,2.0,3.0,6.0,6.0,2.0,6.0,6.0,3.0,REL,ADV,COL,1.0,1,2.0,1,1,no mention,3.0,2.0,4.0,3.3333333333333335,6.0,5.5,5.777777777777778,5.8,6.0,5.25,5.0,42.9,0,America/New_York,1,1,1,0,0,69.413,226.68,115.288,443.04,567.19,91.89,0,1.435175659630326
70679c8c-980c-4736-9b43-a77f3ade2b1a,TGYDVVF8,H2,H,2,O1,True,completed,cloudresearch,9857ADA7DE1747E3A99A6A7A3E0A582A,False,True,,,1293,90,2026-09-02T00:04:08.826Z,2026-09-02T00:26:42.710Z,0,0,0,19.0,CA,2.0,5.0,2.0,0.0,0.0,3.0,7.0,6.0,4.0,4.0,2.0,1.0,2.0,3.0,3.0,3.0,6.0,3.0,2.0,4.0,6.0,7.0,7.0,7.0,7.0,0.0,,6.0,1.0,6.0,7.0,7.0,6.0,6.0,5.0,,1.0,2.0,3.0,,1.0,2.0,3.0,2.0,7.0,,6.0,7.0,7.0,6.0,6.0,6.0,,1.0,2.0,3.0,,1.0,2.0,3.0,,7.0,,7.0,7.0,7.0,7.0,7.0,7.0,,1.0,2.0,3.0,,1.0,2.0,3.0,6.0,6.0,6.0,7.0,7.0,6.0,6.0,5.0,0.0,7.0,4.0,3.0,7.0,7.0,3.0,7.0,6.0,1.0,REL,ADV,COL,1.0,1,2.0,1,1,intellectual,4.5,3.0,5.333333333333333,5.666666666666667,6.8,5.25,6.111111111111111,4.2,7.0,6.5,6.0,21.55,0,America/Toronto,1,1,1,0,0,69.399,103.824,115.303,230.694,177.294,150.246,1,1.7169820899456598
8decf5a0-9d8a-4ef0-b47c-a45787b9230a,S6EDS8PU,H1,H,1,O4,True,completed,cloudresearch,7A335C41F7094ACCB109D7088BB721E2,False,True,,,1105,90,2026-09-02T00:04:09.199Z,2026-09-02T00:23:34.834Z,0,0,0,67.0,US,3.0,5.0,5.0,0.0,0.0,2.0,7.0,7.0,5.0,5.0,5.0,4.0,2.0,2.0,2.0,7.0,6.0,6.0,6.0,6.0,7.0,6.0,6.0,5.0,7.0,0.0,,5.0,1.0,6.0,6.0,7.0,6.0,5.0,5.0,,2.0,3.0,1.0,,1.0,3.0,2.0,,5.0,,7.0,7.0,7.0,7.0,7.0,6.0,,2.0,3.0,1.0,,1.0,3.0,2.0,2.0,6.0,,6.0,6.0,7.0,6.0,6.0,6.0,,1.0,2.0,3.0,,1.0,3.0,2.0,4.0,4.0,5.0,4.0,4.0,4.0,4.0,7.0,0.0,5.0,5.0,7.0,6.0,3.0,6.0,1.0,2.0,7.0,REL,COL,ADV,1.0,1,2.0,1,1,no mention,4.2,2.75,7.0,3.3333333333333335,3.4,1.75,2.6666666666666665,6.2,6.0,4.0,4.333333333333333,18.416666666666668,0,America/Chicago,1,1,1,0,0,69.331,103.814,115.288,228.42,215.253,236.723,0,1.604500061783648
ecba1927-0620-49d0-8402-3884bbd5a6e7,PPYVYUJA,HA1,HA,1,O3,True,completed,cloudresearch,589E0FBC36AE45B2BE7A2DA09348F396,False,True,,,1377,96,2026-09-02T00:04:10.220Z,2026-09-02T00:27:36.455Z,0,0,0,53.0,US,4.0,5.0,5.0,5.0,1.0,2.0,4.0,6.0,6.0,5.0,5.0,6.0,4.0,5.0,5.0,4.0,3.0,7.0,5.0,4.0,6.0,7.0,7.0,6.0,7.0,0.0,2.0,6.0,,5.0,6.0,5.0,5.0,6.0,5.0,2.0,4.0,3.0,1.0,2.0,3.0,4.0,1.0,,7.0,,5.0,6.0,6.0,6.0,6.0,7.0,2.0,4.0,3.0,1.0,2.0,3.0,4.0,1.0,,6.0,0.0,6.0,6.0,5.0,6.0,5.0,5.0,2.0,3.0,4.0,1.0,2.0,4.0,3.0,1.0,6.0,7.0,6.0,6.0,5.0,6.0,7.0,6.0,1.0,6.0,6.0,3.0,7.0,5.0,4.0,6.0,5.0,6.0,COL,REL,ADV,0.0,1,2.0,1,1,no mention,4.0,4.75,4.666666666666667,2.3333333333333335,5.8,3.25,4.666666666666667,5.0,6.75,6.0,6.333333333333333,22.95,0,America/Denver,1,1,1,0,0,69.487,159.277,115.362,318.976,143.129,215.475,0,1.0736644796420187
4bbd1124-b48e-4578-ad1d-9a5d52438a4b,VZM8UGQA,A,A,,O4,True,completed,cloudresearch,5E8EB3B0B2CB4B769CE504A38EE4CD81,False,True,,,1120,87,2026-09-02T00:04:10.233Z,2026-09-02T00:23:31.145Z,0,0,0,29.0,US,4.0,5.0,3.0,2.0,1.0,4.0,5.0,6.0,4.0,3.0,4.0,3.0,1.0,2.0,2.0,5.0,6.0,5.0,4.0,4.0,7.0,5.0,6.0,6.0,6.0,0.0,,5.0,1.0,6.0,6.0,,5.0,6.0,4.0,1.0,,2.0,3.0,3.0,,2.0,1.0,,6.0,,6.0,6.0,,6.0,6.0,6.0,2.0,,3.0,1.0,3.0,,1.0,2.0,2.0,5.0,,6.0,6.0,,5.0,6.0,5.0,1.0,,3.0,2.0,1.0,,2.0,3.0,6.0,6.0,6.0,6.0,6.0,6.0,6.0,7.0,1.0,6.0,4.0,5.0,5.0,5.0,4.0,5.0,6.0,4.0,REL,COL,ADV,1.0,1,2.0,1,0,AI (no operator),3.7,2.0,5.333333333333333,4.333333333333333,5.4,3.75,4.666666666666667,5.2,5.75,6.0,6.0,18.666666666666668,0,America/New_York,1,1,1,0,0,69.446,103.876,115.373,200.045,210.324,164.406,1,1.2313901286878925
e2bbc2eb-7606-4d5f-90e0-5e7a7c28b864,DTMKN7A6,HA3,HA,3,O1,True,completed,cloudresearch,FD6D065D60EB498782B50BF35ACEDA2A,False,True,,,1659,96,2026-09-02T00:04:10.357Z,2026-09-02T00:33:43.398Z,0,0,0,29.0,US,4.0,5.0,5.0,5.0,1.0,2.0,2.0,7.0,5.0,2.0,6.0,6.0,1.0,2.0,2.0,5.0,6.0,4.0,3.0,6.0,5.0,5.0,5.0,5.0,5.0,0.0,,5.0,1.0,6.0,6.0,6.0,5.0,5.0,6.0,2.0,1.0,3.0,4.0,2.0,1.0,3.0,4.0,2.0,7.0,,6.0,6.0,5.0,6.0,7.0,7.0,2.0,1.0,3.0,4.0,2.0,1.0,3.0,4.0,,6.0,,6.0,6.0,6.0,6.0,6.0,6.0,2.0,1.0,3.0,4.0,2.0,1.0,3.0,4.0,5.0,5.0,5.0,6.0,6.0,6.0,6.0,6.0,0.0,6.0,6.0,4.0,7.0,6.0,2.0,6.0,6.0,2.0,REL,ADV,COL,1.0,1,2.0,1,1,mobility,2.8,1.75,4.666666666666667,2.3333333333333335,6.2,4.5,5.444444444444445,4.8,5.0,6.0,5.0,27.65,0,America/New_York,1,1,1,0,0,290.536,103.849,153.858,454.883,261.431,241.311,1,1.4987406839422674
beb11c56-9f70-41c1-8a81-bcd2ad334e83,QZMUUUP9,HA3,HA,3,O4,True,completed,cloudresearch,ECF154619CDF40F4B4F35C09126CAE01,False,True,,,2366,96,2026-09-02T00:04:11.037Z,2026-09-02T00:49:17.748Z,0,0,0,24.0,GB,4.0,5.0,3.0,1.0,0.0,4.0,6.0,7.0,3.0,2.0,3.0,2.0,3.0,1.0,2.0,2.0,2.0,4.0,4.0,4.0,4.0,4.0,4.0,4.0,4.0,0.0,,1.0,1.0,5.0,4.0,3.0,3.0,2.0,1.0,3.0,1.0,2.0,4.0,2.0,1.0,3.0,4.0,,7.0,,6.0,5.0,7.0,4.0,6.0,6.0,1.0,2.0,4.0,3.0,1.0,2.0,4.0,3.0,2.0,5.0,,6.0,5.0,6.0,5.0,7.0,6.0,1.0,2.0,4.0,3.0,1.0,2.0,4.0,3.0,4.0,4.0,4.0,4.0,5.0,5.0,6.0,3.0,1.0,5.0,2.0,3.0,7.0,6.0,2.0,6.0,5.0,2.0,REL,COL,ADV,1.0,1,2.0,1,1,mobility,3.9,2.0,5.0,5.333333333333333,5.8,5.75,5.777777777777778,3.6,4.0,5.0,4.0,39.43333333333333,0,Europe/London,1,1,1,0,0,144.808,195.524,115.977,412.257,412.958,313.162,0,1.6330636456870053
d00970ec-7b89-4399-b158-59f07d4bec1b,S2HDGP49,H2,H,2,O4,True,completed,cloudresearch,148E9182BA9E4305B2BB52F782459CC1,False,True,,,1207,90,2026-09-02T00:04:11.256Z,2026-09-02T00:24:53.740Z,0,0,0,32.0,US,1.0,4.0,4.0,0.0,1.0,1.0,2.0,2.0,6.0,2.0,6.0,6.0,2.0,2.0,2.0,2.0,2.0,7.0,7.0,7.0,7.0,7.0,7.0,7.0,7.0,0.0,,6.0,1.0,3.0,3.0,1.0,6.0,6.0,6.0,,3.0,2.0,1.0,,3.0,2.0,1.0,,6.0,,4.0,6.0,2.0,6.0,6.0,6.0,,3.0,2.0,1.0,,3.0,2.0,1.0,2.0,6.0,,7.0,7.0,2.0,6.0,6.0,6.0,,3.0,2.0,1.0,,1.0,2.0,3.0,6.0,6.0,6.0,6.0,6.0,6.0,6.0,5.0,0.0,6.0,2.0,2.0,6.0,6.0,2.0,6.0,6.0,2.0,REL,COL,ADV,1.0,1,2.0,1,1,intellectual,2.0,2.0,2.0,2.0,6.0,6.0,6.0,6.0,7.0,6.0,6.0,20.116666666666667,0,America/Chicago,1,1,1,0,0,69.356,103.804,237.663,250.736,312.92,221.771,0,2.0010173803116675
35057e43-6ca8-424f-b560-1a428ffe56c0,E94KSJWP,H1,H,1,O5,True,completed,cloudresearch,738C47B8F8254C7B80D9362DD68F28BE,False,True,,,859,90,2026-09-02T00:04:11.278Z,2026-09-02T00:19:01.739Z,0,0,0,48.0,US,4.0,4.0,4.0,0.0,0.0,0.0,7.0,7.0,3.0,5.0,2.0,1.0,1.0,7.0,2.0,7.0,2.0,3.0,1.0,4.0,3.0,2.0,2.0,2.0,3.0,0.0,2.0,5.0,,6.0,5.0,7.0,7.0,3.0,2.0,,1.0,2.0,3.0,,1.0,2.0,3.0,,6.0,2.0,6.0,6.0,7.0,6.0,5.0,2.0,,2.0,3.0,1.0,,1.0,3.0,2.0,,6.0,,6.0,3.0,7.0,3.0,4.0,1.0,,2.0,3.0,1.0,,2.0,3.0,1.0,1.0,3.0,1.0,4.0,1.0,2.0,2.0,7.0,0.0,3.0,6.0,7.0,5.0,5.0,6.0,1.0,1.0,6.0,ADV,REL,COL,2.0,1,2.0,1,1,no mention,5.4,3.75,7.0,6.0,3.0,1.75,2.4444444444444446,2.6,2.25,2.25,1.6666666666666667,14.316666666666666,0,America/Chicago,1,1,1,0,0,79.062,103.821,115.3,213.306,152.217,202.337,0,2.1064651878723213
8c01457f-fd4b-4cac-b1e8-df525cf494c8,ED2D7XEN,A,A,,O2,True,completed,cloudresearch,3411B9294FDF4916AFB5B94FD439C954,False,True,,,848,87,2026-09-02T00:04:11.504Z,2026-09-02T00:19:41.344Z,0,0,0,39.0,US,2.0,3.0,2.0,0.0,0.0,0.0,2.0,4.0,5.0,2.0,5.0,4.0,2.0,2.0,2.0,4.0,6.0,4.0,5.0,5.0,5.0,6.0,5.0,5.0,5.0,0.0,,5.0,,6.0,6.0,,6.0,4.0,6.0,1.0,,2.0,3.0,1.0,,2.0,3.0,,5.0,2.0,7.0,7.0,,7.0,7.0,6.0,1.0,,3.0,2.0,2.0,,3.0,1.0,2.0,3.0,,5.0,6.0,,6.0,6.0,6.0,1.0,,2.0,3.0,1.0,,2.0,3.0,4.0,4.0,4.0,6.0,5.0,6.0,6.0,7.0,0.0,6.0,3.0,4.0,6.0,5.0,5.0,3.0,4.0,5.0,ADV,COL,REL,2.0,1,2.0,1,0,AI (no operator),2.8,2.0,3.3333333333333335,3.3333333333333335,4.8,3.75,4.333333333333333,5.0,5.25,5.75,4.0,14.133333333333333,0,America/Denver,1,1,1,0,0,69.344,103.805,115.261,200.815,198.874,123.829,0,1.3639343240338875
32c0e1d1-7e14-4e7e-9a34-79c267424973,BGWPWVS2,HA1,HA,1,O5,True,completed,cloudresearch,600BFA77874D4432A63CF31A8E3A1189,False,True,,,1382,96,2026-09-02T00:04:12.466Z,2026-09-02T00:28:21.993Z,0,0,0,77.0,US,3.0,5.0,5.0,0.0,0.0,2.0,5.0,5.0,5.0,1.0,2.0,2.0,1.0,1.0,1.0,1.0,7.0,5.0,5.0,5.0,4.0,4.0,5.0,5.0,4.0,0.0,2.0,7.0,,7.0,7.0,7.0,7.0,7.0,7.0,3.0,2.0,1.0,4.0,3.0,2.0,1.0,4.0,,7.0,2.0,7.0,7.0,7.0,7.0,7.0,7.0,2.0,1.0,3.0,4.0,2.0,1.0,3.0,4.0,,7.0,,7.0,7.0,7.0,7.0,7.0,7.0,2.0,1.0,3.0,4.0,1.0,2.0,3.0,4.0,6.0,6.0,6.0,7.0,6.0,6.0,6.0,2.0,0.0,7.0,1.0,1.0,6.0,6.0,4.0,6.0,7.0,1.0,ADV,REL,COL,2.0,1,2.0,1,1,no mention,3.0,1.0,3.6666666666666665,5.0,6.4,6.25,6.333333333333333,5.2,4.5,6.25,6.0,23.033333333333335,0,America/Los_Angeles,1,1,1,0,0,69.344,103.79,115.263,418.716,224.817,232.349,3,2.07911081208605
dee4a69a-fa41-4488-8460-e94bcc7fcec0,QG4WUV6R,HA2,HA,2,O4,True,completed,cloudresearch,1139DC5B1DE94B9DBF9A3F8F48E1F6C1,False,True,,,893,96,2026-09-02T00:04:13.168Z,2026-09-02T00:20:51.238Z,0,0,0,26.0,US,1.0,5.0,4.0,4.0,0.0,0.0,3.0,4.0,6.0,2.0,6.0,6.0,2.0,2.0,2.0,2.0,6.0,5.0,4.0,2.0,6.0,6.0,6.0,6.0,6.0,0.0,,6.0,1.0,6.0,6.0,2.0,6.0,6.0,6.0,2.0,3.0,1.0,4.0,3.0,1.0,2.0,4.0,,6.0,,6.0,6.0,6.0,6.0,6.0,6.0,3.0,2.0,1.0,4.0,2.0,3.0,1.0,4.0,2.0,6.0,,6.0,6.0,6.0,6.0,6.0,6.0,2.0,1.0,3.0,4.0,2.0,3.0,1.0,4.0,6.0,6.0,4.0,6.0,6.0,6.0,6.0,6.0,0.0,6.0,4.0,2.0,6.0,6.0,2.0,6.0,6.0,2.0,REL,COL,ADV,1.0,1,2.0,1,1,intellectual,2.3,2.0,3.0,2.0,6.0,5.5,5.777777777777778,4.6,6.0,6.0,5.333333333333333,14.883333333333333,0,America/New_York,1,1,1,0,0,69.411,104.763,115.507,236.289,177.546,154.34,2,1.6111523879988217
037e2cc2-250c-40bb-bc6f-4a8ca92fa73d,BAWAGFSC,HA3,HA,3,O2,True,completed,cloudresearch,6EEFB71029924F13A5F01271EE37C554,False,True,,,1246,96,2026-09-02T00:04:13.884Z,2026-09-02T00:25:35.451Z,0,0,0,48.0,US,4.0,4.0,1.0,0.0,1.0,2.0,7.0,7.0,4.0,4.0,2.0,1.0,2.0,3.0,3.0,4.0,6.0,4.0,4.0,4.0,6.0,6.0,6.0,6.0,6.0,0.0,,2.0,,6.0,6.0,6.0,6.0,6.0,2.0,2.0,1.0,3.0,4.0,2.0,1.0,3.0,4.0,,3.0,2.0,5.0,5.0,6.0,6.0,6.0,3.0,3.0,2.0,4.0,1.0,3.0,2.0,4.0,1.0,2.0,3.0,,6.0,6.0,6.0,6.0,6.0,3.0,2.0,1.0,4.0,3.0,2.0,1.0,4.0,3.0,1.0,1.0,1.0,4.0,1.0,1.0,3.0,3.0,0.0,4.0,3.0,4.0,4.0,3.0,3.0,4.0,4.0,4.0,ADV,COL,REL,2.0,1,2.0,1,1,mobility,4.7,3.0,6.0,5.666666666666667,3.8,4.5,4.111111111111111,4.8,6.0,2.25,1.0,20.766666666666666,0,America/New_York,1,1,1,0,0,69.174,103.992,115.241,366.374,341.342,149.346,0,1.7372244432627768
36254981-6b14-48df-8f4e-e6f469e3936d,Z5FFXC6N,HA2,HA,2,O5,True,completed,cloudresearch,355D5A2D1A374F15885AF7D49048F056,False,True,,,1218,96,2026-09-02T00:04:17.654Z,2026-09-02T00:24:57.769Z,0,0,0,35.0,US,5.0,3.0,4.0,0.0,1.0,5.0,6.0,6.0,2.0,6.0,5.0,2.0,1.0,6.0,5.0,5.0,5.0,5.0,5.0,4.0,5.0,6.0,5.0,5.0,5.0,0.0,2.0,5.0,,6.0,6.0,7.0,7.0,7.0,5.0,2.0,1.0,3.0,4.0,2.0,1.0,3.0,4.0,,5.0,2.0,5.0,7.0,7.0,6.0,6.0,5.0,2.0,1.0,3.0,4.0,2.0,1.0,3.0,4.0,,4.0,,5.0,6.0,7.0,6.0,6.0,4.0,2.0,1.0,3.0,4.0,2.0,1.0,3.0,4.0,4.0,4.0,3.0,6.0,5.0,6.0,6.0,7.0,0.0,2.0,3.0,6.0,2.0,2.0,5.0,2.0,1.0,6.0,ADV,REL,COL,2.0,1,2.0,1,1,intellectual,5.0,4.5,5.666666666666667,5.0,1.8,3.0,2.3333333333333335,4.8,5.25,5.75,3.6666666666666665,20.3,0,America/New_York,1,1,1,0,0,69.406,103.878,115.329,189.728,120.519,158.064,0,1.564108009705026
09299d61-82dd-4739-b4cc-98cc77e3d3b8,HYZDDHJ4,H1,H,1,O6,True,completed,cloudresearch,49D258149B07407BAF4F8AD7336566BB,False,True,,,1487,90,2026-09-02T00:04:17.750Z,2026-09-02T00:29:13.301Z,0,0,0,38.0,US,2.0,4.0,2.0,0.0,0.0,0.0,1.0,2.0,5.0,2.0,7.0,7.0,2.0,2.0,2.0,5.0,7.0,7.0,7.0,7.0,7.0,7.0,7.0,7.0,7.0,0.0,,7.0,,7.0,7.0,7.0,7.0,7.0,7.0,,1.0,2.0,3.0,,1.0,2.0,3.0,2.0,7.0,,7.0,7.0,7.0,7.0,7.0,7.0,,1.0,2.0,3.0,,2.0,3.0,1.0,,6.0,0.0,7.0,7.0,7.0,7.0,7.0,7.0,,2.0,1.0,3.0,,2.0,1.0,3.0,6.0,6.0,6.0,6.0,5.0,6.0,5.0,7.0,0.0,6.0,2.0,5.0,5.0,5.0,2.0,4.0,5.0,2.0,COL,ADV,REL,0.0,1,2.0,1,1,no mention,2.1,2.0,2.6666666666666665,1.6666666666666667,5.0,5.25,5.111111111111111,7.0,7.0,5.5,6.0,24.783333333333335,0,America/New_York,1,1,1,0,0,69.317,165.571,289.296,305.144,214.92,406.368,2,1.929580488087947
e1a45651-cb37-43e9-ab4a-70ea7659edb2,R8KHYP5Z,A,A,,O5,True,completed,cloudresearch,AD436256DB21401A926C1B4381B35D34,False,False,,,2841,87,2026-09-02T00:04:18.396Z,2026-09-02T01:02:54.719Z,0,0,0,26.0,US,1.0,2.0,3.0,2.0,1.0,0.0,3.0,4.0,5.0,4.0,5.0,4.0,1.0,2.0,3.0,4.0,5.0,5.0,6.0,6.0,6.0,6.0,6.0,5.0,6.0,0.0,6.0,5.0,,6.0,6.0,,6.0,5.0,6.0,1.0,,2.0,3.0,1.0,,2.0,3.0,,5.0,0.0,6.0,6.0,,5.0,6.0,6.0,1.0,,2.0,3.0,1.0,,2.0,3.0,,7.0,,6.0,6.0,,6.0,6.0,6.0,1.0,,2.0,3.0,1.0,,2.0,3.0,5.0,5.0,6.0,6.0,6.0,5.0,5.0,5.0,0.0,7.0,3.0,3.0,6.0,6.0,3.0,6.0,6.0,3.0,ADV,REL,COL,0.0,0,6.0,0,0,AI (no operator),3.1,2.5,3.6666666666666665,3.3333333333333335,6.2,5.0,5.666666666666667,5.6,5.75,5.5,5.333333333333333,47.35,0,America/New_York,1,1,1,0,1,84.689,105.222,115.265,254.718,121.581,148.656,0,1.2871492251311545
a51241bc-bab2-45cd-b646-bf70aeba897a,W52EWTSP,H3,H,3,O4,True,completed,cloudresearch,72055E49DDE6436C94DCC12135B9E992,False,True,,,1065,90,2026-09-02T00:04:18.692Z,2026-09-02T00:23:08.589Z,0,0,0,52.0,CA,1.0,4.0,0.0,0.0,0.0,0.0,6.0,6.0,4.0,3.0,4.0,3.0,2.0,2.0,5.0,3.0,6.0,5.0,5.0,3.0,5.0,4.0,5.0,5.0,5.0,0.0,,5.0,1.0,5.0,5.0,7.0,5.0,5.0,6.0,,1.0,2.0,3.0,,1.0,3.0,2.0,,6.0,,6.0,6.0,7.0,6.0,6.0,6.0,,1.0,3.0,2.0,,1.0,2.0,3.0,2.0,6.0,,4.0,6.0,7.0,6.0,6.0,6.0,,1.0,3.0,2.0,,1.0,3.0,2.0,5.0,5.0,5.0,5.0,4.0,4.0,4.0,3.0,0.0,3.0,5.0,6.0,6.0,6.0,6.0,4.0,3.0,5.0,REL,COL,ADV,1.0,1,2.0,1,1,mobility,4.0,3.0,5.0,4.333333333333333,4.4,2.5,3.5555555555555554,4.8,4.75,4.25,5.0,17.75,0,America/Halifax,1,1,1,0,0,69.345,103.793,115.271,228.057,232.626,165.261,0,1.1946096394062535
183aa168-7931-4cf4-827e-cd6cff0472b8,D4A7BKTX,HA1,HA,1,O2,True,completed,cloudresearch,08B3DFC246ED45399DC8443745EE1229,False,True,,,976,96,2026-09-02T00:04:20.753Z,2026-09-02T00:20:55.392Z,0,0,0,43.0,US,5.0,3.0,4.0,1.0,1.0,5.0,5.0,7.0,5.0,3.0,5.0,3.0,1.0,2.0,2.0,2.0,7.0,5.0,5.0,4.0,7.0,5.0,6.0,6.0,6.0,0.0,,7.0,,7.0,6.0,7.0,7.0,7.0,6.0,2.0,1.0,3.0,4.0,2.0,1.0,3.0,4.0,,7.0,2.0,6.0,6.0,7.0,7.0,7.0,6.0,4.0,1.0,3.0,2.0,4.0,1.0,2.0,3.0,2.0,7.0,,6.0,6.0,7.0,7.0,7.0,6.0,3.0,2.0,4.0,1.0,2.0,1.0,4.0,3.0,7.0,7.0,6.0,6.0,4.0,5.0,4.0,7.0,0.0,5.0,3.0,5.0,7.0,6.0,2.0,6.0,4.0,3.0,ADV,COL,REL,2.0,1,2.0,1,1,no mention,3.3,2.0,4.666666666666667,3.6666666666666665,5.6,4.75,5.222222222222222,5.6,5.75,4.75,6.666666666666667,16.266666666666666,0,America/New_York,1,1,1,0,0,69.416,104.085,115.344,268.166,229.057,128.866,0,1.6227917368195577
1af49545-f786-4c76-9b5e-85ad9453db7e,J2272ZHW,HA1,HA,1,O1,True,completed,cloudresearch,632E75F11E8445B890A2EE6F7C996953,False,True,,,803,96,2026-09-02T00:04:21.640Z,2026-09-02T00:24:43.630Z,0,0,0,36.0,US,2.0,0.0,2.0,0.0,0.0,0.0,6.0,6.0,4.0,4.0,4.0,4.0,4.0,4.0,4.0,4.0,6.0,3.0,4.0,4.0,4.0,4.0,4.0,5.0,5.0,0.0,,4.0,1.0,5.0,6.0,5.0,4.0,4.0,3.0,1.0,3.0,2.0,4.0,1.0,2.0,3.0,4.0,2.0,5.0,,5.0,6.0,5.0,6.0,6.0,3.0,1.0,3.0,2.0,4.0,1.0,2.0,3.0,4.0,,6.0,,6.0,6.0,5.0,6.0,6.0,3.0,1.0,3.0,2.0,4.0,1.0,2.0,3.0,4.0,4.0,4.0,4.0,5.0,5.0,4.0,4.0,5.0,0.0,4.0,4.0,5.0,4.0,4.0,5.0,4.0,4.0,4.0,REL,ADV,COL,1.0,1,2.0,1,1,no mention,4.4,4.0,5.333333333333333,4.0,4.0,3.5,3.7777777777777777,4.2,4.5,4.5,4.0,13.383333333333333,0,America/Chicago,1,1,1,0,0,170.69,103.878,115.329,235.868,169.425,166.395,0,0.8643486068498003
f0f1f334-0813-4391-a751-f43866380806,U4SM5FS8,H3,H,3,O1,True,completed,cloudresearch,F6EB9FEEF44B450D8DE6178DD303A1ED,False,True,,,600,90,2026-09-02T00:04:21.968Z,2026-09-02T00:14:31.310Z,0,0,0,35.0,US,4.0,5.0,5.0,3.0,1.0,2.0,3.0,3.0,5.0,3.0,5.0,4.0,4.0,3.0,4.0,4.0,5.0,5.0,4.0,4.0,5.0,5.0,4.0,4.0,4.0,0.0,,6.0,1.0,5.0,5.0,6.0,5.0,5.0,5.0,,1.0,3.0,2.0,,2.0,3.0,1.0,2.0,6.0,,5.0,6.0,5.0,5.0,6.0,5.0,,1.0,2.0,3.0,,1.0,2.0,3.0,,6.0,,5.0,6.0,5.0,5.0,6.0,6.0,,1.0,2.0,3.0,,1.0,2.0,3.0,4.0,4.0,4.0,5.0,6.0,5.0,5.0,6.0,0.0,5.0,3.0,3.0,5.0,5.0,4.0,5.0,5.0,4.0,REL,ADV,COL,1.0,1,2.0,1,1,mobility,3.4,3.5,3.3333333333333335,3.3333333333333335,5.0,4.5,4.777777777777778,4.6,4.25,5.25,4.0,10.0,0,America/Los_Angeles,1,1,1,0,0,69.927,103.903,115.332,110.849,162.083,142.215,0,0.8797388957238849
fc74d7ce-2818-4bb0-aa42-e9002d717c03,ZFTE4D3S,H1,H,1,O3,True,completed,cloudresearch,EC247086CAB648AD99D9BBFFFE893039,False,True,,,644,90,2026-09-02T00:04:22.352Z,2026-09-02T00:15:29.957Z,0,0,0,48.0,US,4.0,4.0,2.0,0.0,1.0,2.0,6.0,7.0,5.0,3.0,2.0,2.0,2.0,2.0,1.0,4.0,7.0,6.0,6.0,6.0,6.0,5.0,5.0,5.0,5.0,0.0,2.0,7.0,,6.0,7.0,7.0,6.0,6.0,5.0,,1.0,3.0,2.0,,1.0,3.0,2.0,,6.0,,6.0,7.0,6.0,6.0,7.0,5.0,,2.0,3.0,1.0,,2.0,3.0,1.0,,4.0,0.0,4.0,6.0,7.0,6.0,6.0,5.0,,2.0,3.0,1.0,,2.0,3.0,1.0,4.0,4.0,4.0,4.0,2.0,2.0,2.0,6.0,0.0,4.0,4.0,5.0,5.0,4.0,7.0,3.0,3.0,7.0,COL,REL,ADV,0.0,1,2.0,1,1,no mention,4.0,2.0,5.666666666666667,5.0,3.8,2.25,3.111111111111111,6.2,5.0,2.5,4.0,10.733333333333333,0,America/Chicago,1,1,1,0,0,69.372,103.806,115.32,188.806,122.872,140.077,0,1.6658260732612828
087e2941-50e2-4040-b28e-4a6bc2fda26d,6Q5MN65C,H3,H,3,O6,True,completed,cloudresearch,454212869B3C4B58B5E95728CFA9301B,False,True,,,1739,90,2026-09-02T00:04:22.503Z,2026-09-02T00:35:39.883Z,0,0,0,48.0,CA,2.0,5.0,3.0,0.0,0.0,2.0,6.0,7.0,3.0,2.0,5.0,1.0,1.0,7.0,1.0,5.0,6.0,2.0,3.0,4.0,6.0,6.0,5.0,5.0,4.0,0.0,,4.0,,5.0,3.0,2.0,5.0,5.0,1.0,,2.0,1.0,3.0,,2.0,1.0,3.0,2.0,4.0,,3.0,4.0,2.0,5.0,5.0,1.0,,3.0,2.0,1.0,,2.0,1.0,3.0,,3.0,0.0,6.0,6.0,6.0,6.0,7.0,6.0,,1.0,2.0,3.0,,2.0,1.0,3.0,3.0,3.0,5.0,7.0,5.0,5.0,5.0,3.0,0.0,6.0,3.0,5.0,7.0,7.0,5.0,6.0,1.0,7.0,COL,ADV,REL,0.0,1,2.0,1,1,mobility,4.4,2.75,6.0,5.0,5.4,3.0,4.333333333333333,4.2,5.0,5.5,3.6666666666666665,28.983333333333334,0,America/Edmonton,1,1,1,0,0,69.384,336.484,202.646,513.052,679.981,125.669,0,1.7426257298667693
09d7687a-d4e3-4019-a688-dc877b72cee9,5BP3APRE,HA2,HA,2,O3,True,completed,cloudresearch,34893339C9D843858D745A72C15B33F9,False,True,,,624,96,2026-09-02T00:04:24.062Z,2026-09-02T00:14:54.127Z,0,0,0,44.0,GB,5.0,5.0,2.0,1.0,0.0,2.0,5.0,6.0,5.0,2.0,4.0,3.0,2.0,4.0,4.0,4.0,5.0,4.0,4.0,4.0,4.0,4.0,4.0,4.0,4.0,0.0,2.0,4.0,,3.0,4.0,5.0,5.0,5.0,5.0,3.0,4.0,2.0,1.0,4.0,3.0,2.0,1.0,,4.0,,5.0,5.0,4.0,5.0,5.0,5.0,4.0,3.0,2.0,1.0,4.0,3.0,2.0,1.0,,3.0,0.0,3.0,4.0,4.0,4.0,5.0,5.0,2.0,4.0,3.0,1.0,4.0,3.0,2.0,1.0,5.0,4.0,5.0,5.0,4.0,4.0,4.0,5.0,0.0,5.0,3.0,3.0,4.0,5.0,3.0,5.0,5.0,5.0,COL,REL,ADV,0.0,1,2.0,1,1,intellectual,3.9,3.0,5.0,4.0,4.8,4.5,4.666666666666667,4.2,4.0,4.25,4.666666666666667,10.4,0,Europe/London,1,1,1,0,0,69.334,103.795,115.266,184.719,109.256,135.515,0,0.7889237914915138
79be0c22-08c8-47ab-a65e-8c45e2e73ffb,JDP5AFU7,H2,H,2,O2,True,completed,cloudresearch,66690CCE49314A188EB830EF65D502C0,False,True,,,1098,90,2026-09-02T00:04:24.272Z,2026-09-02T00:23:14.018Z,0,0,0,23.0,US,2.0,5.0,3.0,1.0,0.0,3.0,3.0,6.0,6.0,1.0,7.0,4.0,2.0,1.0,1.0,5.0,4.0,4.0,4.0,4.0,4.0,4.0,4.0,4.0,4.0,0.0,,7.0,,7.0,7.0,7.0,7.0,7.0,7.0,,1.0,2.0,3.0,,1.0,2.0,3.0,,7.0,2.0,7.0,7.0,7.0,7.0,7.0,7.0,,2.0,3.0,1.0,,2.0,3.0,1.0,2.0,7.0,,7.0,7.0,7.0,7.0,7.0,7.0,,1.0,3.0,2.0,,1.0,3.0,2.0,7.0,7.0,7.0,7.0,6.0,6.0,7.0,6.0,1.0,7.0,1.0,4.0,7.0,7.0,1.0,7.0,7.0,1.0,ADV,COL,REL,2.0,1,2.0,1,1,intellectual,2.6,1.25,4.666666666666667,2.3333333333333335,7.0,6.25,6.666666666666667,4.0,4.0,6.5,7.0,18.3,0,America/New_York,1,1,1,0,0,69.378,221.085,197.898,364.724,295.471,117.196,3,2.0820538208630675
133187e9-2dfe-487d-b155-2fc9fac5cabc,VUU77RNS,HA3,HA,3,O3,True,completed,cloudresearch,496DDD06DEFB45479BD534FDF4A48140,False,True,,,1085,96,2026-09-02T00:04:25.429Z,2026-09-02T00:23:22.019Z,0,0,0,62.0,US,4.0,4.0,3.0,2.0,1.0,1.0,5.0,4.0,6.0,4.0,3.0,3.0,2.0,2.0,2.0,2.0,6.0,6.0,6.0,6.0,6.0,6.0,4.0,4.0,4.0,0.0,2.0,5.0,,5.0,5.0,5.0,5.0,5.0,5.0,2.0,1.0,3.0,4.0,3.0,2.0,4.0,1.0,,6.0,,6.0,6.0,6.0,6.0,6.0,6.0,4.0,1.0,3.0,2.0,2.0,1.0,3.0,4.0,,6.0,0.0,6.0,6.0,6.0,6.0,6.0,6.0,2.0,1.0,3.0,4.0,2.0,1.0,3.0,4.0,4.0,4.0,5.0,5.0,5.0,5.0,5.0,5.0,1.0,5.0,3.0,4.0,5.0,4.0,3.0,5.0,4.0,5.0,COL,REL,ADV,0.0,1,2.0,1,1,mobility,3.3,2.5,3.6666666666666665,4.0,4.6,4.25,4.444444444444445,6.0,4.5,5.0,4.333333333333333,18.083333333333332,0,America/Los_Angeles,1,1,1,0,0,69.755,103.832,247.686,367.292,158.24,184.227,3,1.1878276083635395
fea1a703-d871-4f3c-9641-c717db442567,SR8V9UV8,H3,H,3,O3,True,completed,cloudresearch,9544BCB333234586BE122D1D58E34E6D,False,True,,,811,90,2026-09-02T00:04:25.922Z,2026-09-02T00:18:06.638Z,0,0,0,36.0,US,3.0,0.0,4.0,0.0,0.0,3.0,2.0,5.0,6.0,2.0,6.0,5.0,2.0,2.0,2.0,2.0,6.0,6.0,5.0,5.0,6.0,6.0,5.0,5.0,6.0,0.0,2.0,7.0,,6.0,6.0,7.0,6.0,6.0,7.0,,1.0,2.0,3.0,,1.0,2.0,3.0,,7.0,,7.0,7.0,7.0,7.0,7.0,7.0,,1.0,3.0,2.0,,1.0,3.0,2.0,,7.0,0.0,6.0,7.0,7.0,6.0,6.0,7.0,,1.0,3.0,2.0,,1.0,3.0,2.0,7.0,7.0,7.0,7.0,6.0,6.0,6.0,6.0,0.0,2.0,5.0,6.0,5.0,5.0,6.0,2.0,2.0,6.0,COL,REL,ADV,0.0,1,2.0,1,1,mobility,2.4,2.0,3.0,2.3333333333333335,3.2,2.25,2.7777777777777777,5.6,5.5,6.25,7.0,13.516666666666667,0,America/Los_Angeles,1,1,1,0,0,99.223,103.846,115.3,276.992,172.232,154.612,1,1.8166463114658638
351f34d4-ce9d-4b16-a2cb-30d07ab1071a,NXBA3A42,H2,H,2,O3,True,completed,cloudresearch,FACC0ECC74BA405092DE3954395AA6F5,False,True,,,836,90,2026-09-02T00:04:26.320Z,2026-09-02T00:18:47.864Z,0,0,0,45.0,US,5.0,5.0,2.0,1.0,0.0,0.0,3.0,4.0,5.0,3.0,5.0,5.0,1.0,2.0,2.0,3.0,6.0,4.0,4.0,4.0,6.0,4.0,3.0,4.0,4.0,0.0,2.0,5.0,,6.0,4.0,6.0,6.0,4.0,5.0,,1.0,2.0,3.0,,1.0,2.0,3.0,,5.0,,6.0,6.0,6.0,6.0,5.0,5.0,,1.0,2.0,3.0,,1.0,2.0,3.0,,6.0,0.0,5.0,6.0,6.0,6.0,6.0,6.0,,1.0,2.0,3.0,,2.0,3.0,1.0,5.0,5.0,5.0,5.0,5.0,5.0,5.0,5.0,0.0,6.0,4.0,4.0,6.0,5.0,3.0,4.0,5.0,4.0,COL,REL,ADV,0.0,1,2.0,1,1,intellectual,2.7,2.0,3.3333333333333335,3.0,5.2,4.25,4.777777777777778,4.8,3.75,5.0,5.0,13.933333333333334,0,America/Los_Angeles,1,1,1,0,0,69.386,103.85,115.312,251.818,130.38,154.36,0,1.2078580600332398
0fb51607-9df0-435d-a47f-8551478277f0,WKFRPRJG,HA1,HA,1,O4,True,completed,cloudresearch,C2D93045305E4A4DB9F2C8B2671340D1,False,True,,,1458,96,2026-09-02T00:04:27.170Z,2026-09-02T00:29:20.278Z,0,0,0,48.0,US,1.0,3.0,4.0,0.0,1.0,5.0,7.0,6.0,2.0,6.0,3.0,2.0,5.0,6.0,3.0,3.0,7.0,4.0,6.0,5.0,6.0,5.0,5.0,5.0,5.0,0.0,,6.0,1.0,5.0,5.0,7.0,6.0,5.0,5.0,2.0,1.0,3.0,4.0,1.0,2.0,3.0,4.0,,6.0,,6.0,6.0,6.0,6.0,6.0,5.0,1.0,2.0,3.0,4.0,1.0,2.0,3.0,4.0,2.0,6.0,,6.0,5.0,6.0,5.0,6.0,5.0,2.0,1.0,3.0,4.0,2.0,1.0,3.0,4.0,5.0,5.0,5.0,5.0,5.0,5.0,5.0,6.0,0.0,2.0,3.0,5.0,5.0,3.0,5.0,3.0,1.0,2.0,REL,COL,ADV,1.0,1,2.0,1,1,no mention,5.3,5.0,5.333333333333333,5.666666666666667,2.8,4.25,3.4444444444444446,5.6,5.0,5.0,5.0,24.3,0,America/New_York,1,1,1,0,0,69.399,103.875,115.259,492.207,419.295,172.634,0,1.312656925002591
5f461175-9338-49a7-8223-c132b07b2417,ZCUB76NV,H3,H,3,O5,True,completed,cloudresearch,A7A20C1A9DDE4B3B8A6D55F41DD2CAC2,False,True,,,739,90,2026-09-02T00:04:27.577Z,2026-09-02T00:17:20.162Z,0,0,0,45.0,US,4.0,4.0,3.0,0.0,0.0,2.0,3.0,2.0,5.0,2.0,5.0,4.0,2.0,2.0,2.0,2.0,6.0,5.0,5.0,6.0,6.0,5.0,5.0,5.0,5.0,0.0,2.0,6.0,,6.0,4.0,6.0,5.0,4.0,6.0,,1.0,3.0,2.0,,1.0,3.0,2.0,,6.0,2.0,5.0,6.0,7.0,6.0,6.0,5.0,,2.0,3.0,1.0,,2.0,3.0,1.0,,6.0,,6.0,5.0,6.0,5.0,3.0,2.0,,2.0,3.0,1.0,,2.0,3.0,1.0,5.0,5.0,4.0,3.0,2.0,2.0,1.0,1.0,0.0,4.0,2.0,2.0,6.0,4.0,1.0,5.0,4.0,2.0,ADV,REL,COL,2.0,1,2.0,1,1,mobility,2.5,2.0,2.3333333333333335,3.3333333333333335,4.6,6.25,5.333333333333333,5.6,5.0,2.0,4.666666666666667,12.316666666666666,0,America/New_York,1,1,1,0,0,82.366,122.22,135.665,202.137,142.754,203.375,0,1.6285192209512573
bf19a146-5fa9-4035-bf22-ffe804ccd6fe,63WV9WZ6,A,A,,O3,True,completed,cloudresearch,D6017224CB1246D58EECDB449DF4B5D5,False,False,,,1264,87,2026-09-02T00:04:29.050Z,2026-09-02T00:26:11.639Z,0,0,0,31.0,US,3.0,5.0,5.0,0.0,1.0,1.0,7.0,5.0,4.0,2.0,5.0,2.0,3.0,3.0,2.0,2.0,6.0,6.0,5.0,3.0,6.0,6.0,6.0,6.0,6.0,0.0,4.0,6.0,,6.0,6.0,,6.0,6.0,6.0,1.0,,2.0,3.0,1.0,,2.0,3.0,,6.0,,6.0,6.0,,6.0,6.0,6.0,1.0,,2.0,3.0,1.0,,2.0,3.0,,6.0,0.0,5.0,6.0,,6.0,6.0,6.0,1.0,,2.0,3.0,1.0,,2.0,3.0,6.0,6.0,6.0,7.0,5.0,5.0,6.0,6.0,0.0,5.0,2.0,3.0,6.0,6.0,2.0,4.0,6.0,2.0,COL,REL,ADV,0.0,1,4.0,0,0,AI (no operator),3.7,2.5,4.666666666666667,4.333333333333333,5.4,5.75,5.555555555555555,5.2,6.0,5.75,6.0,21.066666666666666,0,America/New_York,1,1,1,0,0,196.499,168.107,115.549,273.091,341.302,221.958,2,1.4469284768763686
1f826613-ad43-4e5e-b234-7e9d84e6ad61,BCHHVH97,HA2,HA,2,O2,True,completed,cloudresearch,9558C04E42E0407899E56C2CCBE19781,False,True,,,1779,96,2026-09-02T00:04:29.332Z,2026-09-02T00:35:57.816Z,0,0,0,43.0,US,4.0,5.0,4.0,2.0,0.0,4.0,2.0,4.0,4.0,2.0,4.0,4.0,1.0,1.0,1.0,4.0,5.0,6.0,4.0,5.0,5.0,5.0,4.0,4.0,5.0,0.0,,6.0,,5.0,6.0,6.0,6.0,7.0,7.0,3.0,1.0,2.0,4.0,2.0,1.0,3.0,4.0,,6.0,2.0,5.0,6.0,3.0,6.0,6.0,7.0,4.0,2.0,1.0,3.0,4.0,3.0,1.0,2.0,2.0,3.0,,3.0,6.0,5.0,4.0,5.0,4.0,4.0,2.0,1.0,3.0,3.0,2.0,1.0,4.0,6.0,6.0,5.0,5.0,4.0,5.0,6.0,2.0,0.0,7.0,2.0,4.0,6.0,7.0,2.0,6.0,7.0,2.0,ADV,COL,REL,2.0,1,2.0,1,1,intellectual,2.7,1.25,3.3333333333333335,4.0,6.6,5.5,6.111111111111111,5.0,4.5,5.0,5.666666666666667,29.65,0,Pacific/Honolulu,1,1,1,0,0,69.366,103.875,131.269,554.34,472.346,174.487,0,1.6317836663907144
e076d156-e431-4ffd-b72b-c502d04647a7,KW6XKNCS,H2,H,2,O5,True,completed,cloudresearch,361098AE6A1140489196EA6783D6221D,False,False,,,1691,90,2026-09-02T00:04:29.411Z,2026-09-02T00:35:12.071Z,0,0,0,35.0,US,3.0,5.0,2.0,0.0,1.0,4.0,6.0,5.0,5.0,3.0,3.0,3.0,3.0,4.0,5.0,5.0,7.0,6.0,5.0,5.0,7.0,6.0,7.0,7.0,7.0,0.0,6.0,6.0,,7.0,7.0,7.0,6.0,6.0,6.0,,1.0,3.0,2.0,,1.0,3.0,2.0,,6.0,2.0,7.0,7.0,7.0,6.0,6.0,6.0,,1.0,3.0,2.0,,1.0,3.0,2.0,,6.0,,7.0,7.0,7.0,6.0,6.0,6.0,,1.0,3.0,2.0,,1.0,3.0,2.0,5.0,5.0,5.0,5.0,6.0,6.0,5.0,2.0,0.0,5.0,2.0,2.0,5.0,5.0,2.0,5.0,5.0,2.0,ADV,REL,COL,2.0,1,6.0,0,1,intellectual,4.4,3.75,5.333333333333333,4.333333333333333,5.0,6.0,5.444444444444445,6.0,6.75,5.5,5.0,28.183333333333334,0,America/Chicago,1,1,1,0,0,69.396,103.858,352.161,400.739,105.564,410.849,0,1.367911214042046
ae0c7d21-68c4-4f88-958b-1f03a1513833,Y3Y6QKJN,A,A,,O1,True,completed,cloudresearch,9A6627F93847465E8070AB7476E16BCD,False,True,,,774,87,2026-09-02T00:04:29.828Z,2026-09-02T00:17:42.229Z,0,0,0,57.0,US,2.0,2.0,5.0,0.0,0.0,1.0,5.0,5.0,2.0,5.0,3.0,2.0,4.0,5.0,5.0,6.0,4.0,3.0,4.0,4.0,4.0,4.0,4.0,4.0,4.0,0.0,,1.0,1.0,4.0,4.0,,5.0,3.0,2.0,1.0,,2.0,3.0,1.0,,2.0,3.0,2.0,2.0,,5.0,4.0,,5.0,5.0,2.0,1.0,,2.0,3.0,1.0,,2.0,3.0,,2.0,,4.0,6.0,,6.0,6.0,4.0,1.0,,2.0,3.0,1.0,,2.0,3.0,2.0,3.0,4.0,2.0,2.0,4.0,4.0,6.0,0.0,2.0,4.0,6.0,3.0,5.0,5.0,3.0,1.0,3.0,REL,ADV,COL,1.0,1,2.0,1,0,AI (no operator),5.2,4.75,5.333333333333333,5.666666666666667,2.8,3.5,3.111111111111111,3.8,4.0,3.0,3.0,12.9,0,America/Denver,1,1,1,0,0,69.299,103.832,115.25,134.216,144.152,146.301,0,1.290306903963295
d9accccd-7093-4913-b4cf-2104ea995f99,BYZ7J26Q,H1,H,1,O2,True,completed,cloudresearch,89DCB3CFF514455D83EDDE2054BC8B8E,False,False,,,1480,90,2026-09-02T00:04:30.772Z,2026-09-02T00:30:26.770Z,0,0,0,28.0,US,2.0,0.0,4.0,0.0,1.0,2.0,7.0,7.0,1.0,4.0,1.0,4.0,3.0,4.0,4.0,7.0,7.0,6.0,6.0,1.0,7.0,7.0,7.0,7.0,7.0,0.0,,7.0,,7.0,7.0,7.0,7.0,7.0,7.0,,1.0,2.0,3.0,,1.0,2.0,3.0,,7.0,2.0,7.0,7.0,7.0,7.0,7.0,7.0,,1.0,2.0,3.0,,1.0,2.0,3.0,1.0,6.0,,7.0,7.0,7.0,7.0,7.0,7.0,,1.0,2.0,3.0,,1.0,2.0,3.0,7.0,7.0,7.0,7.0,7.0,7.0,7.0,5.0,0.0,1.0,2.0,7.0,1.0,5.0,7.0,4.0,1.0,7.0,ADV,COL,REL,2.0,1,1.0,0,1,no mention,5.4,3.75,7.0,6.0,2.4,2.25,2.3333333333333335,5.4,7.0,7.0,7.0,24.666666666666668,0,America/New_York,1,1,1,0,0,69.345,107.255,219.75,285.014,732.266,104.316,2,2.058218771360187
4745d6d9-b5cb-4408-a0f7-744f8b304f77,PUWJG3PV,H3,H,3,O2,True,completed,cloudresearch,FE4CD4BAEFCD43EAB4BE088661C505D4,False,True,,,1030,90,2026-09-02T00:04:30.939Z,2026-09-02T00:22:21.171Z,0,0,0,45.0,US,2.0,5.0,4.0,0.0,0.0,1.0,7.0,5.0,4.0,3.0,3.0,3.0,3.0,3.0,2.0,4.0,7.0,3.0,3.0,4.0,6.0,5.0,5.0,5.0,6.0,0.0,,3.0,,5.0,5.0,7.0,4.0,6.0,6.0,,1.0,2.0,3.0,,1.0,2.0,3.0,,7.0,2.0,5.0,6.0,7.0,7.0,7.0,6.0,,2.0,3.0,1.0,,2.0,3.0,1.0,2.0,5.0,,5.0,6.0,7.0,5.0,6.0,5.0,,1.0,3.0,2.0,,1.0,3.0,2.0,3.0,3.0,3.0,5.0,5.0,5.0,5.0,4.0,0.0,5.0,2.0,5.0,5.0,4.0,5.0,3.0,1.0,5.0,ADV,COL,REL,2.0,1,2.0,1,1,mobility,4.1,2.75,5.333333333333333,4.666666666666667,3.6,3.75,3.6666666666666665,4.6,5.25,5.0,3.0,17.166666666666668,0,America/New_York,1,1,1,0,0,69.387,103.843,115.329,309.627,209.44,143.86,0,1.423910012820079
99d2c234-4113-4add-9a84-8dee9e36f1f9,9FE7CU2K,HA2,HA,2,O3,True,completed,cloudresearch,218B7F0C706E4DDABC314AD5124EA5D0,False,True,,,1349,96,2026-09-02T00:04:31.287Z,2026-09-02T00:27:40.827Z,0,0,0,34.0,US,3.0,5.0,3.0,2.0,1.0,2.0,6.0,6.0,3.0,5.0,2.0,2.0,4.0,4.0,4.0,6.0,5.0,5.0,5.0,5.0,5.0,4.0,4.0,4.0,4.0,0.0,2.0,4.0,,4.0,4.0,3.0,4.0,4.0,2.0,1.0,2.0,3.0,4.0,1.0,2.0,3.0,4.0,,4.0,,4.0,4.0,4.0,3.0,4.0,2.0,1.0,3.0,4.0,2.0,2.0,1.0,3.0,4.0,,3.0,0.0,4.0,4.0,3.0,5.0,4.0,5.0,3.0,1.0,4.0,2.0,2.0,1.0,4.0,3.0,2.0,2.0,2.0,4.0,3.0,4.0,4.0,4.0,0.0,4.0,4.0,4.0,5.0,3.0,4.0,4.0,4.0,4.0,COL,REL,ADV,0.0,1,2.0,1,1,intellectual,5.2,4.25,6.0,5.666666666666667,4.0,4.0,4.0,5.0,4.0,3.75,2.0,22.483333333333334,0,America/New_York,1,1,1,0,0,69.986,103.792,115.251,358.776,174.137,258.273,0,1.0245091267046085
fda98ee8-39ec-44b8-a0cc-b862209547ee,S7JJ4XA8,A,A,,O2,True,completed,cloudresearch,D912D29B76784BAC8CFD560946EDAE97,False,True,,,718,87,2026-09-02T00:04:32.984Z,2026-09-02T00:17:53.050Z,0,0,0,57.0,US,3.0,0.0,0.0,0.0,0.0,1.0,4.0,6.0,5.0,1.0,4.0,3.0,1.0,1.0,1.0,6.0,2.0,1.0,2.0,3.0,4.0,5.0,5.0,5.0,4.0,0.0,,1.0,,2.0,3.0,,4.0,2.0,1.0,1.0,,2.0,3.0,1.0,,2.0,3.0,,2.0,2.0,2.0,4.0,,5.0,5.0,4.0,1.0,,2.0,3.0,1.0,,2.0,3.0,2.0,3.0,,3.0,4.0,,5.0,5.0,2.0,1.0,,2.0,3.0,1.0,,2.0,3.0,4.0,4.0,4.0,2.0,2.0,3.0,3.0,4.0,1.0,3.0,4.0,5.0,5.0,6.0,6.0,5.0,1.0,1.0,ADV,COL,REL,2.0,1,2.0,1,0,AI (no operator),3.2,1.0,5.333333333333333,4.0,4.0,4.0,4.0,2.4,4.75,2.5,4.0,11.966666666666667,0,America/Los_Angeles,1,1,1,0,0,69.384,103.898,115.312,222.548,158.354,105.88,0,1.5183928695878883
51377a27-e6f2-40ff-ac8f-cdb6b230c95c,SJB68XHF,HA3,HA,3,O5,True,completed,cloudresearch,78DAFA5B08694CA98819F982A7793FCB,False,True,,,669,96,2026-09-02T00:04:36.225Z,2026-09-02T00:19:11.548Z,0,0,0,46.0,US,4.0,4.0,4.0,0.0,1.0,3.0,6.0,7.0,4.0,5.0,4.0,2.0,4.0,7.0,6.0,7.0,4.0,4.0,4.0,4.0,6.0,6.0,4.0,4.0,6.0,0.0,2.0,4.0,,5.0,5.0,3.0,4.0,4.0,5.0,4.0,2.0,3.0,1.0,4.0,2.0,3.0,1.0,,4.0,2.0,4.0,4.0,3.0,5.0,5.0,5.0,4.0,2.0,3.0,1.0,4.0,3.0,2.0,1.0,,4.0,,4.0,4.0,3.0,4.0,5.0,5.0,4.0,2.0,3.0,1.0,4.0,2.0,3.0,1.0,3.0,3.0,4.0,4.0,4.0,4.0,4.0,5.0,0.0,2.0,5.0,6.0,4.0,4.0,4.0,3.0,2.0,4.0,ADV,REL,COL,2.0,1,2.0,1,1,mobility,5.6,5.5,6.666666666666667,4.666666666666667,3.0,3.25,3.111111111111111,4.4,5.0,4.0,3.3333333333333335,11.15,0,America/Los_Angeles,1,1,1,0,0,77.651,103.788,115.324,204.682,139.732,169.295,0,1.148520713412319
d7b5463c-7d4e-47b5-96c5-d759d7153bc1,NBQX3QK2,HA2,HA,2,O6,True,completed,cloudresearch,5780238E6BEF4A5EB91BD4A1F068DC59,False,False,,,1518,96,2026-09-02T00:04:37.461Z,2026-09-02T00:32:40.904Z,0,0,0,23.0,US,4.0,4.0,0.0,0.0,1.0,2.0,7.0,6.0,3.0,2.0,4.0,2.0,6.0,4.0,2.0,5.0,4.0,3.0,4.0,2.0,4.0,6.0,5.0,4.0,5.0,0.0,,6.0,,6.0,7.0,4.0,5.0,7.0,4.0,2.0,4.0,1.0,3.0,2.0,3.0,1.0,4.0,1.0,6.0,,6.0,7.0,6.0,5.0,7.0,6.0,3.0,1.0,2.0,4.0,3.0,4.0,1.0,2.0,,2.0,0.0,5.0,7.0,6.0,5.0,4.0,4.0,1.0,2.0,3.0,4.0,1.0,2.0,3.0,4.0,6.0,7.0,6.0,5.0,4.0,5.0,7.0,5.0,0.0,5.0,1.0,1.0,4.0,5.0,2.0,4.0,3.0,4.0,COL,ADV,REL,0.0,1,1.0,0,1,intellectual,4.7,3.5,6.0,5.0,4.2,6.0,5.0,3.4,5.0,5.25,6.333333333333333,25.3,0,America/Chicago,1,1,1,0,0,69.557,104.074,242.907,342.904,204.321,145.435,0,1.5580068746247429
cd3e80ff-9445-4d6e-9f4a-2c0ff7fdce1b,YU22SHAK,HA3,HA,3,O4,True,completed,cloudresearch,58FCBD5386D04CC39F8C34BEF624E3E8,False,True,,,716,96,2026-09-02T00:04:39.273Z,2026-09-02T00:16:49.995Z,0,0,0,34.0,US,2.0,0.0,0.0,0.0,1.0,0.0,3.0,5.0,4.0,6.0,6.0,5.0,4.0,4.0,3.0,6.0,7.0,5.0,5.0,4.0,6.0,6.0,6.0,6.0,6.0,0.0,,3.0,1.0,6.0,6.0,6.0,5.0,5.0,5.0,3.0,1.0,4.0,2.0,3.0,1.0,4.0,2.0,,6.0,,6.0,6.0,6.0,6.0,6.0,5.0,3.0,1.0,4.0,2.0,3.0,1.0,4.0,2.0,2.0,4.0,,6.0,6.0,6.0,6.0,6.0,5.0,3.0,1.0,4.0,2.0,3.0,1.0,4.0,2.0,4.0,4.0,4.0,5.0,4.0,5.0,5.0,5.0,0.0,1.0,7.0,7.0,4.0,3.0,5.0,2.0,1.0,7.0,REL,COL,ADV,1.0,1,2.0,1,1,mobility,4.0,4.25,4.666666666666667,3.0,2.2,1.5,1.8888888888888888,5.4,6.0,4.75,4.0,11.933333333333334,0,America/Chicago,1,1,1,0,0,69.347,103.833,115.243,188.037,158.326,139.674,0,1.4584690804272844
84b47000-1187-49b8-adab-b5664820d330,ACUUKNBF,HA1,HA,1,O2,True,completed,cloudresearch,5E2B9F78CC234959823388FE0E7378F0,False,True,,,817,96,2026-09-02T00:04:41.878Z,2026-09-02T00:18:43.512Z,0,0,0,74.0,US,1.0,5.0,3.0,1.0,1.0,2.0,5.0,4.0,6.0,2.0,6.0,3.0,2.0,2.0,2.0,2.0,6.0,5.0,5.0,6.0,6.0,6.0,6.0,6.0,6.0,0.0,,6.0,,6.0,6.0,6.0,6.0,5.0,6.0,3.0,1.0,2.0,4.0,3.0,1.0,2.0,4.0,,6.0,2.0,6.0,6.0,6.0,6.0,6.0,6.0,2.0,1.0,3.0,4.0,3.0,1.0,2.0,4.0,2.0,6.0,,6.0,6.0,6.0,5.0,5.0,5.0,2.0,1.0,3.0,4.0,4.0,1.0,2.0,3.0,6.0,6.0,6.0,6.0,6.0,7.0,7.0,6.0,0.0,6.0,2.0,2.0,6.0,6.0,2.0,6.0,6.0,2.0,ADV,COL,REL,2.0,1,2.0,1,1,no mention,2.8,2.0,3.6666666666666665,3.0,6.0,6.0,6.0,5.6,6.0,6.5,6.0,13.616666666666667,0,America/New_York,1,1,1,0,0,69.369,103.809,115.27,215.316,213.312,141.159,1,1.5380646921165355
8ddb013a-7fb9-4ea3-b5fa-8e1a790eef92,9TM8GBTK,A,A,,O3,True,completed,cloudresearch,F3BE0BE35887428896C265BD94A9DFE1,False,True,,,882,87,2026-09-02T00:04:42.061Z,2026-09-02T00:23:25.345Z,0,0,0,41.0,US,4.0,3.0,3.0,3.0,1.0,4.0,7.0,7.0,2.0,6.0,1.0,1.0,4.0,6.0,5.0,7.0,6.0,4.0,4.0,4.0,7.0,6.0,6.0,6.0,6.0,0.0,2.0,7.0,,7.0,6.0,,6.0,6.0,2.0,1.0,,2.0,3.0,1.0,,2.0,3.0,,5.0,,5.0,6.0,,7.0,6.0,3.0,2.0,,3.0,1.0,1.0,,3.0,2.0,,3.0,0.0,5.0,5.0,,5.0,6.0,2.0,2.0,,3.0,1.0,1.0,,2.0,3.0,2.0,3.0,3.0,3.0,2.0,4.0,4.0,6.0,0.0,2.0,6.0,6.0,1.0,1.0,4.0,1.0,1.0,7.0,COL,REL,ADV,0.0,1,2.0,1,0,AI (no operator),6.2,5.25,7.0,6.666666666666667,1.2,2.25,1.6666666666666667,5.0,6.0,3.25,2.6666666666666665,14.7,0,America/New_York,1,1,1,0,0,69.505,103.927,192.368,267.369,124.833,168.446,0,2.0111563118385765
1226333f-de2d-4520-998a-105cf7abd0c3,9EE99E59,H2,H,2,O1,True,completed,cloudresearch,BABC69F5664D49F2A9E5FD516D118041,False,True,,,1131,90,2026-09-02T00:04:43.662Z,2026-09-02T00:23:53.251Z,0,0,0,51.0,US,2.0,5.0,2.0,0.0,0.0,5.0,5.0,6.0,3.0,2.0,5.0,3.0,2.0,6.0,2.0,2.0,7.0,6.0,5.0,5.0,7.0,6.0,5.0,6.0,6.0,0.0,,5.0,1.0,6.0,6.0,6.0,6.0,6.0,6.0,,1.0,2.0,3.0,,1.0,2.0,3.0,2.0,5.0,,7.0,7.0,6.0,6.0,6.0,6.0,,1.0,2.0,3.0,,1.0,2.0,3.0,,6.0,,6.0,6.0,6.0,7.0,7.0,7.0,,1.0,2.0,3.0,,1.0,2.0,3.0,7.0,7.0,7.0,6.0,5.0,6.0,6.0,5.0,0.0,7.0,1.0,2.0,7.0,7.0,2.0,7.0,7.0,2.0,REL,ADV,COL,1.0,1,2.0,1,1,intellectual,3.8,3.0,4.333333333333333,4.333333333333333,7.0,6.25,6.666666666666667,6.0,5.75,5.75,7.0,18.85,0,America/New_York,1,1,1,0,0,69.364,103.787,261.5,164.636,211.066,319.883,0,1.6438255443392171
9bb2a9d9-6ba5-4ae4-9a6c-89decc58032b,SF8GESJS,HA1,HA,1,O6,True,completed,cloudresearch,34A525262B1540FEADFB0726FC3E3014,False,True,,,1129,96,2026-09-02T00:04:48.055Z,2026-09-02T00:24:31.165Z,0,0,0,53.0,US,3.0,5.0,0.0,0.0,0.0,1.0,6.0,7.0,5.0,3.0,4.0,3.0,3.0,5.0,5.0,4.0,7.0,5.0,6.0,5.0,5.0,6.0,6.0,6.0,6.0,0.0,,6.0,,6.0,6.0,6.0,7.0,7.0,7.0,2.0,1.0,3.0,4.0,3.0,1.0,2.0,4.0,2.0,6.0,,5.0,5.0,6.0,7.0,7.0,7.0,2.0,3.0,1.0,4.0,2.0,3.0,1.0,4.0,,5.0,0.0,6.0,6.0,5.0,6.0,6.0,7.0,1.0,3.0,2.0,4.0,2.0,1.0,3.0,4.0,6.0,6.0,6.0,6.0,5.0,5.0,6.0,6.0,0.0,5.0,4.0,5.0,5.0,6.0,6.0,4.0,7.0,5.0,COL,ADV,REL,0.0,1,2.0,1,1,no mention,4.5,4.0,5.666666666666667,4.0,5.4,3.0,4.333333333333333,5.6,6.0,5.5,6.0,18.816666666666666,0,America/Chicago,1,1,1,0,0,69.405,103.885,115.388,272.411,221.313,165.749,0,1.0561888806009558
f6c5bdff-6ba7-4984-86e2-3d459bb154af,8WEYNNQP,HA3,HA,3,O1,True,completed,cloudresearch,1CB46B8947EA4078AC84B05BAFD27A86,False,True,,,959,96,2026-09-02T00:04:50.151Z,2026-09-02T00:24:28.957Z,0,0,0,34.0,CA,5.0,5.0,2.0,2.0,1.0,4.0,7.0,5.0,4.0,1.0,5.0,5.0,3.0,3.0,1.0,4.0,5.0,4.0,3.0,5.0,5.0,5.0,4.0,4.0,4.0,0.0,,7.0,1.0,6.0,7.0,5.0,6.0,6.0,7.0,3.0,2.0,4.0,1.0,4.0,2.0,3.0,1.0,2.0,3.0,,6.0,6.0,6.0,4.0,4.0,3.0,4.0,2.0,3.0,1.0,4.0,3.0,2.0,1.0,,5.0,,6.0,6.0,6.0,5.0,6.0,5.0,3.0,4.0,2.0,1.0,3.0,4.0,2.0,1.0,5.0,5.0,5.0,6.0,5.0,6.0,5.0,6.0,0.0,5.0,2.0,1.0,5.0,5.0,1.0,5.0,6.0,4.0,REL,ADV,COL,1.0,1,2.0,1,1,mobility,3.4,2.0,5.333333333333333,3.3333333333333335,5.2,6.0,5.555555555555555,4.4,4.25,5.5,5.0,15.983333333333333,0,America/Toronto,1,1,1,0,0,69.415,103.824,115.297,161.413,212.53,166.281,0,1.4602194554242742
3e635e6f-cfda-4f3f-a234-d29da3795ade,KDQH2HCK,HA1,HA,1,O3,True,completed,cloudresearch,BFB2A783C2A54EC989579B65729845C4,False,True,,,1091,96,2026-09-02T00:04:50.342Z,2026-09-02T00:24:46.664Z,0,0,0,51.0,CA,3.0,5.0,5.0,0.0,1.0,4.0,7.0,6.0,5.0,3.0,5.0,4.0,2.0,4.0,5.0,5.0,7.0,6.0,7.0,5.0,7.0,7.0,6.0,5.0,4.0,0.0,2.0,5.0,,6.0,7.0,6.0,4.0,6.0,5.0,1.0,3.0,2.0,4.0,2.0,1.0,3.0,4.0,,7.0,,6.0,7.0,5.0,7.0,7.0,7.0,1.0,3.0,2.0,4.0,1.0,3.0,2.0,4.0,,7.0,0.0,5.0,7.0,5.0,7.0,7.0,7.0,1.0,3.0,2.0,4.0,1.0,3.0,2.0,4.0,6.0,6.0,5.0,7.0,6.0,6.0,6.0,3.0,0.0,5.0,5.0,7.0,5.0,5.0,7.0,2.0,5.0,4.0,COL,REL,ADV,0.0,1,2.0,1,1,no mention,4.2,3.5,6.0,3.3333333333333335,4.4,2.25,3.4444444444444446,6.4,5.5,6.25,5.666666666666667,18.183333333333334,0,America/Toronto,1,1,1,0,0,69.334,103.874,115.366,321.572,189.092,177.301,0,1.3485566036116965
1c618aca-7f8a-4eb3-be6c-cbf56c4c0e4b,GZSWC5U3,H1,H,1,O2,True,completed,cloudresearch,26F2C0757BA642C284E838416595289F,False,True,,,759,90,2026-09-02T00:04:52.764Z,2026-09-02T00:18:04.114Z,0,0,0,40.0,US,4.0,5.0,3.0,1.0,1.0,2.0,7.0,7.0,6.0,2.0,1.0,1.0,2.0,2.0,1.0,2.0,7.0,6.0,5.0,5.0,6.0,6.0,5.0,6.0,6.0,0.0,,7.0,,7.0,7.0,7.0,6.0,6.0,6.0,,2.0,1.0,3.0,,1.0,2.0,3.0,,6.0,2.0,6.0,6.0,6.0,6.0,6.0,5.0,,1.0,2.0,3.0,,1.0,3.0,2.0,2.0,6.0,,6.0,5.0,7.0,3.0,4.0,4.0,,2.0,3.0,1.0,,2.0,3.0,1.0,6.0,6.0,6.0,6.0,4.0,4.0,5.0,2.0,0.0,6.0,2.0,4.0,7.0,6.0,5.0,5.0,6.0,2.0,ADV,COL,REL,2.0,1,2.0,1,1,no mention,3.9,1.75,5.333333333333333,5.333333333333333,6.0,4.75,5.444444444444445,5.8,5.75,4.75,6.0,12.65,0,America/New_York,1,1,1,0,0,69.307,103.762,115.314,194.805,179.713,125.296,0,1.679530411494784
70a83f04-10e2-4a84-9359-31eb80ea2e48,ZWQ5JGZA,A,A,,O5,True,completed,cloudresearch,63A8C1C834C44389A94F261AF7458EA3,False,True,,,794,87,2026-09-02T00:04:54.559Z,2026-09-02T00:19:04.740Z,0,0,0,51.0,US,5.0,3.0,5.0,4.0,1.0,4.0,6.0,6.0,4.0,4.0,1.0,3.0,2.0,4.0,2.0,6.0,6.0,4.0,4.0,4.0,6.0,4.0,4.0,4.0,4.0,0.0,2.0,1.0,,1.0,3.0,,2.0,2.0,2.0,1.0,,2.0,3.0,1.0,,2.0,3.0,,1.0,2.0,2.0,3.0,,2.0,2.0,2.0,1.0,,2.0,3.0,2.0,,3.0,1.0,,2.0,,1.0,5.0,,4.0,4.0,2.0,1.0,,3.0,2.0,2.0,,3.0,1.0,1.0,1.0,3.0,2.0,2.0,2.0,2.0,6.0,0.0,2.0,5.0,6.0,5.0,2.0,6.0,2.0,2.0,5.0,ADV,REL,COL,2.0,1,2.0,1,0,AI (no operator),4.6,3.0,6.0,5.333333333333333,2.6,2.5,2.5555555555555554,4.8,4.0,2.0,1.6666666666666667,13.233333333333333,0,America/New_York,1,1,1,0,0,69.387,103.86,115.334,198.782,124.211,182.091,0,1.5913601016438907
1494532b-9dd3-40aa-b8a4-0f67127e28b4,V8TSKGSF,HA3,HA,3,O6,True,completed,cloudresearch,6A1D11012F16401FAF598CEED3A73AAB,False,True,,,1904,96,2026-09-02T00:04:56.634Z,2026-09-02T00:37:07.132Z,0,0,0,46.0,US,3.0,5.0,4.0,0.0,0.0,1.0,7.0,6.0,5.0,2.0,2.0,4.0,1.0,1.0,1.0,2.0,4.0,4.0,5.0,6.0,6.0,7.0,4.0,4.0,4.0,0.0,,4.0,,6.0,5.0,6.0,6.0,5.0,7.0,2.0,1.0,3.0,4.0,2.0,1.0,3.0,4.0,2.0,4.0,,5.0,5.0,6.0,5.0,5.0,7.0,2.0,1.0,3.0,4.0,1.0,2.0,3.0,4.0,,6.0,3.0,5.0,7.0,5.0,7.0,5.0,7.0,2.0,1.0,3.0,4.0,2.0,1.0,3.0,4.0,5.0,5.0,5.0,6.0,5.0,6.0,6.0,6.0,0.0,6.0,2.0,4.0,7.0,7.0,1.0,4.0,7.0,5.0,COL,ADV,REL,3.0,0,2.0,1,1,mobility,3.3,1.25,5.0,4.333333333333333,6.2,5.0,5.666666666666667,5.0,4.75,5.75,5.0,31.733333333333334,1,America/New_York,1,1,1,0,0,69.919,104.278,137.003,1229.476,205.118,142.208,0,1.6536806771256003
4a4b96bf-d63f-4bec-860f-b9e88fc2ab56,D7HA3SH5,H2,H,2,O2,True,completed,cloudresearch,90C42AE7152A405497D06ACF0C1C4AD1,False,True,,,1640,90,2026-09-02T00:04:57.138Z,2026-09-02T00:32:59.681Z,0,0,0,32.0,US,5.0,4.0,2.0,3.0,1.0,0.0,2.0,2.0,6.0,2.0,5.0,5.0,4.0,3.0,3.0,2.0,3.0,6.0,6.0,5.0,6.0,6.0,6.0,6.0,6.0,0.0,,6.0,,7.0,7.0,7.0,6.0,7.0,7.0,,3.0,2.0,1.0,,2.0,1.0,3.0,,7.0,2.0,7.0,7.0,3.0,7.0,7.0,7.0,,2.0,3.0,1.0,,1.0,3.0,2.0,2.0,7.0,,6.0,6.0,6.0,7.0,6.0,6.0,,1.0,2.0,3.0,,1.0,3.0,2.0,7.0,7.0,7.0,7.0,7.0,7.0,7.0,5.0,0.0,6.0,3.0,2.0,5.0,6.0,2.0,6.0,6.0,2.0,ADV,COL,REL,2.0,1,2.0,1,1,intellectual,2.6,3.0,2.0,2.6666666666666665,5.8,5.75,5.777777777777778,5.2,6.0,7.0,7.0,27.333333333333332,0,America/New_York,1,1,1,0,0,69.37,103.737,164.19,258.736,548.3,144.311,0,1.7789863198595848
d02ab038-37e6-4d2a-a962-773727238a8a,KJWJRQY8,H2,H,2,O6,True,completed,cloudresearch,A405BAC515184C4FA6A2EE028D3441BE,False,True,,,872,90,2026-09-02T00:04:59.292Z,2026-09-02T00:19:55.699Z,0,0,0,42.0,CA,2.0,5.0,2.0,1.0,0.0,4.0,3.0,5.0,5.0,3.0,5.0,6.0,2.0,3.0,1.0,5.0,6.0,5.0,4.0,4.0,6.0,5.0,5.0,6.0,6.0,0.0,,6.0,,6.0,6.0,6.0,6.0,6.0,7.0,,1.0,2.0,3.0,,1.0,2.0,3.0,2.0,5.0,,5.0,6.0,5.0,7.0,6.0,7.0,,1.0,2.0,3.0,,1.0,2.0,3.0,,4.0,3.0,5.0,5.0,4.0,5.0,4.0,7.0,,1.0,2.0,3.0,,1.0,2.0,3.0,7.0,7.0,7.0,7.0,7.0,7.0,7.0,5.0,0.0,6.0,2.0,4.0,4.0,5.0,2.0,6.0,6.0,2.0,COL,ADV,REL,3.0,0,2.0,1,1,intellectual,3.0,2.25,4.333333333333333,2.6666666666666665,5.4,5.5,5.444444444444445,5.0,5.5,7.0,7.0,14.533333333333333,0,America/Halifax,1,1,1,0,0,127.989,104.04,128.113,190.84,166.16,167.39,0,1.5401579448659668
d6cd762e-92d2-4e2e-944c-8f9120c5563f,7PEFBYMR,H1,H,1,O4,True,completed,cloudresearch,C331B3B8AC514FDB84614B481A1E6D60,False,True,,,740,90,2026-09-02T00:05:02.243Z,2026-09-02T00:17:47.500Z,0,0,0,47.0,US,5.0,4.0,5.0,0.0,0.0,5.0,3.0,4.0,5.0,1.0,7.0,3.0,1.0,1.0,1.0,4.0,7.0,7.0,6.0,7.0,7.0,7.0,7.0,7.0,7.0,0.0,,6.0,1.0,6.0,7.0,7.0,7.0,7.0,7.0,,1.0,2.0,3.0,,1.0,2.0,3.0,,7.0,,7.0,7.0,7.0,7.0,7.0,7.0,,1.0,2.0,3.0,,1.0,2.0,3.0,2.0,7.0,,6.0,6.0,7.0,7.0,7.0,7.0,,1.0,2.0,3.0,,1.0,2.0,3.0,5.0,5.0,5.0,7.0,7.0,7.0,7.0,7.0,0.0,6.0,2.0,5.0,5.0,5.0,6.0,5.0,5.0,4.0,REL,COL,ADV,1.0,1,2.0,1,1,no mention,2.4,1.0,3.6666666666666665,3.0,5.2,3.75,4.555555555555555,6.8,7.0,7.0,5.0,12.333333333333334,0,America/Denver,1,1,1,0,0,74.95,104.003,115.505,191.456,167.084,142.044,1,1.8825485214974986
76d6c310-7118-4164-b433-38560deda0f5,JN4RDRSG,H3,H,3,O1,True,completed,cloudresearch,7DDFDF552B484377BF265A91CCD1C5E3,False,True,,,1181,90,2026-09-02T00:05:03.633Z,2026-09-02T00:25:30.590Z,0,0,0,65.0,US,2.0,4.0,3.0,0.0,0.0,1.0,6.0,6.0,5.0,5.0,3.0,2.0,1.0,5.0,5.0,5.0,6.0,5.0,5.0,4.0,5.0,4.0,4.0,4.0,5.0,0.0,,6.0,1.0,6.0,6.0,6.0,5.0,6.0,2.0,,1.0,2.0,3.0,,1.0,2.0,3.0,2.0,6.0,,6.0,6.0,6.0,6.0,6.0,3.0,,2.0,3.0,1.0,,1.0,3.0,2.0,,5.0,,6.0,5.0,6.0,4.0,4.0,2.0,,1.0,2.0,3.0,,2.0,3.0,1.0,4.0,4.0,5.0,6.0,5.0,5.0,5.0,2.0,0.0,5.0,3.0,4.0,6.0,6.0,5.0,6.0,4.0,5.0,REL,ADV,COL,1.0,1,2.0,1,1,mobility,4.7,4.0,5.666666666666667,4.666666666666667,5.4,3.75,4.666666666666667,5.0,4.25,5.25,4.333333333333333,19.683333333333334,0,America/New_York,1,1,1,0,0,179.299,152.827,127.67,224.598,262.327,311.538,0,1.1499962309602043
a7617287-8483-4103-9088-c9585d6326bc,SFGNAAAS,H1,H,1,O1,True,completed,cloudresearch,CD73943BC63040AC9182FBC0C2DD7D2C,False,True,,,988,90,2026-09-02T00:05:05.104Z,2026-09-02T00:22:21.626Z,0,0,0,30.0,US,4.0,5.0,5.0,5.0,0.0,2.0,1.0,1.0,7.0,1.0,7.0,7.0,1.0,1.0,1.0,1.0,6.0,6.0,3.0,6.0,6.0,6.0,7.0,7.0,7.0,0.0,,5.0,1.0,6.0,6.0,6.0,5.0,5.0,5.0,,1.0,2.0,3.0,,1.0,2.0,3.0,2.0,7.0,,7.0,7.0,7.0,7.0,7.0,7.0,,1.0,2.0,3.0,,1.0,2.0,3.0,,7.0,,7.0,7.0,7.0,7.0,7.0,7.0,,1.0,2.0,3.0,,1.0,2.0,3.0,7.0,7.0,7.0,7.0,7.0,7.0,7.0,7.0,1.0,7.0,1.0,1.0,7.0,7.0,1.0,7.0,7.0,1.0,REL,ADV,COL,1.0,1,2.0,1,1,no mention,1.0,1.0,1.0,1.0,7.0,7.0,7.0,5.4,6.75,7.0,7.0,16.466666666666665,0,America/New_York,1,1,1,0,0,69.357,103.839,115.269,407.4,160.518,161.476,2,2.4491797517443645
35d63674-c43c-46f8-8ab3-4c8e01f8d340,HUGCZJKM,HA2,HA,2,O4,True,completed,cloudresearch,B64B9DDB93314350916ADEA989639703,False,True,,,804,96,2026-09-02T00:05:06.250Z,2026-09-02T00:19:13.840Z,0,0,0,22.0,US,4.0,5.0,3.0,2.0,0.0,5.0,3.0,4.0,7.0,1.0,5.0,6.0,2.0,4.0,2.0,2.0,6.0,6.0,3.0,4.0,6.0,6.0,5.0,6.0,5.0,0.0,,3.0,1.0,6.0,5.0,4.0,6.0,5.0,5.0,2.0,1.0,3.0,4.0,3.0,2.0,4.0,1.0,,6.0,,5.0,5.0,4.0,5.0,6.0,6.0,3.0,1.0,2.0,4.0,3.0,2.0,4.0,1.0,2.0,3.0,,6.0,6.0,4.0,6.0,5.0,5.0,2.0,1.0,3.0,4.0,3.0,4.0,2.0,1.0,5.0,5.0,6.0,5.0,6.0,5.0,6.0,5.0,0.0,7.0,1.0,3.0,7.0,7.0,1.0,7.0,6.0,3.0,REL,COL,ADV,1.0,1,2.0,1,1,intellectual,2.4,2.25,3.0,2.0,6.8,6.0,6.444444444444445,5.0,5.5,5.5,5.333333333333333,13.4,0,America/New_York,1,1,1,0,0,69.326,103.766,115.235,198.173,194.39,169.451,0,1.621574012548127
eceec80d-adb9-4b18-9092-c0caaf238939,WQRF4656,H2,H,2,O4,True,completed,cloudresearch,39F516D2FE80412BABF4A7A0DE1C4580,False,True,,,1611,90,2026-09-02T00:05:06.392Z,2026-09-02T00:32:14.069Z,0,0,0,34.0,US,2.0,3.0,1.0,3.0,1.0,0.0,6.0,6.0,4.0,4.0,2.0,2.0,4.0,2.0,4.0,4.0,6.0,6.0,6.0,6.0,7.0,7.0,6.0,6.0,6.0,0.0,,7.0,1.0,6.0,6.0,6.0,6.0,6.0,6.0,,1.0,2.0,3.0,,1.0,2.0,3.0,,6.0,,6.0,7.0,7.0,6.0,7.0,6.0,,1.0,2.0,3.0,,1.0,2.0,3.0,2.0,5.0,,6.0,6.0,7.0,6.0,6.0,5.0,,1.0,2.0,3.0,,1.0,2.0,3.0,4.0,4.0,4.0,5.0,5.0,5.0,6.0,5.0,0.0,4.0,5.0,6.0,4.0,4.0,2.0,4.0,4.0,3.0,REL,COL,ADV,1.0,1,2.0,1,1,intellectual,4.6,3.5,5.333333333333333,5.333333333333333,4.0,4.0,4.0,6.2,6.25,5.25,4.0,26.85,0,America/New_York,1,1,1,0,0,69.391,103.831,115.273,140.08,172.533,130.245,0,1.316328937023626
17db936e-b072-4dce-a4b8-d504175735eb,A4UNBPF7,A,A,,O6,True,completed,cloudresearch,5D4151DCF1AA47659871F6ADDFA297E8,False,True,,,549,87,2026-09-02T00:05:07.315Z,2026-09-02T00:14:29.532Z,0,0,0,24.0,US,4.0,5.0,1.0,3.0,0.0,3.0,5.0,3.0,5.0,2.0,4.0,3.0,1.0,5.0,3.0,3.0,7.0,7.0,7.0,7.0,7.0,7.0,7.0,7.0,7.0,0.0,,6.0,,4.0,3.0,,5.0,3.0,2.0,2.0,,1.0,3.0,1.0,,3.0,2.0,2.0,5.0,,4.0,3.0,,5.0,4.0,6.0,2.0,,1.0,3.0,1.0,,3.0,2.0,,4.0,0.0,5.0,7.0,,6.0,5.0,4.0,2.0,,3.0,1.0,3.0,,2.0,1.0,6.0,7.0,5.0,5.0,6.0,6.0,5.0,6.0,1.0,7.0,2.0,5.0,3.0,3.0,2.0,6.0,4.0,4.0,COL,ADV,REL,0.0,1,2.0,1,0,AI (no operator),3.4,2.75,3.6666666666666665,4.0,4.6,4.75,4.666666666666667,7.0,7.0,5.5,6.0,9.15,0,America/New_York,1,1,1,0,0,70.139,104.164,116.044,196.187,131.082,93.518,0,1.63530951608675
36136b43-8a38-4b95-8834-0bd8b77e929b,5EDERGNC,HA2,HA,2,O2,True,completed,cloudresearch,1478A836F5A643DB888B2C60047FB4E2,False,True,,,885,96,2026-09-02T00:05:09.025Z,2026-09-02T00:20:15.533Z,0,0,0,45.0,US,2.0,4.0,2.0,1.0,1.0,4.0,2.0,5.0,7.0,1.0,7.0,7.0,2.0,5.0,1.0,5.0,6.0,6.0,5.0,7.0,7.0,7.0,7.0,6.0,6.0,0.0,,7.0,,7.0,7.0,7.0,7.0,7.0,7.0,3.0,4.0,2.0,1.0,3.0,4.0,2.0,1.0,,7.0,2.0,7.0,7.0,7.0,7.0,7.0,7.0,3.0,4.0,2.0,1.0,3.0,4.0,2.0,1.0,2.0,7.0,,7.0,7.0,7.0,7.0,7.0,7.0,3.0,4.0,2.0,1.0,3.0,4.0,2.0,1.0,7.0,7.0,7.0,7.0,7.0,7.0,7.0,6.0,0.0,7.0,1.0,2.0,7.0,7.0,2.0,7.0,7.0,5.0,ADV,COL,REL,2.0,1,2.0,1,1,intellectual,2.4,2.25,4.0,1.0,7.0,5.5,6.333333333333333,6.2,6.5,7.0,7.0,14.75,0,America/Los_Angeles,1,1,1,0,0,69.416,104.286,116.238,251.071,209.973,127.421,3,1.918727776998405
afe6a0f8-a255-4c1c-bc37-4559eb17d0c8,YA8TR36Z,HA1,HA,1,O5,True,completed,cloudresearch,9B51742216874E27A4816AA0F2C47166,False,True,,,1216,96,2026-09-02T00:05:09.674Z,2026-09-02T00:35:33.012Z,0,0,0,38.0,CA,4.0,4.0,2.0,1.0,1.0,6.0,2.0,3.0,5.0,3.0,5.0,5.0,2.0,3.0,3.0,3.0,4.0,3.0,3.0,4.0,4.0,5.0,4.0,4.0,4.0,0.0,2.0,5.0,,5.0,5.0,5.0,5.0,5.0,5.0,3.0,1.0,2.0,4.0,3.0,1.0,2.0,4.0,,6.0,2.0,6.0,6.0,6.0,5.0,5.0,6.0,4.0,2.0,3.0,1.0,4.0,2.0,3.0,1.0,,5.0,,6.0,6.0,6.0,5.0,5.0,5.0,4.0,2.0,3.0,1.0,4.0,2.0,3.0,1.0,4.0,4.0,4.0,5.0,4.0,3.0,3.0,2.0,0.0,5.0,2.0,3.0,5.0,5.0,3.0,4.0,5.0,3.0,ADV,REL,COL,2.0,1,2.0,1,1,no mention,2.8,2.75,2.6666666666666665,3.0,4.8,5.25,5.0,3.6,4.25,3.75,4.0,20.266666666666666,0,America/Toronto,1,1,1,0,0,142.216,212.754,115.35,573.482,154.673,168.441,1,1.1180565750669795
8ee7ff58-a7bc-497f-9f68-edde8dd8d0fb,Y8YD3T6A,HA3,HA,3,O2,True,completed,cloudresearch,D5B9D5954EC04F0A8409DADEDB66DF08,False,True,,,728,96,2026-09-02T00:05:11.416Z,2026-09-02T00:17:58.525Z,0,0,0,38.0,US,1.0,5.0,1.0,0.0,1.0,1.0,1.0,1.0,5.0,1.0,7.0,5.0,1.0,1.0,1.0,1.0,7.0,4.0,3.0,3.0,4.0,5.0,4.0,4.0,5.0,0.0,,7.0,,7.0,7.0,1.0,7.0,7.0,7.0,1.0,3.0,2.0,4.0,1.0,3.0,2.0,4.0,,7.0,2.0,5.0,7.0,4.0,7.0,7.0,7.0,2.0,3.0,1.0,4.0,2.0,3.0,1.0,4.0,2.0,5.0,,5.0,7.0,4.0,7.0,7.0,7.0,1.0,3.0,2.0,4.0,2.0,3.0,1.0,4.0,7.0,7.0,7.0,7.0,7.0,7.0,7.0,6.0,0.0,7.0,5.0,1.0,7.0,7.0,1.0,7.0,7.0,1.0,ADV,COL,REL,2.0,1,2.0,1,1,mobility,1.4,1.0,1.0,2.3333333333333335,7.0,6.0,6.555555555555555,4.2,4.5,7.0,7.0,12.133333333333333,1,America/New_York,1,1,1,0,0,69.555,104.011,115.483,183.98,191.263,130.914,0,2.3812574312993338
c5b1e737-1b78-4969-af33-fea6b742817f,D4XYFMGF,H2,H,2,O5,True,completed,cloudresearch,06D0A0B7823B4E6BBFEFA270E8EEB2F7,False,True,,,1059,90,2026-09-02T00:05:12.092Z,2026-09-02T00:23:04.912Z,0,0,0,34.0,US,4.0,5.0,3.0,3.0,1.0,3.0,3.0,5.0,7.0,1.0,5.0,4.0,1.0,2.0,1.0,3.0,5.0,2.0,3.0,2.0,4.0,7.0,7.0,6.0,6.0,0.0,2.0,6.0,,6.0,5.0,7.0,5.0,4.0,7.0,,2.0,3.0,1.0,,1.0,3.0,2.0,,5.0,2.0,6.0,6.0,7.0,6.0,6.0,7.0,,1.0,2.0,3.0,,2.0,3.0,1.0,,5.0,,5.0,7.0,7.0,5.0,7.0,7.0,,1.0,3.0,2.0,,2.0,3.0,1.0,6.0,6.0,5.0,6.0,7.0,7.0,7.0,5.0,0.0,5.0,2.0,4.0,7.0,5.0,2.0,6.0,5.0,4.0,ADV,REL,COL,2.0,1,2.0,1,1,intellectual,2.4,1.25,3.6666666666666665,2.6666666666666665,5.6,5.0,5.333333333333333,3.2,6.5,6.75,5.666666666666667,17.65,0,America/Phoenix,1,1,1,0,0,69.378,246.482,126.31,253.465,123.345,157.096,0,1.8231732987928015
6240cbf7-49c2-4c42-add9-12120fbeded9,PG953CJ6,HA1,HA,1,O4,True,completed,cloudresearch,5CCD4467409341B396EF907941BEC6CB,False,True,,,1091,96,2026-09-02T00:05:14.974Z,2026-09-02T00:24:45.790Z,0,0,0,56.0,US,3.0,5.0,3.0,0.0,1.0,4.0,5.0,4.0,3.0,2.0,5.0,3.0,1.0,2.0,3.0,2.0,7.0,7.0,7.0,7.0,7.0,4.0,4.0,4.0,4.0,0.0,,7.0,1.0,6.0,6.0,6.0,5.0,5.0,7.0,2.0,1.0,3.0,4.0,2.0,1.0,3.0,4.0,,6.0,,6.0,6.0,6.0,5.0,6.0,7.0,2.0,1.0,3.0,4.0,2.0,1.0,3.0,4.0,2.0,7.0,,6.0,6.0,6.0,6.0,6.0,7.0,2.0,1.0,3.0,4.0,2.0,1.0,3.0,4.0,7.0,6.0,6.0,7.0,6.0,6.0,6.0,6.0,0.0,6.0,2.0,2.0,6.0,5.0,2.0,6.0,6.0,2.0,REL,COL,ADV,1.0,1,2.0,1,1,no mention,3.2,2.0,3.6666666666666665,4.333333333333333,5.8,6.0,5.888888888888889,7.0,4.0,6.25,6.333333333333333,18.183333333333334,0,America/Chicago,1,1,1,0,0,69.317,103.799,115.261,184.102,195.538,176.949,0,1.6962234089168318
83443f10-b343-4799-b417-33540c4c6f7a,7FXZXQ9Z,HA3,HA,3,O3,True,completed,cloudresearch,8CC8019EEC3D40DCBAECE2FB2A930CC2,False,True,,,1229,96,2026-09-02T00:05:15.987Z,2026-09-02T00:26:12.089Z,0,0,0,53.0,US,3.0,5.0,2.0,0.0,1.0,5.0,4.0,5.0,4.0,2.0,1.0,2.0,2.0,2.0,2.0,4.0,6.0,6.0,6.0,6.0,6.0,4.0,4.0,4.0,4.0,0.0,2.0,2.0,,6.0,5.0,3.0,4.0,2.0,2.0,1.0,3.0,2.0,4.0,1.0,2.0,3.0,4.0,,5.0,,5.0,4.0,2.0,5.0,6.0,4.0,1.0,2.0,3.0,4.0,1.0,2.0,3.0,4.0,,3.0,0.0,6.0,6.0,6.0,5.0,5.0,5.0,4.0,2.0,3.0,1.0,4.0,3.0,1.0,2.0,4.0,3.0,3.0,5.0,5.0,6.0,6.0,5.0,0.0,5.0,2.0,2.0,6.0,5.0,4.0,5.0,4.0,2.0,COL,REL,ADV,0.0,1,2.0,1,1,mobility,3.8,2.0,4.333333333333333,5.666666666666667,5.0,5.5,5.222222222222222,6.0,4.0,5.5,3.3333333333333335,20.483333333333334,0,America/New_York,1,1,1,0,0,69.398,103.593,115.342,321.417,222.06,229.007,0,1.4631395784412737
16ccb80e-a010-45c5-bd58-4bbdf0219048,PB7TB9FR,H2,H,2,O3,True,completed,cloudresearch,4729E2700FCC4F9BA5BB12C14CD1850C,False,True,,,1342,90,2026-09-02T00:05:16.640Z,2026-09-02T00:28:12.692Z,0,0,0,38.0,US,4.0,4.0,4.0,3.0,1.0,2.0,5.0,5.0,5.0,3.0,5.0,3.0,4.0,3.0,4.0,4.0,5.0,6.0,4.0,5.0,5.0,5.0,5.0,5.0,5.0,0.0,2.0,5.0,,5.0,5.0,5.0,5.0,5.0,5.0,,1.0,2.0,3.0,,1.0,2.0,3.0,,5.0,,5.0,5.0,5.0,5.0,5.0,5.0,,1.0,2.0,3.0,,1.0,2.0,3.0,,5.0,0.0,4.0,5.0,4.0,5.0,5.0,5.0,,1.0,2.0,3.0,,1.0,2.0,3.0,5.0,5.0,5.0,5.0,5.0,5.0,5.0,5.0,0.0,5.0,3.0,3.0,5.0,5.0,3.0,4.0,5.0,4.0,COL,REL,ADV,0.0,1,2.0,1,1,intellectual,3.9,3.5,4.666666666666667,3.6666666666666665,4.8,4.75,4.777777777777778,5.0,5.0,5.0,5.0,22.366666666666667,0,America/Chicago,1,1,1,0,0,69.435,103.825,115.311,279.379,139.487,148.318,2,0.6736094772136269
84ff0a36-c23d-44ed-aaa0-c88fb0a061aa,QPGB228S,H1,H,1,O3,True,completed,cloudresearch,ECAFB78C800A4CEDB49352BCB30BA6DC,False,True,,,1038,90,2026-09-02T00:05:18.429Z,2026-09-02T00:23:55.150Z,0,0,0,21.0,US,4.0,5.0,4.0,5.0,0.0,3.0,6.0,5.0,6.0,3.0,6.0,7.0,1.0,4.0,6.0,2.0,3.0,6.0,5.0,1.0,7.0,6.0,7.0,3.0,5.0,0.0,2.0,7.0,,7.0,4.0,6.0,5.0,6.0,4.0,,1.0,2.0,3.0,,1.0,2.0,3.0,,5.0,,3.0,5.0,7.0,5.0,6.0,7.0,,2.0,1.0,3.0,,2.0,1.0,3.0,,3.0,0.0,6.0,5.0,7.0,6.0,7.0,5.0,,3.0,2.0,1.0,,3.0,2.0,1.0,6.0,3.0,6.0,6.0,2.0,6.0,5.0,6.0,0.0,7.0,2.0,1.0,7.0,6.0,1.0,6.0,7.0,5.0,COL,REL,ADV,0.0,1,2.0,1,1,no mention,3.2,3.5,4.333333333333333,1.6666666666666667,6.6,5.75,6.222222222222222,4.4,5.25,4.75,5.0,17.3,0,America/New_York,1,1,1,0,0,80.499,103.791,186.864,303.375,131.975,177.695,0,1.762322836863055
bc63571c-d01c-49a7-8820-8264a3181a5b,EQ92MPC6,A,A,,O1,True,completed,cloudresearch,E166C90AAC9945F7A678774BA7F3DAFF,False,True,,,820,87,2026-09-02T00:05:19.578Z,2026-09-02T00:19:32.059Z,0,0,0,62.0,US,3.0,4.0,5.0,0.0,1.0,0.0,6.0,6.0,3.0,4.0,1.0,1.0,4.0,4.0,3.0,4.0,5.0,4.0,5.0,4.0,5.0,5.0,5.0,5.0,5.0,0.0,,5.0,1.0,5.0,5.0,,6.0,5.0,4.0,1.0,,2.0,3.0,1.0,,2.0,3.0,2.0,5.0,,5.0,5.0,,5.0,5.0,4.0,3.0,,1.0,2.0,3.0,,1.0,2.0,,5.0,,5.0,5.0,,5.0,6.0,4.0,2.0,,1.0,3.0,2.0,,1.0,3.0,4.0,4.0,4.0,5.0,2.0,2.0,2.0,3.0,0.0,5.0,2.0,3.0,5.0,4.0,3.0,4.0,1.0,1.0,REL,ADV,COL,1.0,1,2.0,1,0,AI (no operator),5.0,3.75,5.333333333333333,6.333333333333333,3.8,5.75,4.666666666666667,4.6,5.0,2.75,4.0,13.666666666666666,1,America/Denver,1,1,1,0,0,69.628,104.1,182.988,149.05,175.568,226.374,0,1.3013970148905225
c9175693-aa12-4011-b1fb-7fff89a1371e,623UEN5R,H1,H,1,O6,True,completed,cloudresearch,F86A11484A2B4FD1A0C75F211240F6B6,False,True,,,726,90,2026-09-02T00:05:23.644Z,2026-09-02T00:18:10.117Z,0,0,0,23.0,CA,2.0,5.0,1.0,0.0,0.0,1.0,2.0,4.0,6.0,2.0,7.0,6.0,6.0,2.0,2.0,5.0,5.0,5.0,4.0,4.0,4.0,5.0,5.0,5.0,5.0,0.0,,7.0,,7.0,7.0,7.0,7.0,7.0,7.0,,1.0,2.0,3.0,,1.0,2.0,3.0,2.0,7.0,,7.0,7.0,7.0,7.0,7.0,7.0,,3.0,1.0,2.0,,2.0,1.0,3.0,,6.0,0.0,7.0,7.0,7.0,7.0,7.0,7.0,,2.0,1.0,3.0,,1.0,2.0,3.0,7.0,6.0,7.0,7.0,7.0,7.0,6.0,7.0,0.0,7.0,2.0,4.0,6.0,6.0,1.0,6.0,6.0,3.0,COL,ADV,REL,0.0,1,2.0,1,1,no mention,2.8,3.0,3.6666666666666665,1.6666666666666667,6.2,5.5,5.888888888888889,4.4,5.0,6.75,6.666666666666667,12.1,0,America/Toronto,1,1,1,0,0,69.372,103.836,115.274,161.606,169.827,117.142,2,1.7434044212869693
5be4985a-778e-4020-b41e-0908fa399bb0,PU5CSNBE,H3,H,3,O2,True,completed,cloudresearch,EF8ADA1DD96D45ECB81A2E6825203E68,False,True,,,1079,90,2026-09-02T00:05:26.716Z,2026-09-02T00:26:22.572Z,0,0,0,29.0,US,1.0,5.0,5.0,1.0,0.0,1.0,2.0,3.0,7.0,1.0,6.0,4.0,1.0,1.0,1.0,2.0,6.0,3.0,3.0,5.0,6.0,5.0,6.0,6.0,7.0,0.0,,7.0,,7.0,6.0,7.0,6.0,6.0,7.0,,1.0,2.0,3.0,,1.0,3.0,2.0,,7.0,2.0,7.0,6.0,7.0,6.0,6.0,7.0,,2.0,3.0,1.0,,1.0,3.0,2.0,2.0,6.0,,6.0,7.0,7.0,6.0,7.0,7.0,,1.0,3.0,2.0,,1.0,3.0,2.0,6.0,7.0,7.0,6.0,6.0,7.0,7.0,7.0,0.0,7.0,1.0,2.0,7.0,7.0,1.0,7.0,7.0,1.0,ADV,COL,REL,2.0,1,2.0,1,1,mobility,1.8,1.0,2.3333333333333335,2.3333333333333335,7.0,6.75,6.888888888888889,4.6,6.0,6.5,6.666666666666667,17.983333333333334,0,America/Los_Angeles,1,1,1,0,0,69.516,108.443,116.08,264.965,237.895,145.875,0,2.1829931155778834
277e94b6-5317-4bfd-b54e-6f1bdd825a38,R36ETDT9,A,A,,O4,True,completed,cloudresearch,704A166028BA4C3EAAB0715FE2D230FD,False,True,,,1596,87,2026-09-02T00:05:28.545Z,2026-09-02T00:32:49.827Z,0,0,0,37.0,US,4.0,0.0,2.0,2.0,1.0,4.0,7.0,7.0,4.0,4.0,6.0,4.0,2.0,4.0,2.0,4.0,4.0,4.0,2.0,4.0,4.0,4.0,4.0,4.0,4.0,0.0,,1.0,1.0,2.0,2.0,,2.0,2.0,1.0,1.0,,2.0,3.0,1.0,,2.0,3.0,,1.0,,3.0,4.0,,4.0,4.0,1.0,2.0,,3.0,1.0,1.0,,2.0,3.0,2.0,1.0,,2.0,4.0,,4.0,4.0,1.0,1.0,,3.0,2.0,1.0,,2.0,3.0,1.0,1.0,1.0,1.0,1.0,1.0,1.0,5.0,1.0,1.0,7.0,7.0,7.0,2.0,7.0,1.0,1.0,4.0,REL,COL,ADV,1.0,1,2.0,1,0,AI (no operator),4.0,3.0,6.0,3.3333333333333335,2.4,1.75,2.111111111111111,3.6,4.0,1.0,1.0,26.6,0,America/Los_Angeles,1,1,1,0,0,76.277,110.02,121.388,198.689,486.662,348.859,0,1.8676958763998608
c0d53eea-4ba7-421e-ba75-3175f2f742f5,GN6TRV9J,H3,H,3,O4,True,completed,cloudresearch,9C4D05C5283344AE9CE9E221756A1A18,False,True,,,987,90,2026-09-02T00:05:31.385Z,2026-09-02T00:22:51.363Z,0,0,0,37.0,US,4.0,5.0,3.0,1.0,0.0,1.0,5.0,6.0,4.0,5.0,5.0,3.0,3.0,4.0,3.0,5.0,4.0,3.0,4.0,4.0,5.0,4.0,5.0,4.0,4.0,0.0,,5.0,1.0,7.0,6.0,5.0,6.0,6.0,7.0,,3.0,1.0,2.0,,3.0,1.0,2.0,,5.0,,6.0,5.0,5.0,6.0,7.0,7.0,,3.0,2.0,1.0,,2.0,1.0,3.0,2.0,6.0,,6.0,7.0,6.0,6.0,7.0,7.0,,2.0,1.0,3.0,,2.0,1.0,3.0,6.0,7.0,6.0,6.0,5.0,5.0,6.0,6.0,0.0,5.0,3.0,4.0,5.0,5.0,5.0,5.0,4.0,3.0,REL,COL,ADV,1.0,1,2.0,1,1,mobility,4.3,3.75,5.333333333333333,4.0,4.8,4.25,4.555555555555555,4.0,4.25,5.5,6.333333333333333,16.45,0,America/Chicago,1,1,1,0,0,69.8,104.007,115.326,182.06,235.548,192.983,0,1.1501410478886314
b16ae556-fc47-47bd-b0e9-69331c7f0f52,8RZPD6QV,H3,H,3,O5,True,completed,cloudresearch,02ED0CB0507F4979AF1DDC91579920B2,False,True,,,1405,89,2026-09-02T00:05:33.778Z,2026-09-02T00:29:07.304Z,0,0,0,,US,2.0,5.0,3.0,1.0,0.0,2.0,2.0,5.0,6.0,2.0,4.0,4.0,6.0,2.0,2.0,6.0,3.0,2.0,2.0,2.0,4.0,6.0,4.0,4.0,4.0,0.0,2.0,3.0,,2.0,4.0,5.0,3.0,3.0,6.0,,2.0,3.0,1.0,,2.0,3.0,1.0,,3.0,2.0,2.0,5.0,3.0,6.0,6.0,6.0,,2.0,3.0,1.0,,2.0,3.0,1.0,,2.0,,2.0,4.0,6.0,3.0,7.0,6.0,,2.0,3.0,1.0,,2.0,3.0,1.0,4.0,4.0,4.0,6.0,4.0,5.0,4.0,3.0,0.0,5.0,2.0,4.0,6.0,5.0,1.0,4.0,4.0,2.0,ADV,REL,COL,2.0,1,2.0,1,1,mobility,3.5,3.0,4.333333333333333,3.3333333333333335,4.8,5.75,5.222222222222222,2.6,4.5,4.75,4.0,23.416666666666668,1,Asia/Manila,1,1,1,0,0,210.717,103.987,115.325,259.025,484.874,209.043,0,1.4603470442980693
13a81a41-9d01-4668-9c0b-8a6773f5d2ea,T4ZV9KP3,H3,H,3,O6,True,completed,cloudresearch,3DC29FF3954648D79B5CDA56B05FD4B1,False,True,,,580,90,2026-09-02T00:05:34.671Z,2026-09-02T00:15:28.487Z,0,0,0,23.0,CA,4.0,5.0,1.0,1.0,0.0,2.0,5.0,7.0,3.0,4.0,3.0,3.0,2.0,5.0,4.0,7.0,6.0,5.0,4.0,4.0,5.0,5.0,6.0,5.0,6.0,0.0,,3.0,,4.0,5.0,5.0,4.0,4.0,3.0,,1.0,2.0,3.0,,1.0,2.0,3.0,2.0,5.0,,5.0,6.0,5.0,5.0,5.0,4.0,,1.0,2.0,3.0,,1.0,2.0,3.0,,4.0,0.0,5.0,6.0,6.0,5.0,6.0,4.0,,1.0,2.0,3.0,,1.0,2.0,3.0,2.0,2.0,2.0,3.0,3.0,3.0,3.0,3.0,0.0,6.0,3.0,3.0,5.0,5.0,3.0,4.0,5.0,4.0,COL,ADV,REL,0.0,1,2.0,1,1,mobility,4.9,3.75,6.333333333333333,5.0,5.0,4.75,4.888888888888889,4.8,5.5,3.0,2.0,9.666666666666666,1,America/Toronto,1,1,1,0,0,69.66,104.039,115.56,173.393,156.399,104.372,0,1.252453895695268
02b04b0b-078b-4ed1-a487-cb0e90826b19,NYB66874,HA1,HA,1,O1,True,completed,cloudresearch,39A160973BD44836B052394EEBC3898C,False,True,,,773,96,2026-09-02T00:05:35.735Z,2026-09-02T00:18:36.486Z,0,0,0,48.0,US,5.0,5.0,2.0,0.0,1.0,5.0,7.0,7.0,5.0,4.0,5.0,3.0,3.0,5.0,4.0,5.0,6.0,6.0,4.0,5.0,6.0,5.0,6.0,6.0,6.0,0.0,,5.0,1.0,6.0,6.0,6.0,7.0,5.0,6.0,2.0,1.0,3.0,4.0,1.0,2.0,4.0,3.0,2.0,6.0,,6.0,6.0,6.0,6.0,6.0,5.0,2.0,1.0,3.0,4.0,2.0,1.0,4.0,3.0,,7.0,,7.0,7.0,7.0,6.0,7.0,6.0,1.0,2.0,4.0,3.0,3.0,2.0,4.0,1.0,6.0,6.0,6.0,6.0,6.0,7.0,7.0,5.0,0.0,7.0,2.0,3.0,6.0,7.0,2.0,5.0,7.0,2.0,REL,ADV,COL,1.0,1,2.0,1,1,no mention,4.6,4.0,6.333333333333333,3.6666666666666665,6.4,5.75,6.111111111111111,5.4,5.75,6.5,6.0,12.883333333333333,0,America/New_York,1,1,1,0,0,69.605,104.075,121.774,189.08,195.88,174.667,0,1.2877269016480692
a2ca5ef8-f8ad-4c6b-b91f-b1aa8853acdd,UWBM94AR,HA2,HA,2,O5,True,completed,cloudresearch,A38803A9795C439EAB69D019AA84EBE8,False,True,,,909,96,2026-09-02T00:05:37.017Z,2026-09-02T00:21:57.982Z,0,0,0,58.0,US,4.0,5.0,5.0,2.0,1.0,5.0,2.0,4.0,6.0,2.0,5.0,4.0,2.0,2.0,2.0,4.0,6.0,4.0,6.0,4.0,6.0,4.0,4.0,4.0,4.0,0.0,2.0,6.0,,4.0,6.0,5.0,6.0,6.0,6.0,3.0,1.0,2.0,4.0,3.0,1.0,2.0,4.0,,6.0,2.0,5.0,6.0,3.0,6.0,6.0,6.0,4.0,2.0,1.0,3.0,4.0,2.0,1.0,3.0,,5.0,,4.0,6.0,5.0,5.0,6.0,5.0,3.0,1.0,2.0,4.0,3.0,1.0,2.0,4.0,6.0,6.0,6.0,5.0,4.0,4.0,4.0,6.0,0.0,6.0,3.0,4.0,6.0,5.0,2.0,4.0,4.0,4.0,ADV,REL,COL,2.0,1,2.0,1,1,intellectual,2.7,2.0,3.3333333333333335,3.0,5.0,4.75,4.888888888888889,5.2,4.0,4.25,6.0,15.15,0,America/New_York,1,1,1,0,0,69.34,103.798,115.273,256.76,168.696,165.646,0,1.3044124766120437
d99db41b-b02b-4a3d-a2da-c937f4bfef41,4HN6ZNES,H3,H,3,O5,True,completed,cloudresearch,56F916AC56B142F8B332D4C3066274C7,False,True,,,1221,90,2026-09-02T00:05:37.921Z,2026-09-02T00:26:30.316Z,0,0,0,22.0,US,2.0,5.0,2.0,0.0,1.0,1.0,7.0,7.0,6.0,3.0,2.0,1.0,1.0,6.0,6.0,6.0,7.0,7.0,6.0,6.0,7.0,7.0,7.0,7.0,7.0,0.0,2.0,7.0,,7.0,7.0,7.0,7.0,7.0,7.0,,1.0,2.0,3.0,,1.0,2.0,3.0,,7.0,2.0,7.0,7.0,7.0,7.0,7.0,7.0,,1.0,2.0,3.0,,1.0,2.0,3.0,,7.0,,7.0,7.0,7.0,7.0,7.0,7.0,,2.0,3.0,1.0,,2.0,3.0,1.0,7.0,7.0,7.0,7.0,7.0,7.0,7.0,6.0,0.0,6.0,3.0,3.0,7.0,7.0,3.0,6.0,6.0,5.0,ADV,REL,COL,2.0,1,2.0,1,1,mobility,5.1,4.0,6.666666666666667,5.0,6.4,4.5,5.555555555555555,6.6,7.0,7.0,7.0,20.35,0,America/Phoenix,1,1,1,0,0,171.982,114.143,154.375,260.88,322.298,252.678,3,1.5199377391385154
43017062-1e81-4486-beb6-bbae49a86136,3DV5H5TR,H1,H,1,O5,True,completed,cloudresearch,A395BDCD113749A4AFBEDF79F9CB226E,False,True,,,564,90,2026-09-02T00:05:42.305Z,2026-09-02T00:15:13.742Z,0,0,0,32.0,US,4.0,4.0,2.0,0.0,1.0,3.0,7.0,7.0,4.0,4.0,6.0,2.0,1.0,5.0,2.0,5.0,6.0,6.0,6.0,4.0,6.0,5.0,4.0,4.0,4.0,0.0,2.0,3.0,,5.0,5.0,7.0,5.0,2.0,5.0,,1.0,2.0,3.0,,1.0,2.0,3.0,,6.0,2.0,4.0,5.0,7.0,6.0,6.0,6.0,,1.0,2.0,3.0,,1.0,3.0,2.0,,5.0,,5.0,5.0,7.0,5.0,6.0,6.0,,1.0,2.0,3.0,,1.0,2.0,3.0,6.0,6.0,6.0,5.0,5.0,5.0,5.0,6.0,0.0,5.0,5.0,5.0,5.0,5.0,6.0,3.0,3.0,5.0,ADV,REL,COL,2.0,1,2.0,1,1,no mention,4.3,3.0,6.333333333333333,4.0,4.2,2.75,3.5555555555555554,5.6,4.25,5.0,6.0,9.4,1,America/Los_Angeles,1,1,1,0,0,69.553,104.032,115.474,167.914,117.471,139.55,0,1.3099012840433404
1d5b4855-052c-4dd0-a1f7-4276a2fbdddd,2M5F7WA2,HA3,HA,3,O2,True,completed,cloudresearch,779E95B98B99456DA8C634F1FB8A4572,False,True,,,584,96,2026-09-02T00:05:42.337Z,2026-09-02T00:15:56.217Z,0,0,0,30.0,US,2.0,0.0,0.0,0.0,0.0,1.0,5.0,5.0,4.0,3.0,4.0,3.0,2.0,4.0,3.0,3.0,6.0,6.0,6.0,6.0,6.0,6.0,6.0,6.0,6.0,0.0,,4.0,,6.0,6.0,6.0,5.0,5.0,1.0,2.0,1.0,3.0,4.0,2.0,1.0,3.0,4.0,,2.0,2.0,5.0,5.0,5.0,5.0,5.0,2.0,2.0,1.0,3.0,4.0,2.0,1.0,3.0,4.0,2.0,2.0,,5.0,5.0,5.0,3.0,3.0,2.0,2.0,1.0,3.0,4.0,2.0,1.0,3.0,4.0,2.0,2.0,2.0,2.0,2.0,2.0,2.0,3.0,0.0,2.0,5.0,5.0,4.0,2.0,5.0,2.0,2.0,5.0,ADV,COL,REL,2.0,1,2.0,1,1,mobility,3.8,3.0,4.333333333333333,4.333333333333333,2.4,3.0,2.6666666666666665,6.0,6.0,2.0,2.0,9.733333333333333,0,America/Chicago,1,1,1,0,0,69.314,103.744,115.243,183.975,161.715,110.235,0,1.5818763480568692
b8279060-2d86-4d20-aaa7-387d97b96357,J3SHSJJ9,HA2,HA,2,O3,True,completed,cloudresearch,94300EA35C1E4C26927D07FFFD5269E3,False,True,,,1125,96,2026-09-02T00:05:42.722Z,2026-09-02T00:29:52.188Z,0,0,0,23.0,US,2.0,4.0,3.0,1.0,0.0,4.0,4.0,4.0,5.0,4.0,5.0,4.0,3.0,3.0,3.0,5.0,6.0,5.0,4.0,3.0,6.0,5.0,6.0,6.0,6.0,0.0,2.0,6.0,,6.0,6.0,6.0,5.0,5.0,5.0,1.0,2.0,3.0,4.0,1.0,2.0,3.0,4.0,,4.0,,6.0,5.0,5.0,5.0,7.0,5.0,2.0,1.0,3.0,4.0,3.0,1.0,2.0,4.0,,5.0,0.0,5.0,6.0,4.0,6.0,7.0,6.0,2.0,1.0,3.0,4.0,3.0,1.0,2.0,4.0,5.0,5.0,5.0,5.0,6.0,6.0,7.0,6.0,0.0,5.0,4.0,4.0,5.0,5.0,4.0,5.0,3.0,5.0,COL,REL,ADV,0.0,1,2.0,1,1,intellectual,3.6,3.25,4.333333333333333,3.3333333333333335,4.6,3.75,4.222222222222222,4.8,5.75,6.0,5.0,18.75,0,America/New_York,1,1,1,0,0,69.427,103.819,115.197,446.765,134.351,158.903,0,1.020588679632636
70ecbedb-6055-43b6-8987-f1ab142607a2,6UE4CMVJ,H1,H,1,O2,True,completed,cloudresearch,0FD131778B6A42B7A1FF3C1ED3C55BA2,False,True,,,1496,90,2026-09-02T00:05:44.770Z,2026-09-02T00:32:19.703Z,0,0,0,32.0,CA,4.0,5.0,4.0,0.0,0.0,4.0,7.0,6.0,6.0,2.0,5.0,4.0,1.0,4.0,2.0,5.0,6.0,6.0,5.0,7.0,7.0,7.0,6.0,6.0,6.0,0.0,,7.0,,7.0,7.0,5.0,7.0,7.0,7.0,,1.0,2.0,3.0,,1.0,3.0,2.0,,7.0,2.0,7.0,7.0,5.0,7.0,7.0,7.0,,1.0,2.0,3.0,,1.0,2.0,3.0,2.0,7.0,,7.0,7.0,5.0,7.0,7.0,7.0,,2.0,3.0,1.0,,1.0,3.0,2.0,7.0,7.0,7.0,7.0,7.0,7.0,7.0,6.0,0.0,7.0,1.0,3.0,7.0,7.0,2.0,6.0,7.0,2.0,ADV,COL,REL,2.0,1,2.0,1,1,no mention,3.6,2.25,6.0,3.0,6.8,6.0,6.444444444444445,6.2,6.25,7.0,7.0,24.933333333333334,0,America/Toronto,1,1,1,0,0,69.387,103.839,115.296,174.216,185.348,104.048,0,1.7399228380359426
639833ab-f46a-47d9-ab3d-8f00cdb198ea,Z8RPA8CW,HA2,HA,2,O4,True,completed,cloudresearch,AAC05B3E67784EFA8C48E2A76FA4186F,False,True,,,758,96,2026-09-02T00:05:45.626Z,2026-09-02T00:18:32.507Z,0,0,0,58.0,US,3.0,5.0,2.0,2.0,0.0,4.0,3.0,3.0,6.0,3.0,4.0,4.0,3.0,2.0,2.0,2.0,6.0,6.0,6.0,6.0,6.0,6.0,6.0,6.0,6.0,0.0,,6.0,1.0,6.0,6.0,6.0,6.0,6.0,6.0,2.0,3.0,4.0,1.0,3.0,4.0,2.0,1.0,,6.0,,6.0,6.0,6.0,6.0,6.0,6.0,2.0,3.0,4.0,1.0,2.0,3.0,4.0,1.0,2.0,6.0,,6.0,6.0,6.0,6.0,6.0,6.0,2.0,3.0,4.0,1.0,3.0,4.0,2.0,1.0,5.0,6.0,6.0,6.0,5.0,6.0,6.0,6.0,0.0,6.0,2.0,2.0,6.0,6.0,2.0,6.0,6.0,2.0,REL,COL,ADV,1.0,1,2.0,1,1,intellectual,2.8,2.5,2.6666666666666665,3.3333333333333335,6.0,6.0,6.0,6.0,6.0,5.75,5.666666666666667,12.633333333333333,1,America/New_York,1,1,1,0,0,69.493,104.035,115.405,181.055,186.283,153.62,3,1.489510832362292
7a3f7ba8-31b4-4b38-b41c-9e60641afd68,3GJHCRM2,A,A,,O6,True,completed,cloudresearch,5F5E433E23CB4B9996913E0AFF9801B8,False,True,,,893,87,2026-09-02T00:05:45.807Z,2026-09-02T00:24:40.380Z,0,0,0,45.0,US,2.0,0.0,5.0,0.0,1.0,1.0,6.0,6.0,2.0,6.0,2.0,2.0,2.0,4.0,5.0,6.0,6.0,5.0,5.0,5.0,6.0,5.0,5.0,5.0,6.0,0.0,,6.0,,5.0,4.0,,4.0,4.0,4.0,1.0,,2.0,3.0,1.0,,2.0,3.0,2.0,6.0,,5.0,6.0,,6.0,6.0,4.0,3.0,,2.0,1.0,1.0,,2.0,3.0,,3.0,0.0,5.0,5.0,,5.0,5.0,4.0,1.0,,2.0,3.0,1.0,,2.0,3.0,5.0,5.0,5.0,5.0,5.0,5.0,5.0,4.0,0.0,2.0,6.0,6.0,4.0,2.0,6.0,2.0,2.0,4.0,COL,ADV,REL,0.0,1,2.0,1,0,AI (no operator),5.3,4.25,6.0,6.0,2.4,2.5,2.4444444444444446,5.4,5.25,5.0,5.0,14.883333333333333,0,America/New_York,1,1,1,0,0,69.526,103.99,115.461,278.707,192.136,126.653,0,1.3350649098422376
92eb9769-ca81-4e1f-8afa-cf5713f78b55,MXSC2KJ5,HA3,HA,3,O4,True,completed,cloudresearch,0BDF55D9DF454E3EBDDF91E8D02095D1,False,True,,,836,96,2026-09-02T00:05:49.938Z,2026-09-02T00:20:06.631Z,0,0,0,57.0,US,5.0,5.0,5.0,0.0,1.0,4.0,7.0,7.0,2.0,6.0,2.0,2.0,3.0,4.0,5.0,5.0,6.0,6.0,5.0,6.0,6.0,4.0,6.0,6.0,6.0,0.0,,6.0,1.0,5.0,5.0,6.0,6.0,6.0,6.0,2.0,1.0,3.0,4.0,2.0,1.0,3.0,4.0,,7.0,,6.0,6.0,6.0,7.0,7.0,7.0,2.0,1.0,3.0,4.0,2.0,1.0,3.0,4.0,2.0,7.0,,6.0,6.0,6.0,7.0,7.0,7.0,2.0,1.0,3.0,4.0,2.0,1.0,3.0,4.0,6.0,6.0,6.0,6.0,6.0,6.0,6.0,6.0,0.0,4.0,5.0,5.0,5.0,4.0,3.0,4.0,4.0,5.0,REL,COL,ADV,1.0,1,2.0,1,1,mobility,5.5,4.5,6.333333333333333,6.0,4.2,3.5,3.888888888888889,5.8,5.5,6.0,6.0,13.933333333333334,0,America/New_York,1,1,1,0,0,69.414,103.805,115.329,174.283,183.019,152.59,0,1.258588665696051
84606d3a-ec1b-4c96-9796-9aa60dd93691,F7AEYKMN,H2,H,2,O4,True,completed,cloudresearch,BE815001E76F4D54866D7A3354C39F14,False,True,,,638,90,2026-09-02T00:05:50.944Z,2026-09-02T00:16:39.979Z,0,0,0,40.0,US,2.0,3.0,4.0,0.0,1.0,3.0,7.0,6.0,3.0,4.0,4.0,2.0,3.0,6.0,3.0,5.0,7.0,5.0,5.0,5.0,6.0,6.0,6.0,6.0,5.0,0.0,,3.0,1.0,5.0,5.0,6.0,5.0,4.0,2.0,,1.0,2.0,3.0,,3.0,2.0,1.0,,4.0,,6.0,6.0,7.0,5.0,6.0,4.0,,1.0,2.0,3.0,,1.0,3.0,2.0,2.0,3.0,,5.0,6.0,7.0,5.0,6.0,4.0,,3.0,2.0,1.0,,1.0,3.0,2.0,3.0,2.0,3.0,5.0,4.0,6.0,5.0,2.0,0.0,2.0,4.0,5.0,4.0,4.0,5.0,2.0,3.0,4.0,REL,COL,ADV,1.0,1,2.0,1,1,intellectual,4.9,4.0,6.0,5.0,3.0,3.5,3.2222222222222223,5.6,5.75,5.0,2.6666666666666665,10.633333333333333,0,America/Denver,1,1,1,0,0,69.404,103.976,115.783,144.391,163.074,140.983,0,1.3685529307058575
3c7c1552-1321-433d-aeed-a2e9ad557634,38TCG79W,HA2,HA,2,O5,True,completed,cloudresearch,68DFEC98E3FC47878C5DAB911D0DFA18,False,True,,,744,96,2026-09-02T00:05:51.255Z,2026-09-02T00:18:48.994Z,0,0,0,35.0,US,0.0,3.0,1.0,0.0,0.0,0.0,5.0,6.0,2.0,4.0,5.0,1.0,2.0,5.0,4.0,5.0,6.0,3.0,5.0,5.0,6.0,5.0,5.0,4.0,4.0,0.0,2.0,4.0,,5.0,5.0,6.0,4.0,3.0,2.0,2.0,1.0,3.0,4.0,2.0,1.0,3.0,4.0,,3.0,2.0,5.0,5.0,6.0,4.0,5.0,2.0,2.0,1.0,4.0,3.0,2.0,1.0,4.0,3.0,,3.0,,4.0,3.0,6.0,2.0,2.0,2.0,2.0,1.0,4.0,3.0,2.0,1.0,4.0,3.0,2.0,2.0,2.0,3.0,2.0,3.0,3.0,5.0,0.0,1.0,7.0,7.0,4.0,1.0,7.0,1.0,1.0,6.0,ADV,REL,COL,2.0,1,2.0,1,1,intellectual,4.7,3.75,5.333333333333333,5.333333333333333,1.6,1.25,1.4444444444444444,5.0,4.5,2.75,2.0,12.4,0,America/Chicago,1,1,1,0,0,69.416,103.854,115.349,199.081,129.413,171.193,0,1.7067701882801296
88ff2f99-f6f3-493e-85a4-e32a733fe9c9,D4AVH6DT,A,A,,O2,True,completed,cloudresearch,8F3C567BC1C04B0A9F2162CB60E00011,False,True,,,734,87,2026-09-02T00:05:52.403Z,2026-09-02T00:18:15.289Z,0,0,0,59.0,US,5.0,4.0,4.0,0.0,0.0,3.0,7.0,7.0,3.0,5.0,2.0,1.0,2.0,4.0,1.0,6.0,7.0,5.0,6.0,4.0,6.0,6.0,4.0,4.0,6.0,0.0,,2.0,,5.0,6.0,,6.0,6.0,2.0,2.0,,1.0,3.0,2.0,,1.0,3.0,,2.0,2.0,3.0,6.0,,6.0,6.0,2.0,2.0,,3.0,1.0,1.0,,2.0,3.0,2.0,2.0,,2.0,3.0,,3.0,5.0,2.0,2.0,,1.0,3.0,2.0,,1.0,3.0,2.0,2.0,2.0,5.0,2.0,3.0,3.0,6.0,0.0,5.0,4.0,5.0,6.0,4.0,6.0,3.0,1.0,3.0,ADV,COL,REL,2.0,1,2.0,1,0,AI (no operator),5.0,3.0,6.666666666666667,6.0,3.8,3.5,3.6666666666666665,5.6,5.0,3.25,2.0,12.233333333333333,0,America/New_York,1,1,1,0,0,69.399,103.852,115.335,198.029,176.604,110.356,0,1.757245155111586
008af7a0-d0f9-47d6-84ba-b48240ae641e,A9MX8N92,H2,H,2,O2,True,completed,cloudresearch,6071D09787B54E07879D8BD9782B2341,False,True,,,627,90,2026-09-02T00:05:56.568Z,2026-09-02T00:17:21.082Z,0,0,0,33.0,US,5.0,4.0,5.0,0.0,1.0,3.0,7.0,7.0,2.0,6.0,1.0,1.0,2.0,2.0,2.0,6.0,7.0,5.0,2.0,7.0,5.0,2.0,6.0,6.0,7.0,0.0,,4.0,,6.0,6.0,7.0,6.0,6.0,2.0,,1.0,2.0,3.0,,1.0,2.0,3.0,,6.0,2.0,6.0,6.0,7.0,6.0,6.0,6.0,,1.0,2.0,3.0,,1.0,2.0,3.0,2.0,7.0,,6.0,6.0,7.0,7.0,7.0,6.0,,1.0,2.0,3.0,,1.0,3.0,2.0,5.0,5.0,6.0,1.0,1.0,1.0,1.0,7.0,0.0,2.0,5.0,6.0,4.0,2.0,6.0,2.0,2.0,1.0,ADV,COL,REL,2.0,1,2.0,1,1,intellectual,5.2,3.0,6.666666666666667,6.666666666666667,2.4,3.5,2.888888888888889,5.2,5.25,1.0,5.333333333333333,10.45,1,America/Los_Angeles,1,1,1,0,0,69.53,111.545,115.385,189.344,170.926,106.853,0,2.145520097068689
d145ac41-ceb2-4582-a30d-556facec157b,9NEWU3E6,A,A,,O3,True,completed,cloudresearch,9C777ABC0CA34BCC8D0452EF6F542E2A,False,False,,,1751,87,2026-09-02T00:05:58.691Z,2026-09-02T00:35:18.009Z,0,0,0,27.0,US,4.0,4.0,4.0,1.0,1.0,3.0,4.0,6.0,2.0,1.0,4.0,1.0,1.0,1.0,1.0,4.0,5.0,5.0,4.0,4.0,5.0,4.0,5.0,5.0,5.0,0.0,7.0,7.0,,7.0,7.0,,7.0,7.0,7.0,2.0,,3.0,1.0,1.0,,2.0,3.0,,7.0,,7.0,7.0,,7.0,7.0,7.0,2.0,,1.0,3.0,2.0,,1.0,3.0,,7.0,0.0,7.0,7.0,,7.0,7.0,7.0,1.0,,2.0,3.0,1.0,,2.0,3.0,7.0,7.0,7.0,6.0,6.0,6.0,6.0,6.0,1.0,5.0,1.0,1.0,5.0,5.0,2.0,4.0,5.0,1.0,COL,REL,ADV,0.0,1,7.0,0,0,AI (no operator),3.5,1.0,4.666666666666667,5.666666666666667,4.8,6.75,5.666666666666667,4.6,4.75,6.0,7.0,29.183333333333334,1,America/Denver,1,1,1,0,0,214.422,114.183,171.103,290.478,518.74,409.175,3,2.068449212056498
e70caa2f-b48f-4106-9cb7-457b534cb3ef,4KXS8CSS,HA1,HA,1,O3,True,completed,cloudresearch,6FD7720C120343168BE0F53F9547C237,False,False,,,1242,96,2026-09-02T00:05:59.967Z,2026-09-02T00:27:42.031Z,0,0,0,56.0,US,3.0,5.0,5.0,4.0,1.0,1.0,3.0,3.0,6.0,2.0,6.0,5.0,2.0,5.0,2.0,2.0,6.0,6.0,6.0,5.0,6.0,6.0,6.0,6.0,6.0,0.0,1.0,6.0,,7.0,7.0,6.0,6.0,6.0,7.0,1.0,4.0,2.0,3.0,3.0,1.0,4.0,2.0,,7.0,,7.0,7.0,4.0,7.0,7.0,7.0,3.0,1.0,4.0,2.0,3.0,2.0,4.0,1.0,,6.0,0.0,7.0,7.0,7.0,6.0,6.0,7.0,3.0,1.0,4.0,2.0,3.0,1.0,4.0,2.0,7.0,7.0,7.0,7.0,7.0,7.0,7.0,6.0,0.0,6.0,1.0,1.0,6.0,6.0,2.0,4.0,5.0,2.0,COL,REL,ADV,0.0,1,1.0,0,1,no mention,2.6,2.75,2.6666666666666665,2.3333333333333335,5.4,6.5,5.888888888888889,5.8,6.0,7.0,7.0,20.7,1,America/Chicago,1,1,1,0,0,69.505,103.982,115.402,362.121,229.856,192.563,0,1.8314871420099128
47183d25-3171-47aa-9bbe-c041b3fdd70b,Z5E4HVGW,A,A,,O4,True,completed,cloudresearch,A27F9EDF95C14BD886F897CE79ADD67E,False,True,,,1314,87,2026-09-02T00:06:03.323Z,2026-09-02T00:28:31.530Z,0,0,0,38.0,US,2.0,3.0,3.0,0.0,0.0,3.0,4.0,6.0,2.0,4.0,4.0,2.0,2.0,2.0,2.0,4.0,6.0,6.0,3.0,5.0,6.0,6.0,6.0,6.0,6.0,0.0,,2.0,1.0,6.0,6.0,,6.0,6.0,1.0,2.0,,1.0,3.0,3.0,,1.0,2.0,,2.0,,6.0,6.0,,6.0,6.0,2.0,1.0,,2.0,3.0,1.0,,2.0,3.0,2.0,2.0,,6.0,6.0,,6.0,2.0,2.0,1.0,,2.0,3.0,1.0,,2.0,3.0,2.0,2.0,2.0,2.0,2.0,2.0,2.0,6.0,0.0,5.0,2.0,2.0,2.0,5.0,2.0,4.0,5.0,2.0,REL,COL,ADV,1.0,1,2.0,1,0,AI (no operator),4.0,2.5,4.666666666666667,5.333333333333333,4.2,6.0,5.0,5.2,6.0,2.0,2.0,21.9,0,America/New_York,1,1,1,0,0,69.456,104.004,115.537,260.26,183.045,152.203,0,1.8018765173246656
83642aa3-769c-4019-9df1-9d31129d82dd,Y8FF37FG,H3,H,3,O1,True,completed,cloudresearch,E411D838CFC744CFB06089CD926834D6,False,True,,,1168,90,2026-09-02T00:06:05.693Z,2026-09-02T00:26:30.096Z,0,0,0,22.0,US,1.0,2.0,2.0,2.0,0.0,0.0,3.0,6.0,3.0,2.0,4.0,4.0,1.0,1.0,1.0,5.0,2.0,6.0,4.0,5.0,6.0,5.0,6.0,4.0,5.0,0.0,,6.0,1.0,6.0,6.0,4.0,6.0,5.0,5.0,,3.0,2.0,1.0,,3.0,2.0,1.0,2.0,6.0,,6.0,6.0,6.0,6.0,6.0,6.0,,3.0,2.0,1.0,,3.0,2.0,1.0,,6.0,,6.0,6.0,5.0,6.0,6.0,6.0,,3.0,2.0,1.0,,3.0,2.0,1.0,5.0,5.0,5.0,6.0,6.0,6.0,6.0,5.0,0.0,6.0,2.0,3.0,6.0,5.0,5.0,5.0,5.0,5.0,REL,ADV,COL,1.0,1,2.0,1,1,mobility,3.2,1.25,4.666666666666667,4.333333333333333,5.4,4.25,4.888888888888889,4.6,5.0,6.0,5.0,19.466666666666665,0,America/Chicago,1,1,1,0,0,69.419,103.811,115.296,245.773,277.237,173.622,1,1.4397464886530746
190dd5d4-9090-418f-8687-4f097aae3710,TRF298ZT,H2,H,2,O6,True,completed,cloudresearch,2A9581D4734B4287A79DFF132F731BC5,False,True,,,1465,90,2026-09-02T00:06:06.788Z,2026-09-02T00:33:32.849Z,0,0,0,36.0,US,1.0,4.0,0.0,0.0,0.0,0.0,5.0,7.0,1.0,4.0,1.0,1.0,1.0,4.0,3.0,7.0,4.0,4.0,4.0,4.0,4.0,4.0,4.0,4.0,4.0,0.0,,3.0,,4.0,4.0,4.0,7.0,4.0,4.0,,3.0,2.0,1.0,,3.0,2.0,1.0,2.0,5.0,,4.0,3.0,4.0,7.0,7.0,4.0,,3.0,2.0,1.0,,3.0,2.0,1.0,,1.0,0.0,4.0,4.0,4.0,7.0,7.0,4.0,,3.0,2.0,1.0,,3.0,2.0,1.0,1.0,1.0,1.0,1.0,1.0,1.0,1.0,7.0,0.0,4.0,2.0,2.0,7.0,2.0,5.0,4.0,4.0,4.0,COL,ADV,REL,0.0,1,2.0,1,1,intellectual,5.2,3.0,6.333333333333333,7.0,4.2,4.75,4.444444444444445,4.0,4.0,1.0,1.0,24.416666666666668,0,America/Los_Angeles,1,1,1,0,0,69.252,103.735,114.741,201.121,147.337,104.486,0,1.8640714421639515
fe00660a-de26-484c-8c3f-913e1f4e1659,7S5547P7,HA3,HA,3,O1,True,completed,cloudresearch,C47FEAAAC6974C75A55C671C9EDC933A,False,True,,,890,96,2026-09-02T00:06:07.651Z,2026-09-02T00:21:58.737Z,0,0,0,39.0,US,5.0,3.0,3.0,1.0,1.0,4.0,6.0,6.0,4.0,5.0,2.0,2.0,4.0,5.0,2.0,6.0,5.0,6.0,5.0,5.0,6.0,6.0,6.0,6.0,6.0,0.0,,6.0,1.0,6.0,6.0,7.0,6.0,6.0,5.0,2.0,1.0,3.0,4.0,2.0,1.0,3.0,4.0,2.0,6.0,,6.0,6.0,7.0,6.0,6.0,6.0,3.0,1.0,4.0,2.0,3.0,1.0,4.0,2.0,,5.0,,6.0,5.0,7.0,5.0,5.0,5.0,3.0,1.0,4.0,2.0,3.0,1.0,4.0,2.0,5.0,5.0,5.0,5.0,5.0,5.0,5.0,6.0,1.0,5.0,4.0,5.0,5.0,5.0,5.0,5.0,4.0,4.0,REL,ADV,COL,1.0,1,2.0,1,1,mobility,5.0,4.0,6.0,5.333333333333333,4.8,3.5,4.222222222222222,5.4,6.0,5.0,5.0,14.833333333333334,0,America/Chicago,1,1,1,0,0,69.407,103.87,115.345,160.456,206.495,177.716,0,1.021913524531643
43bd5130-44f2-4d1e-9ada-6c61e6daf8cd,DV5QPNNA,H3,H,3,O6,True,completed,cloudresearch,50CADAAE213840C0AA12F2236C9A187C,False,True,,,1041,90,2026-09-02T00:06:11.847Z,2026-09-02T00:24:10.764Z,0,0,0,39.0,US,5.0,4.0,5.0,1.0,0.0,1.0,5.0,6.0,5.0,3.0,5.0,3.0,2.0,2.0,2.0,6.0,7.0,6.0,5.0,5.0,6.0,7.0,6.0,7.0,7.0,0.0,,6.0,,7.0,7.0,7.0,6.0,5.0,6.0,,1.0,3.0,2.0,,1.0,3.0,2.0,2.0,6.0,,6.0,7.0,7.0,6.0,7.0,6.0,,1.0,3.0,2.0,,1.0,3.0,2.0,,7.0,0.0,6.0,7.0,7.0,7.0,7.0,7.0,,1.0,3.0,2.0,,1.0,3.0,2.0,7.0,7.0,7.0,7.0,7.0,7.0,7.0,7.0,0.0,5.0,2.0,2.0,5.0,6.0,3.0,6.0,5.0,5.0,COL,ADV,REL,0.0,1,2.0,1,1,mobility,3.7,2.25,5.666666666666667,3.6666666666666665,5.4,5.0,5.222222222222222,5.8,6.75,7.0,7.0,17.35,0,America/Phoenix,1,1,1,0,0,69.403,104.316,115.52,197.999,151.529,124.411,0,1.5593510935502726
927d4962-e2ab-47ab-ac46-4a37d290d89d,52GH52HG,HA1,HA,1,O2,True,completed,cloudresearch,CC3F55E8B3BF437B8B42397E81841462,False,True,,,907,96,2026-09-02T00:06:14.167Z,2026-09-02T00:21:44.857Z,0,0,0,47.0,US,2.0,5.0,2.0,1.0,1.0,1.0,7.0,7.0,5.0,1.0,7.0,6.0,4.0,1.0,1.0,1.0,6.0,4.0,4.0,4.0,4.0,5.0,4.0,4.0,4.0,0.0,,6.0,,7.0,7.0,7.0,6.0,6.0,6.0,2.0,1.0,3.0,4.0,2.0,1.0,3.0,4.0,,7.0,2.0,6.0,6.0,6.0,7.0,7.0,7.0,2.0,1.0,3.0,4.0,2.0,1.0,3.0,4.0,2.0,7.0,,7.0,7.0,7.0,7.0,7.0,7.0,2.0,1.0,3.0,4.0,2.0,1.0,3.0,4.0,7.0,7.0,7.0,7.0,7.0,7.0,7.0,7.0,0.0,7.0,6.0,3.0,7.0,7.0,1.0,7.0,6.0,1.0,ADV,COL,REL,2.0,1,2.0,1,1,no mention,2.8,1.75,5.0,2.0,6.8,5.25,6.111111111111111,4.4,4.25,7.0,7.0,15.116666666666667,1,America/Chicago,1,1,1,0,0,145.76,104.037,115.466,200.798,196.922,308.921,1,1.9660138979928883
adac2433-751e-40c7-b9d1-29cb6f0c7e86,F6TSG5MC,H2,H,2,O1,True,completed,cloudresearch,70DE303B6A5544ECB005CAC044C93F08,False,True,,,1521,90,2026-09-02T00:06:14.957Z,2026-09-02T00:41:15.649Z,0,0,0,50.0,US,5.0,5.0,3.0,5.0,1.0,5.0,1.0,1.0,7.0,1.0,6.0,7.0,7.0,1.0,1.0,1.0,7.0,7.0,7.0,6.0,6.0,6.0,7.0,7.0,7.0,0.0,,7.0,1.0,7.0,7.0,7.0,7.0,7.0,7.0,,1.0,2.0,3.0,,2.0,1.0,3.0,2.0,7.0,,7.0,7.0,7.0,7.0,7.0,7.0,,2.0,1.0,3.0,,2.0,1.0,3.0,,7.0,,6.0,6.0,6.0,7.0,7.0,7.0,,2.0,1.0,3.0,,2.0,1.0,3.0,6.0,7.0,7.0,7.0,7.0,7.0,6.0,7.0,0.0,7.0,7.0,1.0,6.0,1.0,1.0,7.0,7.0,4.0,REL,ADV,COL,1.0,1,2.0,1,1,intellectual,1.7,2.5,1.0,1.3333333333333333,5.6,4.75,5.222222222222222,6.6,6.75,6.75,6.666666666666667,25.35,0,America/New_York,1,1,1,0,0,69.346,103.792,115.244,273.89,151.351,136.007,2,2.252830290353639
f9b83273-cb90-484d-b3a9-8c96dcfe213b,KW8XQFSB,H3,H,3,O4,True,completed,cloudresearch,214196FD07F34EA4ABC01897EED82FA1,False,True,,,721,90,2026-09-02T00:06:15.278Z,2026-09-02T00:19:00.270Z,0,0,0,61.0,US,3.0,5.0,5.0,4.0,1.0,3.0,5.0,6.0,7.0,1.0,4.0,2.0,2.0,1.0,1.0,1.0,4.0,5.0,5.0,5.0,5.0,5.0,5.0,6.0,6.0,0.0,,4.0,1.0,5.0,7.0,7.0,7.0,3.0,6.0,,1.0,2.0,3.0,,1.0,3.0,2.0,,7.0,,7.0,7.0,7.0,7.0,5.0,6.0,,1.0,2.0,3.0,,1.0,2.0,3.0,2.0,7.0,,7.0,7.0,7.0,7.0,7.0,7.0,,2.0,1.0,3.0,,2.0,1.0,3.0,5.0,6.0,5.0,6.0,4.0,7.0,7.0,5.0,0.0,7.0,1.0,4.0,6.0,6.0,2.0,6.0,4.0,5.0,REL,COL,ADV,1.0,1,2.0,1,1,mobility,2.8,1.25,4.0,3.6666666666666665,5.8,5.0,5.444444444444445,4.8,5.5,6.0,5.333333333333333,12.016666666666667,1,America/New_York,1,1,1,0,0,69.282,103.869,121.66,151.763,191.693,140.831,1,1.8523195461972857
1cde374c-621a-4cdb-b392-84d3b33506f1,38PGTT8H,H1,H,1,O4,True,completed,cloudresearch,BB217BA2F37E4035A2E869FF99532A54,False,True,,,673,90,2026-09-02T00:06:15.501Z,2026-09-02T00:19:02.469Z,0,0,0,63.0,US,3.0,5.0,1.0,0.0,1.0,3.0,6.0,6.0,4.0,2.0,4.0,2.0,2.0,4.0,2.0,2.0,6.0,5.0,4.0,4.0,5.0,5.0,4.0,4.0,4.0,0.0,,6.0,1.0,6.0,6.0,6.0,6.0,6.0,6.0,,1.0,2.0,3.0,,1.0,2.0,3.0,,6.0,,6.0,6.0,6.0,6.0,6.0,6.0,,1.0,2.0,3.0,,1.0,2.0,3.0,2.0,6.0,,6.0,6.0,6.0,6.0,6.0,6.0,,1.0,2.0,3.0,,1.0,2.0,3.0,5.0,5.0,5.0,5.0,6.0,6.0,6.0,5.0,0.0,6.0,2.0,2.0,6.0,5.0,2.0,5.0,6.0,2.0,REL,COL,ADV,1.0,1,2.0,1,1,no mention,3.8,2.5,4.666666666666667,4.666666666666667,5.6,6.0,5.777777777777778,4.8,4.25,5.75,5.0,11.216666666666667,0,America/New_York,1,1,1,0,0,69.375,103.871,115.337,121.167,163.351,132.471,3,1.3995173159668317
97fba1c0-94c5-4ede-8bab-78e41c4d41a6,G62AGVJH,HA1,HA,1,O4,True,completed,cloudresearch,76ED0DD4A8B24062855CFF90272DA7CF,False,True,,,1105,96,2026-09-02T00:06:16.073Z,2026-09-02T00:25:05.299Z,0,0,0,60.0,US,4.0,5.0,2.0,0.0,1.0,4.0,5.0,5.0,4.0,4.0,4.0,4.0,1.0,4.0,2.0,3.0,6.0,4.0,4.0,4.0,6.0,4.0,4.0,4.0,4.0,0.0,,6.0,1.0,6.0,6.0,5.0,6.0,6.0,6.0,3.0,1.0,4.0,2.0,4.0,1.0,3.0,2.0,,6.0,,6.0,6.0,5.0,6.0,6.0,6.0,4.0,2.0,3.0,1.0,2.0,1.0,3.0,4.0,2.0,6.0,,6.0,6.0,5.0,6.0,6.0,6.0,1.0,2.0,4.0,3.0,3.0,2.0,4.0,1.0,6.0,6.0,6.0,6.0,6.0,6.0,6.0,4.0,0.0,5.0,3.0,3.0,5.0,5.0,3.0,5.0,5.0,3.0,REL,COL,ADV,1.0,1,2.0,1,1,no mention,3.6,2.75,4.333333333333333,4.0,5.0,5.0,5.0,4.8,4.0,6.0,6.0,18.416666666666668,0,America/New_York,1,1,1,0,0,69.685,103.992,115.65,293.633,231.308,215.378,0,1.1989459351215501
61becf08-2633-4d9f-b69f-76364fa76048,A4YR5PDZ,HA3,HA,3,O3,True,completed,cloudresearch,17396E5B849149F69A7A7F00A494C443,False,True,,,1307,96,2026-09-02T00:06:20.115Z,2026-09-02T00:30:52.229Z,0,0,0,72.0,US,4.0,5.0,0.0,0.0,1.0,0.0,5.0,5.0,5.0,3.0,4.0,4.0,4.0,5.0,4.0,4.0,4.0,4.0,3.0,4.0,5.0,5.0,4.0,5.0,4.0,0.0,2.0,6.0,,5.0,6.0,5.0,6.0,6.0,6.0,3.0,1.0,2.0,4.0,3.0,1.0,2.0,4.0,,6.0,,6.0,6.0,6.0,6.0,6.0,6.0,3.0,1.0,2.0,4.0,3.0,1.0,2.0,4.0,,5.0,2.0,5.0,5.0,6.0,5.0,5.0,5.0,2.0,1.0,4.0,3.0,3.0,1.0,4.0,2.0,6.0,6.0,6.0,6.0,6.0,6.0,6.0,6.0,0.0,5.0,4.0,4.0,5.0,5.0,4.0,5.0,4.0,4.0,COL,REL,ADV,2.0,0,2.0,1,1,mobility,4.1,4.0,4.666666666666667,3.6666666666666665,4.8,4.0,4.444444444444445,4.0,4.5,6.0,6.0,21.783333333333335,0,America/Chicago,1,1,1,0,0,69.346,103.821,115.234,379.535,223.086,207.206,1,0.8797337783937497
e0054ac5-eb8b-466f-bfb5-00c3342a0f3b,SCGDS5XM,HA2,HA,2,O6,True,completed,cloudresearch,2B01DC89DAE746FE9EE171F1ABA5CDCE,False,True,,,1721,96,2026-09-02T00:06:20.617Z,2026-09-02T00:35:32.358Z,0,0,0,46.0,US,3.0,5.0,2.0,0.0,0.0,1.0,5.0,6.0,6.0,4.0,5.0,3.0,3.0,3.0,3.0,4.0,6.0,6.0,5.0,6.0,6.0,6.0,6.0,6.0,6.0,0.0,,6.0,,6.0,6.0,6.0,5.0,5.0,5.0,3.0,2.0,1.0,4.0,3.0,2.0,1.0,4.0,2.0,6.0,,6.0,6.0,6.0,6.0,6.0,6.0,3.0,2.0,1.0,4.0,3.0,2.0,1.0,4.0,,5.0,3.0,6.0,6.0,6.0,5.0,5.0,4.0,2.0,1.0,3.0,4.0,3.0,1.0,2.0,4.0,4.0,5.0,5.0,5.0,5.0,5.0,5.0,4.0,0.0,5.0,3.0,3.0,5.0,6.0,3.0,5.0,6.0,3.0,COL,ADV,REL,3.0,0,2.0,1,1,intellectual,3.8,3.25,5.0,3.3333333333333335,5.4,5.0,5.222222222222222,5.8,6.0,5.0,4.666666666666667,28.683333333333334,0,America/Los_Angeles,1,1,1,0,0,69.364,202.156,115.276,318.473,312.368,137.617,1,1.0376315281610884
a3bb67c4-7a56-4558-bd77-befab58a77e0,UNY85HF2,HA1,HA,1,O1,True,completed,cloudresearch,312642AC1BAC48A98BCA5FF4078B3859,False,True,,,794,96,2026-09-02T00:06:23.581Z,2026-09-02T00:19:58.965Z,0,0,0,70.0,US,2.0,4.0,0.0,0.0,0.0,2.0,5.0,6.0,7.0,2.0,6.0,3.0,2.0,2.0,1.0,2.0,6.0,5.0,5.0,5.0,6.0,6.0,5.0,5.0,5.0,0.0,,6.0,1.0,5.0,6.0,6.0,6.0,6.0,6.0,2.0,1.0,3.0,4.0,2.0,1.0,3.0,4.0,2.0,6.0,,6.0,6.0,6.0,6.0,6.0,6.0,2.0,1.0,3.0,4.0,2.0,1.0,3.0,4.0,,6.0,,6.0,6.0,6.0,6.0,6.0,6.0,2.0,1.0,3.0,4.0,2.0,1.0,3.0,4.0,7.0,7.0,6.0,6.0,5.0,6.0,6.0,6.0,0.0,6.0,2.0,2.0,6.0,6.0,1.0,6.0,6.0,2.0,REL,ADV,COL,1.0,1,2.0,1,1,no mention,2.8,1.75,4.333333333333333,2.6666666666666665,6.0,6.25,6.111111111111111,5.4,5.25,5.75,6.666666666666667,13.233333333333333,0,America/Chicago,1,1,1,0,0,69.37,103.843,115.28,179.797,161.541,159.381,2,1.6186625949875646
0d2ae04e-d3af-4da2-abe9-635aa4cfc734,6G29ADSS,HA2,HA,2,O2,True,completed,cloudresearch,46D32FA7C7D24E5EB0BCCDCEDE967E76,False,True,,,1261,96,2026-09-02T00:06:29.718Z,2026-09-02T00:32:37.475Z,0,0,0,47.0,US,5.0,5.0,2.0,0.0,1.0,5.0,7.0,7.0,6.0,2.0,1.0,1.0,1.0,3.0,1.0,5.0,6.0,6.0,6.0,6.0,6.0,6.0,6.0,6.0,6.0,0.0,,3.0,,5.0,5.0,5.0,6.0,6.0,6.0,2.0,1.0,3.0,4.0,2.0,1.0,3.0,4.0,,3.0,2.0,5.0,5.0,5.0,6.0,6.0,6.0,3.0,1.0,2.0,4.0,2.0,1.0,3.0,4.0,2.0,3.0,,5.0,5.0,6.0,6.0,6.0,6.0,2.0,1.0,3.0,4.0,2.0,1.0,3.0,4.0,5.0,5.0,5.0,3.0,3.0,3.0,3.0,5.0,0.0,7.0,3.0,3.0,6.0,7.0,1.0,6.0,7.0,2.0,ADV,COL,REL,2.0,1,2.0,1,1,intellectual,4.2,1.75,6.333333333333333,5.333333333333333,6.6,5.75,6.222222222222222,6.0,6.0,3.0,5.0,21.016666666666666,1,America/New_York,1,1,1,0,0,69.547,103.881,115.376,265.12,707.875,109.354,0,1.746243134660139
43e4be6d-648e-42cd-bc6c-edec44746281,29BBQ9SY,H3,H,3,O2,True,completed,cloudresearch,BF2DB69DB4B64946A133C91B1AF06B67,False,True,,,730,90,2026-09-02T00:06:31.196Z,2026-09-02T00:39:30.895Z,0,0,0,33.0,US,4.0,5.0,2.0,0.0,0.0,2.0,5.0,6.0,4.0,4.0,2.0,2.0,2.0,4.0,3.0,6.0,6.0,4.0,4.0,4.0,5.0,5.0,4.0,5.0,6.0,0.0,,5.0,,5.0,5.0,6.0,5.0,5.0,2.0,,2.0,1.0,3.0,,2.0,1.0,3.0,,5.0,2.0,4.0,5.0,6.0,5.0,5.0,2.0,,2.0,1.0,3.0,,2.0,1.0,3.0,2.0,6.0,,4.0,5.0,6.0,3.0,4.0,2.0,,2.0,1.0,3.0,,2.0,1.0,3.0,2.0,2.0,3.0,2.0,1.0,1.0,1.0,6.0,0.0,4.0,4.0,6.0,4.0,5.0,6.0,2.0,1.0,5.0,ADV,COL,REL,2.0,1,2.0,1,1,mobility,4.6,3.25,5.666666666666667,5.333333333333333,3.2,2.75,3.0,4.6,5.0,1.25,2.3333333333333335,12.166666666666666,0,America/New_York,1,1,1,0,0,70.26,103.907,122.166,210.524,183.064,106.67,0,1.534058455041592
78493e05-ec9b-48cf-aa4d-790997ede6c7,MZC38473,HA2,HA,2,O1,True,completed,cloudresearch,EC57063E06784F4FBEC4D89FD5473B70,False,True,,,712,96,2026-09-02T00:06:31.565Z,2026-09-02T00:18:45.002Z,0,0,0,31.0,US,3.0,4.0,3.0,0.0,1.0,2.0,3.0,5.0,4.0,2.0,5.0,4.0,5.0,3.0,2.0,3.0,6.0,6.0,6.0,6.0,6.0,6.0,6.0,6.0,6.0,0.0,,4.0,1.0,5.0,5.0,6.0,6.0,5.0,4.0,3.0,1.0,2.0,4.0,2.0,1.0,3.0,4.0,2.0,5.0,,5.0,6.0,6.0,5.0,6.0,4.0,2.0,1.0,3.0,4.0,2.0,1.0,3.0,4.0,,3.0,,4.0,6.0,6.0,5.0,6.0,3.0,2.0,1.0,3.0,4.0,2.0,1.0,3.0,4.0,3.0,3.0,5.0,4.0,3.0,3.0,3.0,6.0,0.0,5.0,3.0,5.0,4.0,5.0,2.0,4.0,5.0,3.0,REL,ADV,COL,1.0,1,2.0,1,1,intellectual,3.4,3.0,3.6666666666666665,3.6666666666666665,4.6,4.75,4.666666666666667,6.0,6.0,3.25,3.6666666666666665,11.866666666666667,0,America/Chicago,1,1,1,0,0,69.526,103.829,115.037,159.861,164.421,167.912,0,1.2413683586184177
6c363e70-7035-4c4f-b8c0-d381f49ec94e,VWFJDYJQ,A,A,,O1,True,completed,cloudresearch,67A5A6E6844548E2B927CD4D90F268AA,False,True,,,1016,87,2026-09-02T00:06:32.604Z,2026-09-02T00:26:43.808Z,0,0,0,22.0,CA,0.0,4.0,1.0,0.0,1.0,2.0,5.0,6.0,6.0,7.0,7.0,4.0,7.0,5.0,1.0,7.0,7.0,4.0,5.0,1.0,5.0,4.0,6.0,6.0,5.0,0.0,,7.0,1.0,7.0,7.0,,3.0,2.0,5.0,1.0,,2.0,3.0,2.0,,1.0,3.0,2.0,7.0,,7.0,7.0,,7.0,7.0,6.0,1.0,,2.0,3.0,2.0,,1.0,3.0,,7.0,,7.0,7.0,,7.0,7.0,6.0,1.0,,2.0,3.0,2.0,,1.0,3.0,7.0,7.0,7.0,7.0,7.0,7.0,7.0,7.0,1.0,4.0,2.0,4.0,6.0,5.0,7.0,1.0,1.0,7.0,REL,ADV,COL,1.0,1,2.0,1,0,AI (no operator),4.5,5.0,6.0,2.3333333333333335,3.4,3.0,3.2222222222222223,4.4,5.25,7.0,7.0,16.933333333333334,1,America/Edmonton,1,1,1,0,0,69.546,103.992,115.486,266.883,167.659,165.205,0,1.8693924390059566
9ab1148d-80cc-4a6b-8e92-ac2aff3b6bdf,542VHTTU,A,A,,O5,True,completed,cloudresearch,2249D0FFA0B44934884B0E75BA745B6D,False,True,,,841,87,2026-09-02T00:06:36.201Z,2026-09-02T00:20:45.956Z,0,0,0,21.0,GB,4.0,5.0,2.0,0.0,0.0,3.0,2.0,3.0,4.0,5.0,5.0,4.0,6.0,6.0,2.0,5.0,7.0,6.0,4.0,4.0,5.0,4.0,4.0,5.0,4.0,0.0,2.0,5.0,,5.0,5.0,,5.0,2.0,6.0,1.0,,2.0,3.0,1.0,,3.0,2.0,,2.0,2.0,5.0,6.0,,5.0,6.0,5.0,1.0,,3.0,2.0,1.0,,3.0,2.0,,2.0,,4.0,7.0,,6.0,7.0,6.0,1.0,,3.0,2.0,2.0,,3.0,1.0,7.0,6.0,6.0,6.0,4.0,6.0,5.0,5.0,0.0,6.0,2.0,5.0,7.0,7.0,2.0,6.0,6.0,5.0,ADV,REL,COL,2.0,1,2.0,1,0,AI (no operator),4.0,4.75,3.3333333333333335,3.6666666666666665,6.4,4.5,5.555555555555555,5.2,4.25,5.25,6.333333333333333,14.016666666666667,0,Europe/London,1,1,1,0,0,118.851,212.848,116.605,301.632,167.088,162.001,0,1.4078307954738725
c964f2ae-f7ce-4c7e-a65d-18c48d024072,UAHMBYBB,H2,H,2,O5,True,completed,cloudresearch,72876B649E754387AE22A22AA12CD7FC,False,True,,,944,90,2026-09-02T00:06:38.244Z,2026-09-02T00:22:31.109Z,0,0,0,18.0,US,2.0,0.0,0.0,0.0,0.0,0.0,6.0,6.0,3.0,2.0,4.0,2.0,5.0,4.0,5.0,6.0,6.0,6.0,6.0,2.0,6.0,6.0,7.0,7.0,7.0,0.0,2.0,5.0,,5.0,5.0,6.0,3.0,4.0,2.0,,3.0,2.0,1.0,,1.0,2.0,3.0,,2.0,2.0,4.0,5.0,5.0,5.0,5.0,2.0,,1.0,2.0,3.0,,1.0,2.0,3.0,,5.0,,5.0,5.0,6.0,5.0,6.0,2.0,,3.0,2.0,1.0,,3.0,2.0,1.0,2.0,2.0,3.0,5.0,5.0,5.0,4.0,5.0,0.0,5.0,3.0,3.0,5.0,5.0,2.0,5.0,5.0,5.0,ADV,REL,COL,2.0,1,2.0,1,1,intellectual,4.9,4.0,6.0,5.0,5.0,4.75,4.888888888888889,5.2,6.75,4.75,2.3333333333333335,15.733333333333333,0,America/Chicago,1,1,1,0,0,69.378,103.891,115.555,171.894,125.334,154.424,0,1.443037997157129
d458e336-49e6-4e4b-981b-dba6921720ac,NUF3HJ9B,HA3,HA,3,O5,True,completed,cloudresearch,53C12A8BD0BE41168C149C33E501A489,False,True,,,1152,96,2026-09-02T00:06:38.449Z,2026-09-02T00:26:00.175Z,0,0,0,29.0,CA,2.0,5.0,4.0,4.0,0.0,5.0,3.0,6.0,4.0,4.0,4.0,2.0,4.0,3.0,3.0,5.0,5.0,5.0,5.0,4.0,7.0,5.0,6.0,7.0,7.0,0.0,2.0,5.0,,5.0,5.0,1.0,5.0,5.0,5.0,2.0,1.0,3.0,4.0,2.0,1.0,3.0,4.0,,7.0,2.0,7.0,7.0,1.0,6.0,6.0,6.0,2.0,1.0,3.0,4.0,2.0,1.0,3.0,4.0,,7.0,,7.0,7.0,1.0,7.0,7.0,7.0,2.0,1.0,3.0,4.0,2.0,1.0,3.0,4.0,5.0,5.0,5.0,5.0,4.0,6.0,4.0,5.0,0.0,5.0,2.0,4.0,5.0,5.0,4.0,4.0,6.0,4.0,ADV,REL,COL,2.0,1,2.0,1,1,mobility,4.2,3.5,4.666666666666667,4.666666666666667,5.0,4.5,4.777777777777778,5.2,6.25,4.75,5.0,19.2,0,America/Vancouver,1,1,1,0,0,69.383,103.857,115.235,312.448,154.294,373.612,0,1.4997381689054223
5e194bab-b38e-41da-84fd-b288fd42daf0,XQR9TQTG,H3,H,3,O3,True,completed,cloudresearch,4A117D130BD94CE8AE93ED29C99E974A,False,True,,,1140,90,2026-09-02T00:06:39.395Z,2026-09-02T00:26:46.590Z,0,0,0,60.0,US,2.0,5.0,3.0,0.0,1.0,5.0,6.0,7.0,3.0,5.0,3.0,2.0,4.0,5.0,3.0,5.0,5.0,5.0,4.0,5.0,5.0,4.0,5.0,5.0,5.0,0.0,2.0,6.0,,6.0,6.0,7.0,4.0,5.0,5.0,,1.0,2.0,3.0,,1.0,2.0,3.0,,7.0,,7.0,7.0,7.0,7.0,7.0,5.0,,1.0,3.0,2.0,,1.0,3.0,2.0,,5.0,0.0,4.0,5.0,5.0,5.0,6.0,6.0,,2.0,3.0,1.0,,2.0,3.0,1.0,4.0,5.0,5.0,6.0,5.0,4.0,5.0,5.0,1.0,5.0,3.0,5.0,5.0,5.0,5.0,4.0,5.0,5.0,COL,REL,ADV,0.0,1,2.0,1,1,mobility,5.1,4.25,6.0,5.333333333333333,4.8,3.5,4.222222222222222,4.8,4.75,5.0,4.666666666666667,19.0,0,America/Los_Angeles,1,1,1,0,0,69.383,103.84,115.26,273.648,209.794,185.677,0,1.0784526703347725
b7972b16-b7a7-4625-b62e-6a0892c62d43,9KQ52ACM,H1,H,1,O3,True,completed,cloudresearch,DC97C2C201A841699DA96D3F6BBFC5C3,False,True,,,801,90,2026-09-02T00:06:40.118Z,2026-09-02T00:20:31.015Z,0,0,0,31.0,US,4.0,5.0,3.0,0.0,1.0,5.0,7.0,7.0,2.0,5.0,2.0,2.0,4.0,6.0,5.0,5.0,6.0,4.0,4.0,4.0,6.0,6.0,5.0,6.0,6.0,0.0,2.0,5.0,,6.0,6.0,6.0,6.0,6.0,3.0,,1.0,2.0,3.0,,1.0,2.0,3.0,,6.0,,6.0,6.0,6.0,6.0,6.0,3.0,,1.0,2.0,3.0,,1.0,2.0,3.0,,6.0,0.0,5.0,6.0,6.0,6.0,6.0,5.0,,1.0,2.0,3.0,,1.0,2.0,3.0,4.0,4.0,4.0,6.0,5.0,6.0,6.0,5.0,0.0,4.0,6.0,5.0,5.0,4.0,5.0,4.0,3.0,5.0,COL,REL,ADV,0.0,1,2.0,1,1,no mention,5.7,5.0,6.333333333333333,6.0,4.0,2.75,3.4444444444444446,4.8,5.75,5.75,4.0,13.35,0,America/Chicago,1,1,1,0,0,147.642,103.856,115.345,211.903,194.064,153.137,0,1.2106176821303718
f54e1697-93b8-422b-9ca6-0bc3133634ba,XXCARF3M,H1,H,1,O1,True,completed,cloudresearch,E5386D94B5B54B6FAE66D5E3C87FD3A2,False,False,,,1355,90,2026-09-02T00:06:40.134Z,2026-09-02T00:29:30.710Z,0,0,0,55.0,US,3.0,5.0,1.0,0.0,1.0,2.0,5.0,4.0,3.0,4.0,5.0,3.0,4.0,6.0,3.0,5.0,5.0,2.0,3.0,2.0,5.0,4.0,5.0,5.0,6.0,0.0,,3.0,1.0,5.0,6.0,6.0,5.0,6.0,5.0,,1.0,2.0,3.0,,2.0,3.0,1.0,1.0,7.0,,5.0,6.0,6.0,5.0,6.0,6.0,,1.0,2.0,3.0,,2.0,3.0,1.0,,3.0,,4.0,4.0,3.0,2.0,3.0,2.0,,1.0,2.0,3.0,,3.0,2.0,1.0,5.0,5.0,6.0,5.0,4.0,5.0,6.0,4.0,0.0,5.0,2.0,3.0,4.0,5.0,4.0,5.0,5.0,3.0,REL,ADV,COL,1.0,1,1.0,0,1,no mention,4.4,4.25,4.666666666666667,4.333333333333333,4.8,5.0,4.888888888888889,3.4,5.0,5.0,5.333333333333333,22.583333333333332,1,America/Chicago,1,1,1,0,0,69.539,104.021,115.13,178.499,202.282,168.49,0,1.1997051939495669
c40e95bd-7537-4c76-b33e-a595fc4f99b6,Z5AN3UMG,HA1,HA,1,O5,True,completed,cloudresearch,C3260F17DE9B4FED96D7CC55E8806CD5,False,True,,,567,96,2026-09-02T00:06:44.037Z,2026-09-02T00:16:21.168Z,0,0,0,24.0,US,3.0,3.0,2.0,0.0,1.0,2.0,6.0,7.0,2.0,4.0,2.0,2.0,4.0,4.0,3.0,6.0,4.0,4.0,3.0,3.0,6.0,5.0,6.0,6.0,6.0,0.0,2.0,6.0,,6.0,7.0,4.0,6.0,6.0,5.0,2.0,3.0,1.0,4.0,2.0,3.0,1.0,4.0,,6.0,2.0,6.0,7.0,5.0,6.0,7.0,4.0,2.0,3.0,1.0,4.0,3.0,1.0,4.0,2.0,,6.0,,6.0,7.0,7.0,6.0,5.0,4.0,2.0,3.0,1.0,4.0,2.0,3.0,1.0,4.0,5.0,6.0,6.0,5.0,5.0,6.0,5.0,4.0,0.0,3.0,4.0,5.0,5.0,4.0,5.0,2.0,2.0,4.0,ADV,REL,COL,2.0,1,2.0,1,1,no mention,5.2,3.75,6.333333333333333,6.0,3.2,3.5,3.3333333333333335,4.0,5.75,5.25,5.666666666666667,9.45,1,America/New_York,1,1,1,0,0,69.455,103.902,115.467,165.647,107.098,158.942,0,1.399010458440993
d5bb24a0-10ab-4efc-9dd2-898560804ef5,C5FA6HDD,H2,H,2,O3,True,completed,cloudresearch,DD105E9661C44258A39C3976312A4EA3,False,True,,,801,90,2026-09-02T00:06:44.144Z,2026-09-02T00:20:16.396Z,0,0,0,45.0,US,4.0,3.0,4.0,1.0,0.0,4.0,6.0,6.0,4.0,4.0,2.0,2.0,4.0,3.0,3.0,4.0,6.0,5.0,6.0,6.0,6.0,6.0,4.0,4.0,4.0,0.0,2.0,4.0,,5.0,5.0,6.0,4.0,5.0,4.0,,1.0,3.0,2.0,,1.0,3.0,2.0,,4.0,,5.0,5.0,5.0,4.0,5.0,4.0,,2.0,3.0,1.0,,2.0,3.0,1.0,,4.0,0.0,5.0,6.0,6.0,4.0,6.0,5.0,,3.0,2.0,1.0,,2.0,3.0,1.0,4.0,4.0,5.0,5.0,4.0,5.0,5.0,5.0,1.0,3.0,4.0,5.0,5.0,5.0,4.0,4.0,4.0,4.0,COL,REL,ADV,0.0,1,2.0,1,1,intellectual,4.6,3.5,5.333333333333333,5.333333333333333,4.2,3.75,4.0,5.8,4.5,4.75,4.333333333333333,13.35,0,America/New_York,1,1,1,0,0,83.252,103.788,115.241,225.221,160.412,152.876,0,0.9436056393393878
150b15c2-8589-48d3-ba96-531cdb51d5ca,E6HUAWNS,H1,H,1,O5,True,completed,cloudresearch,508E8BDD7E264215B7EA211093E30F92,False,True,,,956,90,2026-09-02T00:06:45.574Z,2026-09-02T00:23:43.839Z,0,0,0,71.0,US,5.0,3.0,5.0,1.0,1.0,1.0,6.0,6.0,4.0,4.0,5.0,4.0,1.0,4.0,2.0,5.0,6.0,6.0,4.0,5.0,6.0,6.0,6.0,6.0,6.0,0.0,2.0,6.0,,6.0,6.0,6.0,6.0,6.0,4.0,,1.0,3.0,2.0,,1.0,3.0,2.0,,6.0,2.0,6.0,5.0,7.0,6.0,5.0,3.0,,1.0,2.0,3.0,,2.0,3.0,1.0,,6.0,,7.0,6.0,7.0,6.0,7.0,4.0,,1.0,2.0,3.0,,1.0,2.0,3.0,4.0,4.0,5.0,5.0,4.0,5.0,5.0,6.0,0.0,4.0,6.0,5.0,6.0,5.0,5.0,2.0,2.0,6.0,ADV,REL,COL,2.0,1,2.0,1,1,no mention,3.9,2.75,5.666666666666667,3.6666666666666665,3.8,2.5,3.2222222222222223,5.4,6.0,4.75,4.333333333333333,15.933333333333334,0,America/New_York,1,1,1,0,0,69.406,110.06,115.309,208.638,154.314,176.257,0,1.3420745771859504
7bdd1463-5ed9-4dad-a858-2019debf1043,8UEDA8DM,HA1,HA,1,O6,True,completed,cloudresearch,2E45B9B41B604F9BA5C4D04B9743F789,False,True,,,856,96,2026-09-02T00:06:50.047Z,2026-09-02T00:21:24.985Z,0,0,0,60.0,US,5.0,5.0,1.0,0.0,0.0,5.0,6.0,7.0,3.0,5.0,2.0,2.0,2.0,4.0,2.0,5.0,4.0,4.0,4.0,4.0,4.0,4.0,4.0,4.0,4.0,0.0,,6.0,,6.0,6.0,6.0,6.0,6.0,6.0,2.0,1.0,3.0,4.0,1.0,2.0,3.0,4.0,2.0,6.0,,5.0,6.0,6.0,6.0,6.0,6.0,2.0,1.0,3.0,4.0,1.0,2.0,3.0,4.0,,5.0,0.0,5.0,6.0,6.0,6.0,6.0,6.0,2.0,1.0,3.0,4.0,2.0,1.0,3.0,4.0,5.0,5.0,5.0,5.0,5.0,6.0,6.0,4.0,1.0,6.0,2.0,2.0,6.0,6.0,3.0,6.0,5.0,2.0,COL,ADV,REL,0.0,1,2.0,1,1,no mention,4.8,3.25,6.0,5.666666666666667,5.8,5.75,5.777777777777778,4.0,4.0,5.5,5.0,14.266666666666667,0,America/New_York,1,1,1,0,0,69.47,104.043,115.499,297.087,198.128,114.954,1,1.3358390351895237
412f3339-d3e8-4185-8cef-7084f78e6007,JZHB4MCV,HA3,HA,3,O6,True,completed,cloudresearch,089D82A5517A4F8DBE81B68F9B619986,False,True,,,1220,96,2026-09-02T00:06:55.204Z,2026-09-02T00:28:54.079Z,0,0,0,68.0,US,2.0,3.0,3.0,0.0,1.0,2.0,6.0,6.0,3.0,5.0,3.0,3.0,3.0,6.0,5.0,7.0,6.0,6.0,7.0,6.0,7.0,6.0,6.0,6.0,6.0,0.0,,3.0,,5.0,6.0,6.0,6.0,5.0,3.0,2.0,1.0,3.0,4.0,2.0,1.0,3.0,4.0,2.0,5.0,,5.0,6.0,7.0,6.0,6.0,5.0,3.0,2.0,4.0,1.0,3.0,2.0,4.0,1.0,,5.0,0.0,4.0,6.0,6.0,5.0,6.0,3.0,3.0,2.0,4.0,1.0,3.0,2.0,4.0,1.0,3.0,3.0,3.0,5.0,4.0,3.0,4.0,6.0,0.0,4.0,5.0,5.0,4.0,3.0,5.0,4.0,2.0,4.0,COL,ADV,REL,0.0,1,2.0,1,1,mobility,5.3,4.75,6.333333333333333,5.0,3.4,3.25,3.3333333333333335,6.4,6.0,4.0,3.0,20.333333333333332,0,America/Los_Angeles,1,1,1,0,0,69.389,104.174,519.889,375.891,215.682,164.669,0,1.3223438550614002
0b30c424-9028-4fad-ac58-ef0b05682d65,GDM79E49,H1,H,1,O6,True,completed,cloudresearch,B5AEAD4633F343DDAE27DD35EA73CEE4,False,True,,,1041,90,2026-09-02T00:06:56.035Z,2026-09-02T00:24:58.787Z,0,0,0,47.0,US,2.0,3.0,2.0,0.0,1.0,1.0,4.0,6.0,4.0,6.0,3.0,3.0,4.0,5.0,2.0,5.0,6.0,4.0,4.0,3.0,4.0,6.0,6.0,7.0,6.0,0.0,,6.0,,6.0,6.0,6.0,6.0,5.0,5.0,,1.0,2.0,3.0,,2.0,1.0,3.0,2.0,5.0,,5.0,5.0,7.0,5.0,5.0,5.0,,2.0,3.0,1.0,,1.0,3.0,2.0,,3.0,0.0,4.0,4.0,6.0,4.0,6.0,5.0,,1.0,2.0,3.0,,2.0,3.0,1.0,5.0,5.0,6.0,4.0,5.0,4.0,5.0,5.0,0.0,4.0,2.0,2.0,4.0,5.0,5.0,4.0,2.0,3.0,COL,ADV,REL,0.0,1,2.0,1,1,no mention,4.6,4.25,5.0,4.666666666666667,3.8,5.0,4.333333333333333,4.2,6.25,4.5,5.333333333333333,17.35,0,America/Chicago,1,1,1,0,0,69.37,103.813,115.348,258.493,226.285,159.227,0,1.172007599873617
c3cb6658-1621-40a0-93e9-d3c064c5841a,CU5SB6CN,HA2,HA,2,O6,True,completed,cloudresearch,23B7335472A1407BA6C9CDF60958C918,False,True,,,884,96,2026-09-02T00:06:57.619Z,2026-09-02T00:24:05.978Z,0,0,0,49.0,US,4.0,4.0,4.0,2.0,0.0,5.0,4.0,7.0,5.0,5.0,5.0,4.0,2.0,2.0,1.0,6.0,6.0,6.0,6.0,7.0,7.0,6.0,5.0,5.0,6.0,0.0,,5.0,,5.0,5.0,5.0,5.0,4.0,5.0,4.0,3.0,1.0,2.0,2.0,3.0,4.0,1.0,2.0,6.0,,5.0,6.0,5.0,6.0,6.0,6.0,2.0,3.0,1.0,4.0,2.0,4.0,3.0,1.0,,6.0,0.0,4.0,6.0,5.0,5.0,7.0,6.0,4.0,3.0,2.0,1.0,2.0,3.0,4.0,1.0,5.0,6.0,6.0,6.0,6.0,6.0,5.0,5.0,0.0,5.0,6.0,6.0,5.0,5.0,4.0,5.0,5.0,6.0,COL,ADV,REL,0.0,1,2.0,1,1,intellectual,3.7,2.5,5.666666666666667,3.3333333333333335,5.0,2.5,3.888888888888889,6.4,5.5,5.75,5.666666666666667,14.733333333333333,0,America/Los_Angeles,1,1,1,0,0,69.378,103.826,115.317,253.407,171.057,119.403,0,1.2148029924785615
40d344ea-fefd-41cb-a10b-213cf991dfa5,6K6KDC9J,H2,H,2,O4,True,completed,cloudresearch,CB8FAD75B8FD4A498232580B0E6332EA,False,True,,,2248,90,2026-09-02T00:07:04.219Z,2026-09-02T00:45:06.722Z,0,0,0,19.0,US,2.0,5.0,0.0,0.0,0.0,5.0,3.0,3.0,6.0,3.0,6.0,5.0,1.0,3.0,1.0,3.0,6.0,6.0,6.0,6.0,6.0,6.0,6.0,6.0,6.0,0.0,,6.0,1.0,6.0,6.0,7.0,6.0,6.0,6.0,,1.0,2.0,3.0,,1.0,2.0,3.0,,6.0,,6.0,6.0,7.0,6.0,6.0,6.0,,1.0,2.0,3.0,,1.0,2.0,3.0,2.0,6.0,,6.0,6.0,7.0,6.0,6.0,6.0,,1.0,2.0,3.0,,1.0,2.0,3.0,6.0,6.0,6.0,6.0,6.0,6.0,6.0,6.0,1.0,7.0,1.0,3.0,7.0,7.0,1.0,7.0,7.0,1.0,REL,COL,ADV,1.0,1,2.0,1,1,intellectual,2.4,2.0,3.0,2.3333333333333335,7.0,6.5,6.777777777777778,6.0,6.0,6.0,6.0,37.46666666666667,0,America/New_York,1,1,1,0,0,69.359,103.798,115.284,285.702,228.304,341.485,0,1.7704957428081936
fd34b17e-22ca-430c-a733-32fc95374ede,R26JHF2S,HA1,HA,1,O2,True,completed,cloudresearch,73639B5C12CC43228FDF70D5FF359D86,False,True,,,1612,96,2026-09-02T00:07:06.114Z,2026-09-02T00:35:21.207Z,0,0,0,59.0,CA,4.0,3.0,2.0,3.0,1.0,3.0,7.0,6.0,3.0,5.0,3.0,3.0,4.0,3.0,3.0,6.0,5.0,3.0,5.0,3.0,4.0,4.0,4.0,5.0,5.0,0.0,,5.0,,6.0,6.0,5.0,5.0,6.0,5.0,3.0,2.0,4.0,1.0,3.0,2.0,4.0,1.0,,5.0,2.0,6.0,5.0,5.0,5.0,5.0,5.0,3.0,1.0,4.0,2.0,1.0,3.0,2.0,4.0,2.0,5.0,,6.0,6.0,5.0,5.0,6.0,6.0,3.0,2.0,4.0,1.0,4.0,2.0,3.0,1.0,6.0,5.0,6.0,5.0,5.0,5.0,5.0,5.0,0.0,5.0,2.0,3.0,4.0,4.0,5.0,4.0,4.0,4.0,ADV,COL,REL,2.0,1,2.0,1,1,no mention,4.9,3.75,6.333333333333333,5.0,4.2,4.5,4.333333333333333,4.0,4.5,5.0,5.666666666666667,26.866666666666667,0,America/Toronto,1,1,1,0,0,69.326,209.504,237.658,448.54,405.557,178.911,0,1.016218979908557
867de350-ded7-4f1b-be20-c23b15912b73,XPTDC49P,H2,H,2,O3,True,completed,cloudresearch,4C32A548DD1C4BA493591FAD63E521CB,False,True,,,1250,90,2026-09-02T00:07:06.960Z,2026-09-02T00:28:33.726Z,0,0,0,47.0,US,2.0,4.0,5.0,4.0,1.0,0.0,2.0,3.0,4.0,2.0,5.0,4.0,5.0,2.0,2.0,2.0,6.0,5.0,5.0,2.0,4.0,7.0,7.0,7.0,7.0,0.0,2.0,6.0,,6.0,6.0,7.0,5.0,6.0,5.0,,1.0,2.0,3.0,,1.0,2.0,3.0,,6.0,,6.0,6.0,7.0,6.0,6.0,5.0,,1.0,2.0,3.0,,2.0,1.0,3.0,,5.0,0.0,5.0,5.0,7.0,5.0,5.0,5.0,,1.0,2.0,3.0,,2.0,3.0,1.0,6.0,5.0,5.0,5.0,6.0,6.0,6.0,6.0,0.0,5.0,2.0,4.0,6.0,7.0,3.0,6.0,6.0,5.0,COL,REL,ADV,0.0,1,2.0,1,1,intellectual,2.9,2.75,2.3333333333333335,3.6666666666666665,6.0,4.5,5.333333333333333,4.4,7.0,5.75,5.333333333333333,20.833333333333332,0,America/Indianapolis,1,1,1,0,0,69.588,104.044,116.211,312.35,203.516,406.344,0,1.5012125105926544
41858ff5-4f12-4409-879d-1c0dea18a081,M9XWE8G3,H2,H,2,O1,True,completed,cloudresearch,2F156D5945BE44349A64A979B00B1890,False,True,,,653,90,2026-09-02T00:07:08.808Z,2026-09-02T00:18:10.284Z,0,0,0,34.0,US,2.0,3.0,0.0,0.0,1.0,6.0,4.0,4.0,4.0,3.0,5.0,4.0,4.0,3.0,3.0,3.0,5.0,5.0,5.0,5.0,5.0,5.0,5.0,5.0,5.0,0.0,,5.0,1.0,6.0,5.0,6.0,5.0,5.0,5.0,,3.0,1.0,2.0,,3.0,2.0,1.0,2.0,7.0,,5.0,6.0,6.0,6.0,6.0,6.0,,3.0,1.0,2.0,,3.0,1.0,2.0,,3.0,,5.0,6.0,6.0,6.0,6.0,6.0,,2.0,1.0,3.0,,3.0,1.0,2.0,4.0,4.0,4.0,3.0,3.0,5.0,5.0,5.0,1.0,3.0,3.0,5.0,3.0,3.0,5.0,3.0,3.0,5.0,REL,ADV,COL,1.0,1,2.0,1,1,intellectual,3.5,3.25,3.6666666666666665,3.6666666666666665,3.0,3.5,3.2222222222222223,5.0,5.0,4.0,4.0,10.883333333333333,0,America/Denver,1,1,1,0,0,69.354,103.793,115.275,136.247,156.29,160.646,0,1.0998120462205851
06576a93-edbd-40bc-bd26-8df3135b3cab,VHFGG4A9,HA2,HA,2,O3,True,completed,cloudresearch,2AA34196A61246FEB5A078BC08EFB7EC,False,True,,,1629,96,2026-09-02T00:07:11.544Z,2026-09-02T00:35:08.216Z,0,0,0,61.0,CA,3.0,4.0,5.0,1.0,0.0,3.0,6.0,7.0,6.0,2.0,2.0,1.0,2.0,2.0,2.0,3.0,6.0,5.0,5.0,2.0,6.0,5.0,5.0,5.0,5.0,0.0,2.0,7.0,,6.0,6.0,6.0,7.0,7.0,7.0,1.0,4.0,2.0,3.0,2.0,3.0,1.0,4.0,,7.0,,6.0,6.0,6.0,6.0,7.0,7.0,3.0,1.0,2.0,4.0,3.0,1.0,2.0,4.0,,6.0,0.0,6.0,6.0,6.0,6.0,7.0,7.0,4.0,2.0,1.0,3.0,4.0,1.0,2.0,3.0,6.0,6.0,6.0,6.0,5.0,5.0,5.0,6.0,0.0,5.0,1.0,1.0,6.0,7.0,2.0,7.0,6.0,1.0,COL,REL,ADV,0.0,1,2.0,1,1,intellectual,3.9,2.0,5.333333333333333,5.0,6.2,6.75,6.444444444444445,4.8,5.0,5.25,6.0,27.15,0,America/Toronto,1,1,1,0,0,105.353,103.847,157.528,694.227,230.279,231.465,0,1.8169596364214062
547eed59-c7b2-4ee6-93ee-91413cf80685,AHDPFKQA,H1,H,1,O1,True,completed,cloudresearch,81AD5D1E0CE54A3FB71BB2C5A9C1E2D0,False,True,,,726,90,2026-09-02T00:07:12.538Z,2026-09-02T00:20:35.782Z,0,0,0,65.0,US,2.0,0.0,3.0,0.0,0.0,1.0,6.0,6.0,3.0,5.0,2.0,2.0,3.0,4.0,4.0,5.0,7.0,7.0,5.0,6.0,6.0,6.0,6.0,6.0,6.0,0.0,,3.0,1.0,4.0,4.0,5.0,4.0,4.0,4.0,,1.0,2.0,3.0,,1.0,3.0,2.0,2.0,3.0,,4.0,4.0,5.0,4.0,4.0,3.0,,1.0,2.0,3.0,,1.0,2.0,3.0,,3.0,,4.0,4.0,5.0,4.0,4.0,3.0,,1.0,2.0,3.0,,1.0,2.0,3.0,4.0,4.0,5.0,2.0,2.0,2.0,2.0,5.0,0.0,2.0,5.0,6.0,4.0,3.0,6.0,1.0,1.0,4.0,REL,ADV,COL,1.0,1,2.0,1,1,no mention,5.0,4.0,5.666666666666667,5.666666666666667,2.2,2.75,2.4444444444444446,6.2,6.0,2.0,4.333333333333333,12.1,0,America/New_York,1,1,1,0,0,69.422,103.838,115.314,175.606,162.36,148.495,0,1.4858439260134224
e33fc421-386d-43e6-8a0e-13c0ba9f5831,QBTBSXQG,A,A,,O6,True,completed,cloudresearch,F85F0FCAB097498DAFE83A6C884E07BC,False,True,,,1109,87,2026-09-02T00:07:14.967Z,2026-09-02T00:26:33.869Z,0,0,0,57.0,US,4.0,5.0,3.0,2.0,0.0,3.0,5.0,5.0,6.0,2.0,5.0,3.0,6.0,2.0,2.0,6.0,4.0,4.0,5.0,4.0,4.0,4.0,4.0,4.0,4.0,0.0,,5.0,,6.0,6.0,,6.0,5.0,5.0,2.0,,3.0,1.0,2.0,,3.0,1.0,2.0,6.0,,6.0,6.0,,6.0,6.0,6.0,2.0,,3.0,1.0,2.0,,3.0,1.0,,5.0,0.0,6.0,5.0,,5.0,5.0,5.0,1.0,,2.0,3.0,1.0,,2.0,3.0,5.0,5.0,4.0,6.0,5.0,5.0,5.0,6.0,0.0,6.0,2.0,6.0,6.0,6.0,2.0,5.0,6.0,2.0,COL,ADV,REL,0.0,1,2.0,1,0,AI (no operator),3.8,3.0,5.333333333333333,3.3333333333333335,5.8,5.0,5.444444444444445,4.2,4.0,5.25,4.666666666666667,18.483333333333334,0,America/Chicago,1,1,1,0,0,70.102,104.699,115.978,309.251,216.183,140.516,1,1.2174864378001178
391c9318-d919-4cdc-aac4-b7cf0b008943,KNRYJZNW,H1,H,1,O4,True,completed,cloudresearch,C2F4B3B0A52A4B5FA650E213ED52FE99,False,True,,,976,90,2026-09-02T00:07:18.024Z,2026-09-02T00:24:24.566Z,0,0,0,22.0,US,2.0,5.0,1.0,5.0,0.0,2.0,5.0,5.0,4.0,4.0,4.0,4.0,2.0,4.0,2.0,4.0,5.0,6.0,6.0,5.0,6.0,4.0,6.0,6.0,6.0,0.0,,3.0,1.0,6.0,6.0,6.0,5.0,5.0,3.0,,1.0,2.0,3.0,,1.0,3.0,2.0,,4.0,,6.0,5.0,6.0,5.0,4.0,2.0,,1.0,2.0,3.0,,1.0,3.0,2.0,2.0,4.0,,6.0,6.0,6.0,5.0,6.0,3.0,,1.0,3.0,2.0,,1.0,3.0,2.0,3.0,3.0,3.0,5.0,5.0,5.0,5.0,3.0,0.0,5.0,4.0,4.0,5.0,7.0,3.0,5.0,6.0,4.0,REL,COL,ADV,1.0,1,2.0,1,1,no mention,3.8,3.0,4.666666666666667,4.0,5.6,4.25,5.0,5.6,5.5,5.0,3.0,16.266666666666666,0,America/New_York,1,1,1,0,0,69.728,103.95,115.597,167.05,233.314,149.286,0,1.1792557516695097
1f51c926-298d-46f1-83be-ae33bbc8f9fa,RQ8JGVVM,H2,H,2,O5,True,completed,cloudresearch,095B57C3511141F5A5859676DA477F40,False,True,,,1153,90,2026-09-02T00:07:18.205Z,2026-09-02T00:27:35.530Z,0,0,0,36.0,US,5.0,5.0,2.0,3.0,0.0,4.0,6.0,6.0,4.0,2.0,2.0,1.0,3.0,2.0,2.0,3.0,6.0,6.0,5.0,4.0,6.0,4.0,5.0,4.0,4.0,0.0,2.0,1.0,,6.0,4.0,6.0,4.0,4.0,1.0,,1.0,2.0,3.0,,1.0,2.0,3.0,,1.0,2.0,6.0,5.0,6.0,4.0,5.0,2.0,,1.0,2.0,3.0,,1.0,2.0,3.0,,3.0,,6.0,6.0,6.0,5.0,6.0,4.0,,1.0,2.0,3.0,,1.0,2.0,3.0,2.0,3.0,3.0,3.0,5.0,4.0,4.0,1.0,0.0,7.0,5.0,4.0,6.0,7.0,5.0,2.0,7.0,7.0,ADV,REL,COL,2.0,1,2.0,1,1,intellectual,4.1,2.25,5.0,5.666666666666667,5.8,2.75,4.444444444444445,5.4,4.25,4.0,2.6666666666666665,19.216666666666665,0,America/New_York,1,1,1,0,0,69.365,104.078,115.217,193.033,130.738,174.562,0,1.6543654032128976
a2d6d066-38c4-4a09-b230-37ffaf6c3871,DBXB8P6R,HA1,HA,1,O3,True,completed,cloudresearch,F9EC24F1B7FE4E199AAB657CC42B5D6C,False,True,,,1361,96,2026-09-02T00:07:20.266Z,2026-09-02T00:36:21.351Z,0,0,0,48.0,CA,4.0,5.0,4.0,4.0,0.0,4.0,4.0,5.0,6.0,4.0,6.0,4.0,1.0,2.0,2.0,5.0,6.0,6.0,4.0,5.0,6.0,6.0,6.0,6.0,6.0,0.0,2.0,7.0,,6.0,6.0,6.0,6.0,6.0,6.0,2.0,1.0,3.0,4.0,3.0,1.0,4.0,2.0,,7.0,,7.0,7.0,7.0,7.0,7.0,6.0,2.0,1.0,4.0,3.0,3.0,1.0,4.0,2.0,,6.0,0.0,6.0,5.0,5.0,6.0,7.0,6.0,3.0,1.0,2.0,4.0,1.0,3.0,2.0,4.0,7.0,7.0,7.0,7.0,6.0,6.0,6.0,6.0,0.0,6.0,3.0,5.0,6.0,6.0,5.0,4.0,5.0,6.0,COL,REL,ADV,0.0,1,2.0,1,1,no mention,3.1,2.25,4.666666666666667,2.6666666666666665,5.4,3.25,4.444444444444445,5.4,6.0,6.25,7.0,22.683333333333334,0,America/Toronto,1,1,1,0,0,69.35,108.686,152.011,477.338,209.37,210.497,0,1.4145157238675943
45492265-b7ef-4f2e-b5b3-f99d4a5fcb94,NMJZMPUF,HA3,HA,3,O4,True,completed,cloudresearch,8A4B1EA38F6147D5843CE2F107F04779,False,True,,,1024,96,2026-09-02T00:07:20.767Z,2026-09-02T00:24:46.565Z,0,0,0,28.0,US,2.0,5.0,0.0,0.0,1.0,2.0,7.0,7.0,2.0,6.0,2.0,2.0,4.0,6.0,4.0,5.0,7.0,4.0,5.0,4.0,6.0,4.0,4.0,4.0,5.0,0.0,,6.0,1.0,6.0,6.0,6.0,6.0,5.0,5.0,2.0,1.0,3.0,4.0,2.0,1.0,3.0,4.0,,6.0,,6.0,6.0,6.0,6.0,5.0,5.0,2.0,1.0,3.0,4.0,2.0,1.0,3.0,4.0,2.0,5.0,,5.0,7.0,6.0,6.0,6.0,6.0,2.0,1.0,4.0,3.0,3.0,2.0,4.0,1.0,3.0,3.0,3.0,5.0,4.0,3.0,2.0,6.0,0.0,6.0,5.0,5.0,4.0,4.0,5.0,2.0,3.0,5.0,REL,COL,ADV,1.0,1,2.0,1,1,mobility,5.7,5.0,6.333333333333333,6.0,3.8,3.0,3.4444444444444446,5.2,4.25,3.5,3.0,17.066666666666666,0,America/New_York,1,1,1,0,0,69.956,233.83,116.091,119.671,195.792,286.365,0,1.3691572147250906
a77583da-93d5-4f1d-83a1-e1332ed421d6,HEPZSYG8,H3,H,3,O6,True,completed,cloudresearch,65C71BEA4EE345C2A59BEFD50EECDC02,False,True,,,1177,90,2026-09-02T00:07:23.021Z,2026-09-02T00:27:12.017Z,0,0,0,31.0,US,4.0,4.0,2.0,1.0,1.0,2.0,7.0,7.0,3.0,6.0,1.0,1.0,2.0,6.0,4.0,5.0,5.0,4.0,4.0,3.0,4.0,3.0,4.0,4.0,5.0,0.0,,5.0,,7.0,5.0,7.0,5.0,4.0,3.0,,1.0,2.0,3.0,,1.0,2.0,3.0,2.0,7.0,,7.0,7.0,7.0,6.0,5.0,4.0,,1.0,3.0,2.0,,1.0,3.0,2.0,,4.0,0.0,7.0,6.0,7.0,5.0,6.0,4.0,,1.0,2.0,3.0,,1.0,2.0,3.0,4.0,5.0,4.0,4.0,2.0,2.0,2.0,7.0,0.0,2.0,7.0,7.0,4.0,5.0,7.0,2.0,1.0,7.0,COL,ADV,REL,0.0,1,2.0,1,1,mobility,5.6,4.5,6.333333333333333,6.333333333333333,2.8,1.0,2.0,4.0,4.0,2.5,4.333333333333333,19.616666666666667,0,America/Los_Angeles,1,1,1,0,0,75.178,104.06,119.606,175.486,136.65,104.212,0,1.8328834611068694
44e53c51-7d61-422e-9e95-14935c509f1f,REV5PGHT,HA2,HA,2,O5,True,completed,cloudresearch,5B92CFB25D2143C683A17385B73AFFF7,False,True,,,798,96,2026-09-02T00:07:25.384Z,2026-09-02T00:21:32.093Z,0,0,0,38.0,US,5.0,3.0,5.0,1.0,1.0,4.0,7.0,7.0,1.0,7.0,7.0,1.0,4.0,7.0,1.0,7.0,6.0,4.0,4.0,4.0,4.0,4.0,4.0,4.0,4.0,0.0,2.0,1.0,,6.0,6.0,6.0,6.0,6.0,6.0,2.0,3.0,1.0,4.0,2.0,3.0,1.0,4.0,,1.0,2.0,6.0,6.0,6.0,6.0,6.0,1.0,2.0,3.0,1.0,4.0,2.0,3.0,1.0,4.0,,1.0,,5.0,3.0,4.0,3.0,2.0,1.0,2.0,3.0,1.0,4.0,2.0,3.0,1.0,4.0,1.0,1.0,1.0,1.0,1.0,1.0,1.0,6.0,0.0,1.0,7.0,7.0,1.0,1.0,7.0,1.0,1.0,7.0,ADV,REL,COL,2.0,1,2.0,1,1,intellectual,5.5,4.75,7.0,5.0,1.0,1.0,1.0,4.4,4.0,1.0,1.0,13.3,0,America/Los_Angeles,1,1,1,0,0,69.508,103.992,115.494,167.945,137.157,202.914,0,2.3946899175039396
c97c900c-3c3e-42d4-ac2c-b7ce9787a47e,N6WAG6KZ,A,A,,O5,True,completed,cloudresearch,FF899F75F54D41309DB2B7B473123FDD,False,True,,,835,87,2026-09-02T00:07:27.560Z,2026-09-02T00:22:32.375Z,0,0,0,57.0,US,3.0,4.0,5.0,1.0,1.0,1.0,6.0,4.0,6.0,2.0,4.0,2.0,2.0,2.0,1.0,2.0,6.0,4.0,6.0,4.0,6.0,6.0,6.0,6.0,6.0,0.0,2.0,7.0,,2.0,6.0,,6.0,6.0,6.0,1.0,,2.0,3.0,1.0,,2.0,3.0,,6.0,2.0,2.0,6.0,,6.0,7.0,6.0,2.0,,3.0,1.0,2.0,,3.0,1.0,,6.0,,2.0,6.0,,6.0,7.0,6.0,1.0,,2.0,3.0,1.0,,2.0,3.0,6.0,6.0,6.0,6.0,6.0,7.0,7.0,5.0,1.0,6.0,1.0,2.0,7.0,6.0,1.0,6.0,6.0,2.0,ADV,REL,COL,2.0,1,2.0,1,0,AI (no operator),3.1,1.75,4.0,4.0,6.2,6.5,6.333333333333333,5.2,6.0,6.5,6.0,13.916666666666666,0,America/Chicago,1,1,1,0,0,69.362,103.854,115.262,213.003,157.795,168.146,0,1.8761150233976915
22a13fed-3b42-4b77-8deb-85e6849606f3,34NDAC3U,H3,H,3,O2,True,completed,cloudresearch,2A3A68A550284517B6A5ED7F58321777,False,True,,,624,90,2026-09-02T00:07:30.967Z,2026-09-02T00:18:17.274Z,0,0,0,43.0,US,4.0,4.0,1.0,3.0,0.0,5.0,6.0,6.0,2.0,6.0,5.0,6.0,6.0,2.0,2.0,6.0,6.0,6.0,5.0,6.0,6.0,6.0,6.0,6.0,6.0,0.0,,7.0,,7.0,6.0,7.0,5.0,6.0,6.0,,1.0,3.0,2.0,,1.0,3.0,2.0,,7.0,2.0,5.0,6.0,7.0,6.0,6.0,5.0,,1.0,3.0,2.0,,1.0,3.0,2.0,2.0,5.0,,5.0,6.0,7.0,6.0,7.0,6.0,,1.0,3.0,2.0,,1.0,3.0,2.0,6.0,6.0,6.0,5.0,6.0,6.0,5.0,6.0,0.0,5.0,2.0,2.0,5.0,6.0,2.0,5.0,6.0,5.0,ADV,COL,REL,2.0,1,2.0,1,1,mobility,4.5,4.0,6.0,3.6666666666666665,5.4,5.25,5.333333333333333,5.8,6.0,5.5,6.0,10.4,0,America/New_York,1,1,1,0,0,69.34,103.864,115.286,155.09,153.75,97.153,0,1.2742838426046192
fa7edf4f-77ce-4e31-8dba-024cc5b01c8b,VKB2D7XP,H3,H,3,O5,True,completed,cloudresearch,5D65A6E3605D42CEAA8043868C787403,False,True,,,759,90,2026-09-02T00:07:33.225Z,2026-09-02T00:23:39.389Z,0,0,0,38.0,US,4.0,0.0,3.0,0.0,0.0,6.0,7.0,7.0,1.0,4.0,4.0,1.0,1.0,4.0,1.0,7.0,7.0,7.0,7.0,7.0,7.0,7.0,7.0,7.0,7.0,0.0,2.0,7.0,,7.0,7.0,7.0,7.0,7.0,7.0,,1.0,2.0,3.0,,1.0,3.0,2.0,,7.0,2.0,7.0,7.0,7.0,7.0,7.0,7.0,,2.0,3.0,1.0,,2.0,3.0,1.0,,7.0,,7.0,5.0,7.0,5.0,5.0,7.0,,1.0,2.0,3.0,,1.0,3.0,2.0,1.0,1.0,1.0,4.0,4.0,4.0,4.0,7.0,0.0,4.0,4.0,4.0,7.0,4.0,4.0,4.0,4.0,4.0,ADV,REL,COL,2.0,1,2.0,1,1,mobility,4.9,2.5,7.0,6.0,4.6,4.0,4.333333333333333,7.0,7.0,4.0,1.0,12.65,0,America/New_York,1,1,1,0,0,69.528,104.044,115.566,199.645,141.964,185.895,2,2.0775958081221484
6a09af2e-ad74-45bc-b687-dd81a4d7f086,WVDWCQPZ,HA1,HA,1,O6,True,completed,cloudresearch,6FE384D3C9474DA0A8938E2F4B35FC3D,False,True,,,703,96,2026-09-02T00:07:35.392Z,2026-09-02T00:19:51.447Z,0,0,0,50.0,US,5.0,2.0,3.0,1.0,0.0,6.0,5.0,5.0,5.0,3.0,5.0,4.0,3.0,3.0,5.0,5.0,5.0,3.0,3.0,5.0,5.0,5.0,5.0,5.0,5.0,0.0,,6.0,,6.0,6.0,6.0,6.0,6.0,6.0,2.0,1.0,3.0,4.0,2.0,1.0,3.0,4.0,2.0,6.0,,5.0,5.0,5.0,6.0,6.0,5.0,2.0,1.0,3.0,4.0,1.0,2.0,3.0,4.0,,3.0,0.0,5.0,5.0,5.0,5.0,5.0,5.0,1.0,2.0,3.0,4.0,2.0,1.0,3.0,4.0,5.0,5.0,5.0,5.0,5.0,5.0,5.0,6.0,1.0,3.0,5.0,5.0,5.0,3.0,3.0,3.0,3.0,5.0,COL,ADV,REL,0.0,1,2.0,1,1,no mention,3.9,3.5,5.0,3.3333333333333335,3.4,3.5,3.4444444444444446,4.2,5.0,5.0,5.0,11.716666666666667,0,America/Chicago,1,1,1,0,0,69.394,103.83,115.319,207.91,145.187,98.307,1,0.9645345079845441
5bea2696-3ca7-4fd0-aa18-fab91c411280,6JW7U724,HA3,HA,3,O1,True,completed,cloudresearch,35928CBC7E9341D0BBD9E5FC480CEB48,False,True,,,943,96,2026-09-02T00:07:36.199Z,2026-09-02T00:24:07.468Z,0,0,0,53.0,CA,3.0,5.0,2.0,0.0,0.0,3.0,3.0,4.0,7.0,1.0,6.0,5.0,1.0,1.0,1.0,1.0,7.0,5.0,6.0,6.0,7.0,5.0,5.0,6.0,6.0,0.0,,7.0,1.0,7.0,7.0,6.0,7.0,7.0,7.0,1.0,3.0,2.0,4.0,2.0,1.0,3.0,4.0,2.0,7.0,,7.0,7.0,6.0,7.0,6.0,7.0,2.0,1.0,3.0,4.0,2.0,1.0,3.0,4.0,,7.0,,6.0,7.0,7.0,7.0,7.0,7.0,2.0,3.0,1.0,4.0,2.0,3.0,1.0,4.0,7.0,7.0,7.0,6.0,4.0,5.0,5.0,7.0,0.0,7.0,2.0,2.0,7.0,7.0,1.0,6.0,7.0,1.0,REL,ADV,COL,1.0,1,2.0,1,1,mobility,1.8,1.0,2.6666666666666665,2.0,6.8,6.5,6.666666666666667,6.2,5.5,5.0,7.0,15.716666666666667,0,America/Vancouver,1,1,1,0,0,69.34,103.808,115.328,225.127,258.005,190.198,0,2.137879479714047
4c2e629d-321a-4bed-9227-5560ccb2f2be,M6AA9NMM,HA1,HA,1,O4,True,completed,cloudresearch,F2F0AD4EDE5B4DCAADD9FEC470A1ED13,False,True,,,1945,96,2026-09-02T00:07:36.714Z,2026-09-02T00:40:35.080Z,0,0,0,36.0,US,4.0,5.0,1.0,0.0,0.0,1.0,6.0,6.0,3.0,3.0,2.0,3.0,1.0,3.0,4.0,6.0,6.0,5.0,5.0,6.0,7.0,6.0,6.0,6.0,7.0,0.0,,5.0,1.0,6.0,7.0,5.0,5.0,5.0,6.0,2.0,1.0,3.0,4.0,3.0,1.0,2.0,4.0,,6.0,,7.0,6.0,6.0,5.0,6.0,6.0,1.0,4.0,2.0,3.0,1.0,4.0,2.0,3.0,2.0,3.0,,5.0,6.0,6.0,6.0,6.0,7.0,4.0,1.0,2.0,3.0,3.0,1.0,2.0,4.0,6.0,7.0,7.0,5.0,6.0,5.0,6.0,5.0,0.0,6.0,7.0,7.0,3.0,3.0,6.0,2.0,2.0,6.0,REL,COL,ADV,1.0,1,2.0,1,1,no mention,4.5,2.75,6.0,5.333333333333333,3.2,1.5,2.4444444444444446,5.8,6.25,5.5,6.666666666666667,32.416666666666664,0,America/New_York,1,1,1,0,0,69.684,555.576,606.164,127.364,679.325,617.327,0,1.5820908368308226
fd1d8a26-0603-4cce-95de-98f3c3655059,BMWNKAZF,HA1,HA,1,O5,True,completed,cloudresearch,03204146D04547308EC69CEDD44A37F9,False,True,,,763,96,2026-09-02T00:07:37.361Z,2026-09-02T00:20:39.737Z,0,0,0,71.0,US,4.0,4.0,0.0,0.0,1.0,6.0,7.0,7.0,3.0,6.0,3.0,3.0,2.0,5.0,6.0,6.0,5.0,4.0,3.0,4.0,4.0,4.0,4.0,4.0,4.0,0.0,2.0,4.0,,5.0,4.0,5.0,4.0,3.0,1.0,2.0,4.0,3.0,1.0,2.0,4.0,3.0,1.0,,5.0,2.0,5.0,6.0,6.0,5.0,5.0,3.0,4.0,2.0,3.0,1.0,4.0,2.0,3.0,1.0,,5.0,,5.0,5.0,5.0,5.0,5.0,5.0,2.0,3.0,1.0,4.0,2.0,3.0,1.0,4.0,4.0,4.0,4.0,5.0,4.0,4.0,4.0,4.0,1.0,4.0,5.0,6.0,6.0,4.0,7.0,4.0,4.0,5.0,ADV,REL,COL,2.0,1,2.0,1,1,no mention,5.4,4.75,6.666666666666667,5.0,4.4,2.25,3.4444444444444446,4.0,4.0,4.25,4.0,12.716666666666667,0,America/New_York,1,1,1,0,0,69.357,103.792,115.274,222.679,144.44,171.751,1,1.1600001213022255
d9ecb94b-6295-431c-af9c-ec59f165c475,RAUVYASS,HA1,HA,1,O1,True,completed,cloudresearch,9E7AE783B5504B749B7823786A02B7BC,False,False,,,1589,96,2026-09-02T00:07:39.322Z,2026-09-02T00:35:11.918Z,0,0,0,71.0,US,2.0,5.0,4.0,0.0,0.0,1.0,5.0,5.0,6.0,2.0,4.0,3.0,3.0,2.0,1.0,3.0,6.0,5.0,3.0,5.0,7.0,6.0,6.0,6.0,6.0,0.0,,6.0,1.0,6.0,6.0,6.0,6.0,7.0,7.0,2.0,1.0,3.0,4.0,1.0,2.0,3.0,4.0,1.0,6.0,,6.0,7.0,7.0,6.0,7.0,6.0,2.0,1.0,3.0,4.0,1.0,2.0,3.0,4.0,,6.0,,6.0,7.0,7.0,7.0,7.0,6.0,2.0,1.0,3.0,4.0,2.0,1.0,3.0,4.0,5.0,5.0,5.0,6.0,6.0,7.0,7.0,5.0,1.0,7.0,2.0,4.0,6.0,7.0,2.0,6.0,7.0,2.0,REL,ADV,COL,1.0,1,1.0,0,1,no mention,3.2,2.0,4.333333333333333,3.6666666666666665,6.6,5.5,6.111111111111111,5.2,6.0,6.5,5.0,26.483333333333334,0,America/New_York,1,1,1,0,0,69.356,103.77,115.334,304.936,229.415,223.415,0,1.630670789526075
58bcc6ed-3446-4d51-b2b5-e73f984cbee6,VHN9AMQ6,HA2,HA,2,O4,True,completed,cloudresearch,6A5FDF06CA8B4FE7B05C106446690B25,False,True,,,1193,96,2026-09-02T00:07:40.308Z,2026-09-02T00:28:15.206Z,0,0,0,55.0,US,5.0,5.0,4.0,0.0,0.0,1.0,3.0,5.0,5.0,2.0,5.0,5.0,1.0,2.0,1.0,1.0,7.0,7.0,7.0,3.0,7.0,7.0,6.0,7.0,7.0,0.0,,7.0,1.0,7.0,7.0,7.0,7.0,7.0,7.0,4.0,1.0,2.0,3.0,4.0,1.0,2.0,3.0,,7.0,,7.0,7.0,7.0,7.0,7.0,7.0,4.0,1.0,2.0,3.0,4.0,1.0,2.0,3.0,2.0,7.0,,6.0,7.0,6.0,7.0,7.0,7.0,4.0,1.0,3.0,2.0,4.0,2.0,3.0,1.0,6.0,6.0,7.0,7.0,7.0,7.0,7.0,7.0,0.0,7.0,1.0,1.0,6.0,6.0,3.0,6.0,6.0,2.0,REL,COL,ADV,1.0,1,2.0,1,1,intellectual,2.4,1.5,3.0,3.0,6.2,6.25,6.222222222222222,6.2,6.75,7.0,6.333333333333333,19.883333333333333,0,America/New_York,1,1,1,0,0,296.3,103.858,131.184,418.723,255.016,178.784,2,2.0464229773832003
3236d2ba-b7c9-42ad-b78a-8c742d78b19e,8UTKRNUJ,A,A,,O1,True,completed,cloudresearch,5ADE77A278C047FA9B8AB707A6212AE5,False,True,,,835,87,2026-09-02T00:07:41.757Z,2026-09-02T00:22:34.803Z,0,0,0,63.0,US,4.0,2.0,4.0,0.0,1.0,3.0,3.0,4.0,6.0,2.0,6.0,4.0,2.0,2.0,2.0,3.0,7.0,7.0,7.0,7.0,7.0,7.0,7.0,7.0,7.0,0.0,,7.0,1.0,7.0,7.0,,7.0,7.0,7.0,1.0,,2.0,3.0,1.0,,2.0,3.0,2.0,7.0,,7.0,7.0,,7.0,7.0,7.0,1.0,,2.0,3.0,1.0,,2.0,3.0,,7.0,,7.0,6.0,,6.0,7.0,7.0,2.0,,1.0,3.0,1.0,,2.0,3.0,7.0,7.0,7.0,6.0,5.0,6.0,6.0,6.0,0.0,5.0,2.0,2.0,6.0,5.0,2.0,5.0,3.0,5.0,REL,ADV,COL,1.0,1,2.0,1,0,AI (no operator),2.6,2.0,3.3333333333333335,2.6666666666666665,4.8,5.25,5.0,7.0,7.0,5.75,7.0,13.916666666666666,0,America/New_York,1,1,1,0,0,69.34,103.819,115.306,158.303,173.589,178.845,2,1.8526888320193544
5485c7d2-f933-4fe1-a44b-33f161d1a741,XJVAUDVD,H3,H,3,O4,True,completed,cloudresearch,85451B66FB6042CABB07E2933FCF2DA3,False,True,,,961,90,2026-09-02T00:07:41.918Z,2026-09-02T00:25:14.469Z,0,0,0,48.0,US,3.0,4.0,3.0,0.0,1.0,0.0,2.0,4.0,7.0,1.0,6.0,6.0,1.0,2.0,1.0,2.0,7.0,7.0,7.0,6.0,6.0,6.0,7.0,6.0,6.0,0.0,,7.0,1.0,7.0,7.0,7.0,6.0,6.0,7.0,,2.0,1.0,3.0,,1.0,2.0,3.0,,7.0,,7.0,7.0,7.0,7.0,7.0,7.0,,1.0,2.0,3.0,,1.0,2.0,3.0,2.0,7.0,,7.0,7.0,7.0,7.0,7.0,7.0,,2.0,1.0,3.0,,1.0,2.0,3.0,7.0,7.0,7.0,7.0,7.0,7.0,7.0,7.0,0.0,7.0,2.0,2.0,5.0,6.0,1.0,5.0,6.0,2.0,REL,COL,ADV,1.0,1,2.0,1,1,mobility,1.8,1.25,2.6666666666666665,1.6666666666666667,5.8,6.25,6.0,6.6,6.25,7.0,7.0,16.016666666666666,0,America/Chicago,1,1,1,0,0,69.346,103.851,115.331,204.905,198.325,172.907,2,2.1085543167294305
9cfddda0-5c97-43d1-9a08-02a34444d69e,MUCDCM4B,A,A,,O4,True,completed,cloudresearch,BCE9158D8EC84D9CA74C7C0943809625,False,True,,,925,87,2026-09-02T00:07:44.751Z,2026-09-02T00:26:33.084Z,0,0,0,48.0,US,3.0,4.0,4.0,1.0,1.0,1.0,2.0,5.0,6.0,2.0,6.0,5.0,2.0,3.0,1.0,2.0,7.0,6.0,6.0,4.0,6.0,6.0,6.0,6.0,6.0,0.0,,7.0,1.0,7.0,7.0,,7.0,7.0,7.0,1.0,,2.0,3.0,1.0,,2.0,3.0,,7.0,,7.0,7.0,,7.0,7.0,7.0,1.0,,2.0,3.0,1.0,,2.0,3.0,2.0,6.0,,6.0,7.0,,7.0,7.0,7.0,1.0,,2.0,3.0,1.0,,2.0,3.0,7.0,7.0,7.0,7.0,7.0,7.0,7.0,7.0,0.0,6.0,2.0,3.0,6.0,6.0,1.0,6.0,6.0,2.0,REL,COL,ADV,1.0,1,2.0,1,0,AI (no operator),2.4,2.0,3.0,2.3333333333333335,6.0,6.0,6.0,5.8,6.0,7.0,7.0,15.416666666666666,0,America/New_York,1,1,1,0,0,69.704,104.37,115.822,180.693,204.387,184.3,2,1.914748004473414
0c21ec27-66b8-4999-aa57-0a6389dab9e0,94FJBNBK,H2,H,2,O2,True,completed,cloudresearch,F5AF88F0FF45491DA03A2AE77DDC63AE,False,False,,,783,90,2026-09-02T00:07:45.042Z,2026-09-02T00:21:37.705Z,0,0,0,27.0,US,1.0,5.0,0.0,0.0,0.0,1.0,7.0,7.0,5.0,2.0,2.0,2.0,2.0,2.0,2.0,6.0,3.0,3.0,3.0,3.0,3.0,7.0,6.0,6.0,6.0,0.0,,7.0,,7.0,7.0,7.0,7.0,7.0,7.0,,1.0,2.0,3.0,,1.0,2.0,3.0,,6.0,2.0,6.0,6.0,6.0,6.0,6.0,6.0,,1.0,2.0,3.0,,2.0,1.0,3.0,7.0,7.0,,7.0,7.0,7.0,7.0,7.0,7.0,,1.0,2.0,3.0,,1.0,2.0,3.0,5.0,5.0,5.0,5.0,5.0,5.0,5.0,1.0,0.0,5.0,4.0,5.0,5.0,5.0,3.0,5.0,5.0,2.0,ADV,COL,REL,2.0,1,7.0,0,1,intellectual,4.3,2.0,6.666666666666667,5.0,5.0,4.5,4.777777777777778,3.0,6.25,5.0,5.0,13.05,0,America/Chicago,1,1,1,0,0,69.406,103.79,115.341,183.474,172.434,104.297,3,1.6710156210187648
3b3a266c-db3b-4822-ab8f-658a91233f71,QYX7PUAD,H1,H,1,O3,True,completed,cloudresearch,A825CF7B92AA4241BE5B85C5946397B9,False,True,,,648,90,2026-09-02T00:07:48.215Z,2026-09-02T00:18:45.192Z,0,0,0,39.0,US,4.0,5.0,3.0,2.0,0.0,4.0,1.0,4.0,6.0,1.0,7.0,7.0,1.0,1.0,1.0,1.0,4.0,4.0,4.0,4.0,5.0,4.0,4.0,4.0,4.0,0.0,2.0,7.0,,7.0,7.0,6.0,7.0,7.0,7.0,,2.0,3.0,1.0,,2.0,3.0,1.0,,7.0,,7.0,7.0,6.0,7.0,7.0,7.0,,1.0,3.0,2.0,,1.0,3.0,2.0,,7.0,0.0,7.0,7.0,6.0,7.0,7.0,7.0,,1.0,3.0,2.0,,2.0,3.0,1.0,7.0,7.0,7.0,7.0,7.0,7.0,7.0,7.0,0.0,7.0,1.0,7.0,7.0,7.0,4.0,4.0,7.0,4.0,COL,REL,ADV,0.0,1,2.0,1,1,no mention,1.4,1.0,2.0,1.3333333333333333,6.4,4.0,5.333333333333333,4.2,4.0,7.0,7.0,10.8,0,America/New_York,1,1,1,0,0,69.526,103.873,115.499,190.676,105.743,132.945,0,2.188017016213394
4d1ba853-9576-477c-9ccc-3d4dc23b3567,FUSJ3CPK,H1,H,1,O2,True,completed,cloudresearch,D553C222F56E4D609959D36F65148024,False,True,,,1172,90,2026-09-02T00:07:54.349Z,2026-09-02T00:27:34.249Z,0,0,0,39.0,US,2.0,5.0,1.0,0.0,0.0,3.0,4.0,5.0,4.0,2.0,4.0,2.0,3.0,6.0,3.0,3.0,6.0,4.0,3.0,4.0,5.0,6.0,6.0,6.0,6.0,0.0,,6.0,,6.0,6.0,6.0,6.0,6.0,6.0,,1.0,2.0,3.0,,1.0,2.0,3.0,,6.0,2.0,6.0,6.0,2.0,6.0,6.0,6.0,,1.0,2.0,3.0,,1.0,2.0,3.0,2.0,6.0,,6.0,6.0,6.0,6.0,6.0,6.0,,1.0,2.0,3.0,,1.0,2.0,3.0,6.0,6.0,6.0,5.0,5.0,5.0,5.0,6.0,0.0,6.0,2.0,3.0,5.0,5.0,2.0,6.0,5.0,2.0,ADV,COL,REL,2.0,1,2.0,1,1,no mention,4.0,3.5,4.0,4.666666666666667,5.4,5.75,5.555555555555555,4.4,6.0,5.0,6.0,19.533333333333335,0,America/Los_Angeles,1,1,1,0,0,69.378,103.798,115.276,291.944,303.109,133.132,2,1.335081411623938
44744939-ab1e-4a84-ad07-f7d0f2334fe0,ETBK4CUE,HA2,HA,2,O2,True,completed,cloudresearch,2F58F656D2614F09A0A106D6AE04C0A2,False,True,,,1013,96,2026-09-02T00:07:55.331Z,2026-09-02T00:25:19.968Z,0,0,0,18.0,US,2.0,5.0,5.0,4.0,1.0,1.0,7.0,7.0,3.0,3.0,4.0,3.0,5.0,5.0,3.0,3.0,5.0,3.0,4.0,3.0,6.0,4.0,6.0,7.0,7.0,0.0,,6.0,,7.0,6.0,7.0,6.0,6.0,6.0,2.0,1.0,3.0,4.0,2.0,1.0,3.0,4.0,,5.0,2.0,6.0,6.0,7.0,6.0,6.0,6.0,2.0,1.0,3.0,4.0,2.0,1.0,3.0,4.0,2.0,5.0,,6.0,6.0,7.0,6.0,6.0,6.0,2.0,1.0,3.0,4.0,2.0,1.0,3.0,4.0,5.0,6.0,5.0,6.0,5.0,6.0,6.0,6.0,0.0,6.0,2.0,5.0,4.0,5.0,5.0,3.0,3.0,5.0,ADV,COL,REL,2.0,1,2.0,1,1,intellectual,4.7,4.0,5.666666666666667,4.666666666666667,4.2,3.75,4.0,4.2,6.0,5.75,5.333333333333333,16.883333333333333,0,America/Los_Angeles,1,1,1,0,0,69.467,121.953,115.347,216.57,137.515,83.216,0,1.2826846018912992
364c6be2-f409-417c-b838-4fedadb6d894,DSWHV4R4,HA3,HA,3,O5,True,completed,cloudresearch,085DAF51268D490D91926E196E665B1A,False,True,,,908,96,2026-09-02T00:07:56.172Z,2026-09-02T00:23:43.410Z,0,0,0,33.0,US,1.0,3.0,5.0,0.0,1.0,1.0,7.0,7.0,1.0,7.0,1.0,1.0,7.0,7.0,7.0,7.0,7.0,7.0,6.0,5.0,7.0,7.0,7.0,7.0,7.0,0.0,2.0,7.0,,7.0,7.0,7.0,7.0,7.0,7.0,3.0,2.0,4.0,1.0,3.0,2.0,4.0,1.0,,7.0,2.0,7.0,7.0,7.0,7.0,7.0,6.0,3.0,2.0,4.0,1.0,3.0,2.0,4.0,1.0,,7.0,,7.0,7.0,7.0,7.0,7.0,7.0,3.0,2.0,4.0,1.0,3.0,2.0,4.0,1.0,4.0,4.0,4.0,6.0,7.0,6.0,7.0,7.0,0.0,1.0,7.0,7.0,3.0,1.0,6.0,1.0,1.0,4.0,ADV,REL,COL,2.0,1,2.0,1,1,mobility,7.0,7.0,7.0,7.0,1.4,2.0,1.6666666666666667,6.4,7.0,6.5,4.0,15.133333333333333,1,America/New_York,1,1,1,0,1,77.019,153.2,115.536,270.923,152.87,164.732,2,2.130208518214102
c4d04504-05c5-47a1-924c-b8a642f57574,T9HM5MNJ,A,A,,O2,True,completed,cloudresearch,4C996CBA7A25444D9FFBD5938F22D79E,False,True,,,1089,87,2026-09-02T00:07:58.444Z,2026-09-02T00:27:17.606Z,0,0,0,53.0,US,3.0,1.0,4.0,0.0,1.0,1.0,7.0,6.0,4.0,3.0,6.0,1.0,1.0,6.0,2.0,1.0,7.0,6.0,7.0,6.0,7.0,7.0,4.0,4.0,6.0,0.0,,6.0,,6.0,7.0,,4.0,4.0,6.0,2.0,,1.0,3.0,2.0,,1.0,3.0,,5.0,2.0,6.0,7.0,,6.0,6.0,7.0,1.0,,2.0,3.0,1.0,,2.0,3.0,2.0,6.0,,6.0,7.0,,6.0,6.0,7.0,2.0,,1.0,3.0,2.0,,1.0,3.0,6.0,6.0,7.0,6.0,6.0,7.0,7.0,4.0,0.0,6.0,2.0,2.0,6.0,7.0,1.0,6.0,2.0,6.0,ADV,COL,REL,2.0,1,2.0,1,0,AI (no operator),3.9,3.0,4.666666666666667,4.333333333333333,5.4,5.25,5.333333333333333,6.6,5.25,6.5,6.333333333333333,18.15,0,America/Chicago,1,1,1,0,0,69.406,214.542,115.309,376.368,199.69,143.434,0,1.7654675943555518
b8a69069-dc0d-4ec7-91ed-45d1048ac050,JSBHVXHY,A,A,,O3,True,completed,cloudresearch,FBEE0F8A084240F49FA8909A043790BB,False,True,,,663,87,2026-09-02T00:08:07.199Z,2026-09-02T00:19:27.074Z,0,0,0,39.0,US,2.0,1.0,5.0,0.0,1.0,1.0,7.0,7.0,2.0,7.0,1.0,1.0,5.0,4.0,6.0,6.0,7.0,7.0,7.0,7.0,7.0,7.0,7.0,7.0,7.0,0.0,2.0,5.0,,5.0,5.0,,5.0,3.0,3.0,1.0,,2.0,3.0,1.0,,2.0,3.0,,6.0,,6.0,6.0,,6.0,6.0,3.0,3.0,,2.0,1.0,1.0,,2.0,3.0,,4.0,2.0,5.0,5.0,,5.0,5.0,3.0,3.0,,2.0,1.0,1.0,,2.0,3.0,4.0,4.0,4.0,3.0,4.0,3.0,3.0,4.0,0.0,2.0,4.0,6.0,2.0,3.0,6.0,2.0,2.0,6.0,COL,REL,ADV,2.0,0,2.0,1,0,AI (no operator),6.2,5.5,6.666666666666667,6.666666666666667,2.2,2.5,2.3333333333333335,7.0,7.0,3.25,4.0,11.05,1,America/Chicago,1,1,1,0,0,69.536,104.049,115.457,203.858,124.668,137.981,0,1.8326130251337205
136b751d-5c6a-49f0-814c-66b1dc9014ae,W5K43A6M,H3,H,3,O1,True,completed,cloudresearch,6FE7F2B8F44248A59774B93501C5B8D3,False,True,,,564,90,2026-09-02T00:08:13.609Z,2026-09-02T00:17:50.526Z,0,0,0,45.0,US,5.0,5.0,2.0,0.0,0.0,0.0,3.0,3.0,5.0,2.0,6.0,4.0,3.0,2.0,2.0,4.0,6.0,5.0,5.0,5.0,6.0,5.0,5.0,5.0,5.0,0.0,,6.0,1.0,4.0,6.0,2.0,6.0,6.0,5.0,,1.0,2.0,3.0,,1.0,2.0,3.0,2.0,6.0,,5.0,6.0,7.0,6.0,6.0,5.0,,1.0,3.0,2.0,,1.0,3.0,2.0,,7.0,,6.0,6.0,7.0,6.0,6.0,5.0,,1.0,3.0,2.0,,1.0,3.0,2.0,6.0,6.0,6.0,6.0,5.0,6.0,6.0,2.0,0.0,6.0,3.0,3.0,6.0,5.0,2.0,5.0,4.0,3.0,REL,ADV,COL,1.0,1,2.0,1,1,mobility,2.8,2.25,3.3333333333333335,3.0,5.2,5.25,5.222222222222222,5.4,5.0,5.75,6.0,9.4,0,America/New_York,1,1,1,0,0,69.319,103.833,115.308,127.524,147.538,147.893,0,1.3934255471733512
62c71594-3179-42f1-9ec7-2e836f87307a,GRDMDF88,H2,H,2,O6,True,completed,cloudresearch,E56EBA9113B5492A8BC072C0DD230421,False,True,,,782,90,2026-09-02T00:08:14.880Z,2026-09-02T00:21:42.772Z,0,0,0,20.0,US,2.0,3.0,4.0,0.0,1.0,1.0,5.0,6.0,4.0,3.0,5.0,4.0,3.0,5.0,4.0,5.0,5.0,4.0,4.0,3.0,6.0,5.0,6.0,5.0,5.0,0.0,,6.0,,6.0,6.0,6.0,6.0,6.0,5.0,,1.0,2.0,3.0,,1.0,2.0,3.0,2.0,4.0,,5.0,6.0,6.0,6.0,6.0,5.0,,2.0,3.0,1.0,,2.0,3.0,1.0,,5.0,0.0,6.0,6.0,6.0,5.0,6.0,4.0,,1.0,2.0,3.0,,1.0,3.0,2.0,4.0,5.0,4.0,6.0,5.0,6.0,5.0,6.0,0.0,4.0,2.0,5.0,5.0,3.0,3.0,4.0,4.0,5.0,COL,ADV,REL,0.0,1,2.0,1,1,intellectual,4.2,3.75,5.333333333333333,3.6666666666666665,4.0,4.25,4.111111111111111,4.4,5.25,5.5,4.333333333333333,13.033333333333333,0,America/New_York,1,1,1,0,0,69.635,104.0,115.516,200.421,224.403,103.601,0,0.9949679496505739
a38db428-ca2c-484a-8c17-bde5ae67ed94,ZA9E7YF2,HA3,HA,3,O6,True,completed,cloudresearch,F2E00CD3924E4A17917E2E3DC5BF0C65,False,True,,,1013,96,2026-09-02T00:08:15.873Z,2026-09-02T00:26:54.150Z,0,0,0,53.0,US,4.0,5.0,1.0,0.0,0.0,1.0,7.0,6.0,4.0,2.0,4.0,1.0,1.0,1.0,1.0,5.0,7.0,6.0,6.0,6.0,7.0,6.0,6.0,6.0,6.0,0.0,,6.0,,7.0,6.0,7.0,7.0,7.0,7.0,3.0,4.0,2.0,1.0,3.0,4.0,2.0,1.0,2.0,6.0,,6.0,6.0,6.0,7.0,7.0,7.0,3.0,4.0,2.0,1.0,3.0,4.0,2.0,1.0,,5.0,0.0,6.0,6.0,6.0,7.0,7.0,7.0,3.0,4.0,2.0,1.0,3.0,4.0,2.0,1.0,6.0,6.0,6.0,6.0,5.0,6.0,6.0,6.0,0.0,6.0,2.0,2.0,6.0,6.0,2.0,6.0,6.0,2.0,COL,ADV,REL,0.0,1,2.0,1,1,mobility,3.8,1.25,6.0,5.0,6.0,6.0,6.0,6.4,6.0,5.75,6.0,16.883333333333333,0,America/Chicago,1,1,1,0,0,69.402,103.781,181.639,356.038,156.314,153.651,0,1.7785746202459165
c5f04cce-2bf5-409c-a239-55b85cd51485,2GWBB8GG,HA3,HA,3,O2,True,completed,cloudresearch,99816E3899E8466FB3E302768C3E65F3,False,True,,,1514,96,2026-09-02T00:08:17.378Z,2026-09-02T00:36:16.081Z,0,0,0,35.0,US,4.0,4.0,2.0,0.0,1.0,1.0,2.0,3.0,5.0,3.0,6.0,5.0,4.0,3.0,2.0,3.0,6.0,6.0,5.0,4.0,7.0,6.0,6.0,7.0,6.0,0.0,,7.0,,7.0,6.0,5.0,6.0,5.0,6.0,2.0,1.0,3.0,4.0,2.0,1.0,3.0,4.0,,6.0,2.0,6.0,6.0,5.0,6.0,7.0,7.0,3.0,1.0,4.0,2.0,3.0,1.0,4.0,2.0,2.0,6.0,,6.0,6.0,5.0,6.0,7.0,6.0,3.0,1.0,2.0,4.0,3.0,1.0,2.0,4.0,7.0,7.0,6.0,7.0,5.0,6.0,6.0,6.0,0.0,6.0,2.0,3.0,6.0,5.0,2.0,5.0,5.0,3.0,ADV,COL,REL,2.0,1,2.0,1,1,mobility,2.8,3.0,2.6666666666666665,2.6666666666666665,5.4,5.5,5.444444444444445,5.6,6.25,6.0,6.666666666666667,25.233333333333334,0,America/New_York,1,1,1,0,0,69.281,103.788,115.281,296.124,219.175,156.017,0,1.4980474446333518
c9cf014c-d699-412e-ba22-b9d6fdc80a3a,CNZ4DQEW,HA2,HA,2,O1,True,completed,cloudresearch,A450403592DA40B1A6893BFEFEA305E8,False,True,,,834,96,2026-09-02T00:08:19.982Z,2026-09-02T00:24:01.396Z,0,0,0,58.0,US,3.0,5.0,4.0,0.0,1.0,2.0,4.0,6.0,5.0,3.0,6.0,3.0,1.0,3.0,1.0,1.0,7.0,5.0,5.0,3.0,7.0,6.0,6.0,6.0,6.0,0.0,,7.0,1.0,6.0,7.0,6.0,6.0,6.0,7.0,2.0,1.0,3.0,4.0,2.0,1.0,3.0,4.0,2.0,7.0,,5.0,6.0,6.0,7.0,7.0,7.0,2.0,1.0,3.0,4.0,2.0,1.0,3.0,4.0,,6.0,,6.0,6.0,7.0,6.0,6.0,7.0,2.0,3.0,1.0,4.0,2.0,3.0,1.0,4.0,7.0,7.0,7.0,7.0,7.0,7.0,7.0,4.0,1.0,6.0,1.0,3.0,6.0,7.0,1.0,5.0,6.0,1.0,REL,ADV,COL,1.0,1,2.0,1,1,intellectual,2.9,2.0,3.6666666666666665,3.3333333333333335,6.0,6.5,6.222222222222222,5.4,6.0,7.0,7.0,13.9,1,America/New_York,1,1,1,0,0,69.57,104.018,115.523,194.502,211.909,189.494,0,1.8919944584057473
202259fc-2c7b-4a0c-b174-478213de5541,Z7FQQY5P,H3,H,3,O3,True,completed,cloudresearch,FBE43D1FCAE84EDBBD1EBD3D94E73E9F,False,True,,,927,90,2026-09-02T00:08:21.083Z,2026-09-02T00:24:45.013Z,0,0,0,40.0,US,4.0,4.0,2.0,0.0,1.0,3.0,7.0,7.0,4.0,3.0,2.0,2.0,2.0,2.0,2.0,2.0,6.0,6.0,6.0,6.0,6.0,6.0,6.0,6.0,6.0,0.0,2.0,6.0,,6.0,6.0,6.0,6.0,6.0,6.0,,1.0,3.0,2.0,,1.0,2.0,3.0,,6.0,,6.0,6.0,6.0,6.0,6.0,6.0,,1.0,3.0,2.0,,1.0,3.0,2.0,,6.0,0.0,6.0,6.0,6.0,6.0,6.0,6.0,,1.0,3.0,2.0,,1.0,3.0,2.0,6.0,6.0,6.0,6.0,6.0,6.0,6.0,6.0,0.0,2.0,5.0,5.0,6.0,4.0,3.0,5.0,2.0,6.0,COL,REL,ADV,0.0,1,2.0,1,1,mobility,4.1,2.25,5.333333333333333,5.333333333333333,3.8,3.25,3.5555555555555554,6.0,6.0,6.0,6.0,15.45,0,America/Chicago,1,1,1,0,0,69.341,103.797,115.307,248.892,146.626,177.578,3,1.4913982866276592
b6913927-5be4-4fcd-8639-c7ab7f4a9b7c,2TD8982U,HA3,HA,3,O3,True,completed,cloudresearch,CC13D162EFCA47B598F0B222F0B275D6,False,False,,,1215,96,2026-09-02T00:08:32.291Z,2026-09-02T00:29:21.173Z,0,0,0,41.0,CA,1.0,5.0,3.0,0.0,0.0,3.0,3.0,4.0,6.0,3.0,6.0,6.0,4.0,3.0,2.0,3.0,5.0,5.0,3.0,5.0,5.0,5.0,5.0,5.0,5.0,0.0,1.0,7.0,,7.0,7.0,7.0,7.0,7.0,7.0,1.0,3.0,2.0,4.0,1.0,3.0,2.0,4.0,,7.0,,7.0,7.0,7.0,7.0,7.0,7.0,1.0,3.0,2.0,4.0,1.0,3.0,2.0,4.0,,6.0,0.0,7.0,6.0,7.0,6.0,6.0,7.0,1.0,3.0,2.0,4.0,1.0,3.0,2.0,4.0,7.0,7.0,7.0,7.0,7.0,7.0,7.0,6.0,0.0,7.0,2.0,3.0,6.0,7.0,2.0,5.0,5.0,3.0,COL,REL,ADV,0.0,1,1.0,0,1,mobility,2.8,3.0,3.3333333333333335,2.0,6.0,5.5,5.777777777777778,4.6,5.0,7.0,7.0,20.25,1,America/Toronto,1,1,1,0,0,69.544,103.99,115.497,331.871,244.361,203.727,2,1.6712294445530793
ce174151-9589-4aac-a1dd-0f7de2219862,TCCRJQVB,HA2,HA,2,O4,True,completed,cloudresearch,DAAA878DF1C34362A7932990ECC2C8A2,False,True,,,761,96,2026-09-02T00:08:36.408Z,2026-09-02T00:21:43.198Z,0,0,0,63.0,US,2.0,5.0,3.0,1.0,1.0,1.0,5.0,4.0,5.0,3.0,2.0,4.0,2.0,6.0,5.0,3.0,6.0,4.0,5.0,5.0,6.0,6.0,6.0,6.0,6.0,0.0,,6.0,1.0,6.0,6.0,5.0,6.0,5.0,6.0,2.0,3.0,1.0,4.0,2.0,3.0,1.0,4.0,,7.0,,7.0,7.0,7.0,7.0,5.0,6.0,2.0,3.0,1.0,4.0,2.0,3.0,1.0,4.0,2.0,6.0,,6.0,7.0,7.0,5.0,5.0,6.0,2.0,3.0,1.0,4.0,2.0,3.0,1.0,4.0,7.0,7.0,7.0,6.0,5.0,5.0,5.0,7.0,0.0,6.0,2.0,4.0,6.0,6.0,2.0,4.0,4.0,3.0,REL,COL,ADV,1.0,1,2.0,1,1,intellectual,4.1,4.0,4.0,4.333333333333333,5.2,5.25,5.222222222222222,5.2,6.0,5.25,7.0,12.683333333333334,0,America/Detroit,1,1,1,0,0,69.402,103.85,115.347,180.166,188.25,159.549,0,1.3394819502591686
014b2ee2-66c3-4c83-9ac6-bac89c21d35a,SRX5SE5A,H3,H,3,O3,True,completed,cloudresearch,BC26237827354A7FB31B0C841A7EEC48,False,True,,,636,90,2026-09-02T00:08:36.559Z,2026-09-02T00:19:33.218Z,0,0,0,46.0,US,2.0,5.0,0.0,0.0,1.0,3.0,2.0,2.0,7.0,1.0,6.0,6.0,4.0,1.0,1.0,1.0,7.0,7.0,7.0,7.0,7.0,7.0,7.0,7.0,7.0,0.0,2.0,7.0,,2.0,4.0,7.0,7.0,7.0,7.0,,1.0,2.0,3.0,,1.0,3.0,2.0,,7.0,,2.0,2.0,7.0,7.0,7.0,7.0,,1.0,2.0,3.0,,1.0,2.0,3.0,,7.0,0.0,2.0,2.0,7.0,7.0,7.0,7.0,,1.0,3.0,2.0,,1.0,2.0,3.0,7.0,7.0,7.0,7.0,7.0,7.0,7.0,7.0,0.0,7.0,1.0,1.0,7.0,7.0,1.0,7.0,7.0,1.0,COL,REL,ADV,0.0,1,2.0,1,1,mobility,1.7,1.75,1.6666666666666667,1.6666666666666667,7.0,7.0,7.0,7.0,7.0,7.0,7.0,10.6,0,America/New_York,1,1,1,0,0,69.512,103.918,115.443,216.233,114.048,144.499,0,2.48508407735052
e203ac02-88e3-4e95-82bc-16c6651e71bb,GGVXAWHQ,HA2,HA,2,O1,True,completed,cloudresearch,DA085C9405234AFF8AA59A0F1552F6E6,False,True,,,734,96,2026-09-02T00:08:40.739Z,2026-09-02T00:21:16.128Z,0,0,0,29.0,US,4.0,5.0,2.0,0.0,0.0,3.0,6.0,7.0,3.0,2.0,5.0,2.0,2.0,2.0,2.0,2.0,6.0,5.0,4.0,6.0,7.0,5.0,4.0,4.0,4.0,0.0,,3.0,1.0,5.0,6.0,6.0,6.0,5.0,7.0,2.0,1.0,3.0,4.0,1.0,2.0,3.0,4.0,2.0,4.0,,5.0,6.0,6.0,6.0,6.0,7.0,1.0,3.0,2.0,4.0,1.0,3.0,2.0,4.0,,5.0,,4.0,6.0,4.0,6.0,7.0,5.0,1.0,4.0,2.0,3.0,2.0,4.0,3.0,1.0,3.0,3.0,5.0,6.0,5.0,4.0,6.0,3.0,0.0,5.0,2.0,3.0,7.0,7.0,4.0,6.0,6.0,4.0,REL,ADV,COL,1.0,1,2.0,1,1,intellectual,3.7,2.0,5.0,4.666666666666667,6.2,4.75,5.555555555555555,5.6,4.25,5.25,3.6666666666666665,12.233333333333333,0,America/New_York,1,1,1,0,0,69.349,105.239,115.264,140.695,161.353,188.958,0,1.5017826986396416
15c630d5-7ed6-4068-a4cf-6615ad2bd158,VPXJ3ZDX,H2,H,2,O2,True,completed,cloudresearch,3ABC86B91351452587D7F8AD9AE76E59,False,True,,,654,90,2026-09-02T00:08:42.204Z,2026-09-02T00:20:09.465Z,0,0,0,55.0,US,4.0,4.0,4.0,2.0,0.0,1.0,6.0,5.0,3.0,3.0,4.0,2.0,1.0,5.0,2.0,4.0,3.0,4.0,3.0,5.0,3.0,5.0,4.0,4.0,4.0,0.0,,6.0,,6.0,5.0,6.0,6.0,5.0,6.0,,1.0,2.0,3.0,,1.0,2.0,3.0,,6.0,2.0,4.0,5.0,7.0,5.0,5.0,6.0,,1.0,3.0,2.0,,1.0,3.0,2.0,2.0,5.0,,5.0,3.0,6.0,3.0,4.0,6.0,,1.0,2.0,3.0,,1.0,2.0,3.0,5.0,5.0,5.0,5.0,4.0,4.0,3.0,7.0,0.0,3.0,6.0,4.0,5.0,2.0,3.0,4.0,3.0,6.0,ADV,COL,REL,2.0,1,2.0,1,1,intellectual,4.1,2.75,5.0,5.0,3.4,3.25,3.3333333333333335,3.6,4.25,4.0,5.0,10.9,0,America/Phoenix,1,1,1,0,0,69.887,105.288,115.262,181.285,155.935,99.895,0,1.2521638138817195
9f7a481b-3bf6-48f6-9308-78eb390c1630,U9ZEGMFV,HA3,HA,3,O4,True,completed,cloudresearch,E7C92332CD4B4053974815BCE8C815CF,False,True,,,822,96,2026-09-02T00:08:44.184Z,2026-09-02T00:33:45.839Z,0,0,0,35.0,US,2.0,3.0,4.0,0.0,1.0,1.0,6.0,5.0,3.0,3.0,2.0,3.0,5.0,3.0,3.0,5.0,6.0,6.0,5.0,5.0,6.0,5.0,5.0,5.0,5.0,0.0,,5.0,1.0,5.0,5.0,5.0,5.0,5.0,4.0,2.0,1.0,3.0,4.0,2.0,1.0,3.0,4.0,,6.0,,5.0,5.0,5.0,6.0,6.0,5.0,2.0,1.0,3.0,4.0,2.0,1.0,3.0,4.0,2.0,6.0,,5.0,5.0,6.0,6.0,6.0,6.0,2.0,1.0,3.0,4.0,2.0,1.0,3.0,4.0,4.0,5.0,5.0,5.0,5.0,6.0,6.0,5.0,0.0,3.0,3.0,5.0,5.0,3.0,3.0,5.0,3.0,3.0,REL,COL,ADV,1.0,1,2.0,1,1,mobility,4.6,3.5,5.333333333333333,5.333333333333333,3.8,4.5,4.111111111111111,5.6,5.0,5.5,4.666666666666667,13.7,0,America/Chicago,1,1,1,0,0,69.333,103.817,115.314,204.267,206.132,141.771,0,1.0370849385532628
6ad4d624-f094-429a-a22e-24b4d17ea566,3JS6DSZ9,H3,H,3,O2,True,completed,cloudresearch,2144A32C197641F598AA915B06439547,False,True,,,1297,90,2026-09-02T00:08:47.982Z,2026-09-02T00:31:34.172Z,0,0,0,40.0,US,4.0,4.0,4.0,3.0,0.0,3.0,5.0,6.0,4.0,5.0,4.0,3.0,2.0,5.0,5.0,6.0,4.0,3.0,2.0,3.0,4.0,4.0,5.0,5.0,5.0,0.0,,5.0,,6.0,5.0,5.0,5.0,3.0,4.0,,1.0,2.0,3.0,,1.0,2.0,3.0,,6.0,2.0,5.0,4.0,6.0,5.0,6.0,6.0,,1.0,3.0,2.0,,1.0,3.0,2.0,2.0,4.0,,6.0,5.0,6.0,5.0,5.0,5.0,,1.0,3.0,2.0,,2.0,3.0,1.0,6.0,6.0,6.0,4.0,4.0,4.0,4.0,6.0,0.0,5.0,2.0,3.0,6.0,6.0,2.0,5.0,5.0,3.0,ADV,COL,REL,2.0,1,2.0,1,1,mobility,4.7,4.25,5.666666666666667,4.333333333333333,5.4,5.5,5.444444444444445,3.2,4.75,4.0,6.0,21.616666666666667,0,America/New_York,1,1,1,0,0,69.416,103.861,115.304,219.634,205.536,121.602,0,1.1350386281553277
da19f7ea-9ac8-4e50-be4d-cc0c36fbc011,GS8GMCXN,A,A,,O1,True,completed,cloudresearch,B8C332A22CDC4490857B5A753E5CEFE5,False,True,,,1281,87,2026-09-02T00:08:48.362Z,2026-09-02T00:32:47.682Z,0,0,0,43.0,US,4.0,1.0,1.0,0.0,0.0,2.0,4.0,5.0,4.0,6.0,3.0,4.0,2.0,5.0,5.0,6.0,6.0,5.0,7.0,4.0,5.0,6.0,5.0,6.0,7.0,0.0,,5.0,1.0,4.0,6.0,,5.0,6.0,5.0,3.0,,1.0,2.0,2.0,,3.0,1.0,2.0,6.0,,5.0,6.0,,6.0,5.0,4.0,3.0,,2.0,1.0,2.0,,1.0,3.0,,5.0,,5.0,5.0,,6.0,7.0,4.0,2.0,,1.0,3.0,3.0,,2.0,1.0,5.0,5.0,6.0,6.0,5.0,4.0,4.0,5.0,0.0,3.0,5.0,5.0,6.0,4.0,5.0,4.0,3.0,5.0,REL,ADV,COL,1.0,1,2.0,1,0,AI (no operator),4.6,4.5,5.0,4.333333333333333,4.0,3.0,3.5555555555555554,5.4,6.0,4.75,5.333333333333333,21.35,1,America/New_York,1,1,1,0,0,69.36,103.811,115.255,295.277,151.729,146.442,0,1.030904601627033
6e2cff5b-8406-4065-b837-349b928b7479,N8QNRR38,HA2,HA,2,O2,True,completed,cloudresearch,8951105FF9C3460B9A594818717C6A13,False,True,,,1257,96,2026-09-02T00:08:48.907Z,2026-09-02T00:30:27.610Z,0,0,0,48.0,US,2.0,4.0,2.0,0.0,0.0,2.0,3.0,5.0,6.0,2.0,6.0,5.0,1.0,1.0,1.0,2.0,6.0,4.0,4.0,4.0,4.0,4.0,4.0,4.0,4.0,0.0,,2.0,,5.0,5.0,5.0,5.0,2.0,5.0,2.0,1.0,3.0,4.0,1.0,2.0,4.0,3.0,,2.0,2.0,4.0,6.0,5.0,6.0,6.0,5.0,1.0,2.0,3.0,4.0,1.0,2.0,4.0,3.0,2.0,2.0,,3.0,5.0,5.0,3.0,5.0,5.0,2.0,1.0,4.0,3.0,1.0,2.0,4.0,3.0,2.0,2.0,2.0,3.0,3.0,2.0,3.0,6.0,0.0,3.0,6.0,6.0,6.0,6.0,6.0,1.0,3.0,7.0,ADV,COL,REL,2.0,1,2.0,1,1,intellectual,2.2,1.25,3.3333333333333335,2.3333333333333335,3.8,1.75,2.888888888888889,4.4,4.0,2.75,2.0,20.95,1,America/New_York,1,1,1,0,0,69.557,104.037,115.646,316.38,323.77,169.283,0,1.6171099659915888
8faa2c60-32b2-46cc-b834-ece3bd317218,E7T6CS2B,H1,H,1,O6,True,completed,cloudresearch,EC18D2250B3D442796AC34BE295ECEBC,False,True,,,783,90,2026-09-02T00:08:51.049Z,2026-09-02T00:22:14.337Z,0,0,0,54.0,US,3.0,5.0,5.0,4.0,1.0,4.0,5.0,6.0,6.0,2.0,6.0,5.0,1.0,1.0,1.0,3.0,7.0,6.0,5.0,5.0,7.0,6.0,7.0,7.0,7.0,0.0,,7.0,,7.0,7.0,7.0,7.0,7.0,7.0,,1.0,2.0,3.0,,1.0,2.0,3.0,2.0,7.0,,7.0,7.0,7.0,7.0,7.0,7.0,,1.0,2.0,3.0,,1.0,2.0,3.0,,6.0,0.0,6.0,7.0,7.0,7.0,7.0,7.0,,1.0,2.0,3.0,,1.0,2.0,3.0,7.0,7.0,7.0,7.0,7.0,7.0,7.0,6.0,0.0,7.0,1.0,2.0,7.0,7.0,2.0,6.0,7.0,3.0,COL,ADV,REL,0.0,1,2.0,1,1,no mention,2.6,1.25,4.666666666666667,2.3333333333333335,6.8,6.0,6.444444444444445,6.0,6.75,7.0,7.0,13.05,0,America/Chicago,1,1,1,0,0,69.007,125.867,115.536,189.902,190.194,112.308,2,1.9611731230124456
463fb380-f570-480d-9931-42f2ad557433,2A457KQ2,H2,H,2,O1,True,completed,cloudresearch,A13E576834F14FF19F562E5FC38CDF56,False,True,,,667,90,2026-09-02T00:08:51.076Z,2026-09-02T00:20:38.659Z,0,0,0,30.0,US,4.0,5.0,2.0,0.0,1.0,5.0,6.0,6.0,3.0,4.0,2.0,2.0,2.0,4.0,5.0,5.0,5.0,4.0,5.0,4.0,4.0,4.0,4.0,4.0,4.0,0.0,,5.0,1.0,4.0,5.0,5.0,5.0,4.0,4.0,,1.0,2.0,3.0,,1.0,2.0,3.0,2.0,5.0,,5.0,6.0,6.0,5.0,5.0,4.0,,1.0,3.0,2.0,,1.0,3.0,2.0,,4.0,,4.0,3.0,5.0,3.0,3.0,3.0,,1.0,3.0,2.0,,1.0,3.0,2.0,2.0,2.0,2.0,3.0,2.0,2.0,2.0,5.0,0.0,5.0,3.0,4.0,5.0,5.0,3.0,5.0,4.0,3.0,REL,ADV,COL,1.0,1,2.0,1,1,intellectual,4.9,3.75,5.666666666666667,5.666666666666667,4.8,4.75,4.777777777777778,4.4,4.0,2.25,2.0,11.116666666666667,0,America/Chicago,1,1,1,0,0,69.398,103.852,115.288,144.587,161.001,157.104,0,1.1898828994081316
f0d763cf-fc0d-42f1-9379-08fb0ef37848,UXNHPW7C,H2,H,2,O4,True,completed,cloudresearch,D7290E17CD6343BC9240F1FBAD9A6A81,False,True,,,1357,90,2026-09-02T00:08:51.133Z,2026-09-02T00:31:44.461Z,0,0,0,28.0,US,4.0,5.0,4.0,0.0,0.0,1.0,2.0,3.0,6.0,1.0,4.0,4.0,5.0,3.0,3.0,2.0,6.0,6.0,4.0,7.0,7.0,7.0,7.0,6.0,6.0,0.0,,2.0,1.0,6.0,7.0,6.0,7.0,7.0,5.0,,1.0,2.0,3.0,,1.0,2.0,3.0,,3.0,,5.0,5.0,6.0,5.0,6.0,2.0,,1.0,3.0,2.0,,1.0,3.0,2.0,2.0,2.0,,4.0,6.0,6.0,6.0,5.0,3.0,,1.0,3.0,2.0,,1.0,3.0,2.0,3.0,4.0,6.0,4.0,5.0,4.0,3.0,4.0,0.0,7.0,1.0,3.0,7.0,7.0,5.0,7.0,7.0,3.0,REL,COL,ADV,1.0,1,2.0,1,1,intellectual,2.9,3.0,2.3333333333333335,3.3333333333333335,7.0,5.0,6.111111111111111,6.0,6.5,4.0,4.333333333333333,22.616666666666667,0,America/New_York,1,1,1,0,0,69.32,103.837,115.269,215.466,193.372,193.36,0,1.7651818494106635
264bd985-be06-4236-b801-8bf606006339,P5BMNPJR,HA1,HA,1,O2,True,completed,cloudresearch,E78A48DB61294D8F8A2726AE8D1AE682,False,False,,,1123,96,2026-09-02T00:08:56.451Z,2026-09-02T00:27:50.763Z,0,0,0,51.0,GB,0.0,4.0,1.0,0.0,0.0,1.0,2.0,5.0,6.0,2.0,5.0,5.0,2.0,4.0,1.0,2.0,7.0,4.0,6.0,6.0,7.0,7.0,7.0,7.0,6.0,0.0,,7.0,,6.0,6.0,6.0,6.0,6.0,7.0,1.0,2.0,4.0,3.0,2.0,1.0,3.0,4.0,,6.0,2.0,6.0,6.0,3.0,6.0,7.0,7.0,1.0,4.0,3.0,2.0,1.0,4.0,3.0,2.0,1.0,6.0,,6.0,6.0,6.0,5.0,5.0,7.0,1.0,4.0,3.0,2.0,1.0,4.0,3.0,2.0,7.0,7.0,7.0,6.0,5.0,7.0,6.0,5.0,0.0,6.0,2.0,4.0,6.0,5.0,3.0,5.0,4.0,3.0,ADV,COL,REL,2.0,1,1.0,0,1,no mention,2.6,2.25,3.0,2.6666666666666665,5.2,5.0,5.111111111111111,6.0,6.75,6.0,7.0,18.716666666666665,1,Europe/London,1,1,1,0,0,69.393,103.873,115.365,270.413,293.597,188.171,0,1.6595908520084568
4a8b5ef8-e2d7-413d-ad19-dffc975b1fcb,2PQ4ZYFW,HA3,HA,3,O2,True,completed,cloudresearch,313D5A48FBD34691B2344B3E18E43216,False,True,,,1036,96,2026-09-02T00:09:04.859Z,2026-09-02T00:32:22.400Z,0,0,0,41.0,US,4.0,4.0,3.0,1.0,1.0,2.0,6.0,7.0,3.0,5.0,2.0,2.0,2.0,5.0,2.0,7.0,6.0,3.0,5.0,5.0,6.0,6.0,6.0,6.0,6.0,0.0,,6.0,,6.0,6.0,6.0,6.0,6.0,6.0,3.0,4.0,2.0,1.0,2.0,4.0,3.0,1.0,,6.0,2.0,6.0,6.0,6.0,6.0,6.0,6.0,1.0,4.0,3.0,2.0,2.0,4.0,3.0,1.0,2.0,3.0,,6.0,6.0,6.0,6.0,6.0,6.0,2.0,4.0,3.0,1.0,2.0,4.0,3.0,1.0,6.0,6.0,6.0,6.0,6.0,6.0,6.0,6.0,0.0,5.0,6.0,6.0,5.0,3.0,5.0,2.0,2.0,5.0,ADV,COL,REL,2.0,1,2.0,1,1,mobility,5.1,3.5,6.666666666666667,5.666666666666667,3.4,2.5,3.0,5.0,6.0,6.0,6.0,17.266666666666666,0,America/New_York,1,1,1,0,0,69.355,103.87,115.304,164.498,201.824,173.269,2,1.4206392894585544
bb025fff-aab5-4a7a-8e38-52762a053619,6ZZSB4AF,H3,H,3,O5,True,completed,cloudresearch,5222D605357141F8A4293AC29BB3F45C,False,True,,,1156,90,2026-09-02T00:09:07.657Z,2026-09-02T00:29:16.463Z,0,0,0,73.0,US,2.0,5.0,3.0,0.0,1.0,1.0,5.0,4.0,3.0,5.0,4.0,3.0,3.0,3.0,3.0,5.0,4.0,3.0,3.0,3.0,5.0,4.0,4.0,4.0,5.0,0.0,2.0,6.0,,6.0,7.0,7.0,7.0,7.0,5.0,,1.0,2.0,3.0,,1.0,2.0,3.0,,5.0,2.0,6.0,6.0,7.0,7.0,7.0,5.0,,1.0,2.0,3.0,,1.0,3.0,2.0,,5.0,,6.0,5.0,6.0,6.0,6.0,4.0,,1.0,2.0,3.0,,1.0,2.0,3.0,4.0,4.0,3.0,5.0,4.0,4.0,4.0,6.0,1.0,5.0,2.0,2.0,6.0,6.0,2.0,4.0,5.0,3.0,ADV,REL,COL,2.0,1,2.0,1,1,mobility,4.2,3.5,4.666666666666667,4.666666666666667,5.2,5.75,5.444444444444445,3.6,4.25,4.25,3.6666666666666665,19.266666666666666,1,America/Phoenix,1,1,1,0,0,69.437,103.954,115.446,317.957,181.381,188.37,0,1.338909297815804
e45afbd6-e28d-4d17-aa92-b98e06c71f55,F9C8BRAZ,A,A,,O4,True,completed,cloudresearch,A7FD877510A244AABAE2DBA5FDFCC744,False,True,,,2385,87,2026-09-02T00:09:10.837Z,2026-09-02T00:49:04.924Z,0,0,0,32.0,US,2.0,4.0,3.0,2.0,0.0,2.0,2.0,2.0,6.0,3.0,5.0,4.0,4.0,5.0,3.0,2.0,6.0,6.0,6.0,5.0,4.0,5.0,5.0,5.0,5.0,0.0,,5.0,1.0,5.0,6.0,,6.0,5.0,5.0,3.0,,1.0,2.0,1.0,,2.0,3.0,,6.0,,6.0,5.0,,6.0,6.0,5.0,1.0,,2.0,3.0,3.0,,2.0,1.0,2.0,6.0,,6.0,6.0,,6.0,5.0,6.0,1.0,,2.0,3.0,3.0,,2.0,1.0,5.0,5.0,6.0,6.0,5.0,5.0,5.0,6.0,0.0,5.0,3.0,3.0,4.0,5.0,4.0,5.0,3.0,5.0,REL,COL,ADV,1.0,1,2.0,1,0,AI (no operator),3.0,3.75,2.0,3.0,4.4,4.25,4.333333333333333,5.4,5.0,5.25,5.333333333333333,39.75,0,America/New_York,1,1,1,0,0,167.853,289.604,115.253,463.246,150.458,368.109,0,1.1623739702881135
519d690e-145b-4728-915b-df963bc5a3d9,YWUG6Q5K,A,A,,O3,True,completed,cloudresearch,FFE9B66060424ADB819354DD121021C0,False,True,,,642,87,2026-09-02T00:09:15.201Z,2026-09-02T00:20:13.872Z,0,0,0,28.0,US,4.0,5.0,1.0,1.0,0.0,1.0,4.0,6.0,5.0,2.0,5.0,4.0,1.0,2.0,2.0,3.0,7.0,7.0,5.0,6.0,7.0,7.0,7.0,7.0,7.0,0.0,2.0,7.0,,7.0,7.0,,7.0,7.0,7.0,2.0,,1.0,3.0,2.0,,1.0,3.0,,7.0,,7.0,7.0,,7.0,7.0,7.0,2.0,,1.0,3.0,2.0,,1.0,3.0,,7.0,0.0,7.0,7.0,,7.0,7.0,7.0,2.0,,1.0,3.0,3.0,,1.0,2.0,7.0,7.0,7.0,7.0,7.0,7.0,7.0,7.0,0.0,6.0,5.0,6.0,6.0,5.0,7.0,2.0,5.0,5.0,COL,REL,ADV,0.0,1,2.0,1,0,AI (no operator),3.0,1.75,4.333333333333333,3.3333333333333335,4.8,2.25,3.6666666666666665,6.4,7.0,7.0,7.0,10.7,0,America/Los_Angeles,1,1,1,0,0,69.35,103.791,115.272,170.821,96.735,134.298,3,1.7919192020869028
79f724e9-1173-47f5-965d-cde0a57fcc79,REUBUFM6,HA2,HA,2,O5,True,completed,cloudresearch,163ABECBF480457A83C8D97E3BDEC047,False,True,,,820,96,2026-09-02T00:09:19.425Z,2026-09-02T00:23:53.347Z,0,0,0,24.0,CA,4.0,5.0,3.0,3.0,0.0,2.0,7.0,6.0,3.0,4.0,2.0,1.0,4.0,4.0,4.0,5.0,6.0,4.0,3.0,4.0,7.0,4.0,4.0,4.0,4.0,0.0,2.0,7.0,,7.0,5.0,7.0,7.0,5.0,5.0,3.0,2.0,4.0,1.0,3.0,2.0,4.0,1.0,,6.0,2.0,7.0,7.0,7.0,6.0,6.0,6.0,2.0,1.0,4.0,3.0,2.0,1.0,4.0,3.0,,5.0,,6.0,7.0,7.0,7.0,7.0,7.0,3.0,1.0,4.0,2.0,3.0,1.0,4.0,2.0,7.0,7.0,7.0,6.0,6.0,6.0,7.0,7.0,0.0,5.0,4.0,4.0,4.0,4.0,5.0,3.0,4.0,5.0,ADV,REL,COL,2.0,1,2.0,1,1,intellectual,5.2,4.0,6.0,6.0,4.0,3.5,3.7777777777777777,4.8,4.0,6.25,7.0,13.666666666666666,0,America/Toronto,1,1,1,0,0,69.466,103.903,115.38,175.706,117.058,145.867,0,1.476076439992071
45335c85-8513-4740-9709-a40f47307552,G2D2D9ST,HA3,HA,3,O3,True,completed,cloudresearch,E2B4A278FEDE4E9C9B19EA52ED231DA0,False,True,,,1699,96,2026-09-02T00:09:21.007Z,2026-09-02T00:38:24.796Z,0,0,0,27.0,US,4.0,5.0,1.0,3.0,1.0,0.0,1.0,1.0,6.0,1.0,5.0,6.0,1.0,2.0,2.0,2.0,3.0,6.0,3.0,3.0,7.0,5.0,6.0,7.0,7.0,0.0,2.0,7.0,,6.0,6.0,7.0,6.0,7.0,7.0,2.0,1.0,3.0,4.0,3.0,4.0,2.0,1.0,,7.0,,6.0,6.0,7.0,6.0,7.0,6.0,3.0,1.0,2.0,4.0,1.0,2.0,3.0,4.0,,6.0,0.0,5.0,5.0,5.0,7.0,6.0,6.0,3.0,4.0,2.0,1.0,4.0,1.0,3.0,2.0,7.0,7.0,7.0,7.0,7.0,7.0,7.0,7.0,0.0,6.0,2.0,2.0,6.0,7.0,2.0,6.0,6.0,1.0,COL,REL,ADV,0.0,1,2.0,1,1,mobility,1.7,1.5,1.3333333333333333,2.3333333333333335,6.2,6.25,6.222222222222222,4.4,6.25,7.0,7.0,28.316666666666666,0,America/New_York,1,1,1,0,0,69.57,103.787,115.288,393.728,160.909,163.872,0,2.122545061768967
d10075e5-701a-4ad1-9287-91b341c8a222,SBMSDJA6,H2,H,2,O3,True,completed,cloudresearch,E33ECAC04F6B48BEA1E133FC7A4D5312,False,True,,,772,90,2026-09-02T00:09:25.462Z,2026-09-02T00:22:29.423Z,0,0,0,49.0,US,3.0,4.0,2.0,1.0,1.0,3.0,7.0,6.0,2.0,5.0,1.0,1.0,2.0,5.0,3.0,5.0,6.0,7.0,6.0,6.0,5.0,5.0,4.0,4.0,4.0,0.0,2.0,4.0,,5.0,5.0,4.0,5.0,5.0,3.0,,1.0,2.0,3.0,,1.0,3.0,2.0,,5.0,,6.0,6.0,5.0,6.0,4.0,4.0,,1.0,2.0,3.0,,1.0,3.0,2.0,,4.0,0.0,5.0,5.0,4.0,5.0,6.0,4.0,,1.0,2.0,3.0,,1.0,3.0,2.0,5.0,3.0,3.0,4.0,5.0,4.0,4.0,3.0,0.0,4.0,5.0,5.0,4.0,6.0,5.0,3.0,3.0,6.0,COL,REL,ADV,0.0,1,2.0,1,1,intellectual,5.3,3.75,6.0,6.666666666666667,4.0,2.75,3.4444444444444446,6.0,4.25,4.25,3.6666666666666665,12.866666666666667,0,America/Phoenix,1,1,1,0,0,69.323,104.0,115.277,282.33,156.195,172.205,0,1.2886799180241824
357d1afd-c0ea-4c83-8cdd-8a44c9cdb7ff,BTSXUYXQ,H1,H,1,O5,True,completed,cloudresearch,BB77DCD9CBD64E01BC3D9F76C25510BB,False,True,,,1404,90,2026-09-02T00:09:28.298Z,2026-09-02T00:34:24.536Z,0,0,0,64.0,US,5.0,5.0,5.0,1.0,1.0,4.0,5.0,5.0,6.0,3.0,3.0,3.0,4.0,2.0,2.0,2.0,7.0,7.0,7.0,7.0,7.0,4.0,4.0,4.0,4.0,0.0,2.0,6.0,,5.0,6.0,6.0,6.0,5.0,6.0,,1.0,3.0,2.0,,1.0,3.0,2.0,,6.0,2.0,6.0,6.0,6.0,6.0,6.0,6.0,,1.0,3.0,2.0,,1.0,3.0,2.0,,7.0,,7.0,7.0,7.0,7.0,7.0,7.0,,1.0,2.0,3.0,,1.0,2.0,3.0,6.0,6.0,6.0,7.0,6.0,6.0,6.0,6.0,0.0,7.0,2.0,3.0,6.0,6.0,2.0,6.0,6.0,2.0,ADV,REL,COL,2.0,1,2.0,1,1,no mention,3.5,2.75,4.0,4.0,6.2,5.75,6.0,7.0,4.0,6.25,6.0,23.4,0,America/Chicago,1,1,1,0,0,69.357,103.814,115.26,341.399,191.645,241.408,2,1.593717170270501
4ac4ab37-98a0-4098-bd2a-7e06d5664e8b,FAYC8X77,H1,H,1,O4,True,completed,cloudresearch,A0766177728546CAA905537AE3A0091C,False,True,,,625,90,2026-09-02T00:09:31.102Z,2026-09-02T00:20:19.229Z,0,0,0,28.0,US,4.0,5.0,3.0,0.0,1.0,5.0,7.0,7.0,2.0,4.0,4.0,2.0,2.0,4.0,4.0,6.0,5.0,2.0,3.0,3.0,4.0,4.0,5.0,5.0,5.0,0.0,,2.0,1.0,6.0,6.0,7.0,6.0,5.0,3.0,,1.0,2.0,3.0,,1.0,2.0,3.0,,7.0,,6.0,7.0,7.0,7.0,7.0,7.0,,1.0,2.0,3.0,,1.0,2.0,3.0,2.0,6.0,,7.0,5.0,7.0,6.0,6.0,4.0,,1.0,2.0,3.0,,1.0,2.0,3.0,6.0,6.0,6.0,5.0,5.0,5.0,5.0,7.0,0.0,7.0,1.0,4.0,7.0,7.0,5.0,5.0,7.0,1.0,REL,COL,ADV,1.0,1,2.0,1,1,no mention,5.0,3.5,6.666666666666667,5.333333333333333,6.6,5.25,6.0,3.4,4.75,5.0,6.0,10.416666666666666,1,America/New_York,1,1,1,0,0,69.592,103.93,115.388,123.899,192.334,141.702,0,1.6503135233533912
64a23df8-30b9-4574-9fba-67a5881383a7,GVPBM4QP,A,A,,O2,True,completed,cloudresearch,17767497B8DD4403BD9D57218A316FA7,False,True,,,590,87,2026-09-02T00:09:34.197Z,2026-09-02T00:19:39.332Z,0,0,0,33.0,US,3.0,3.0,3.0,1.0,1.0,3.0,7.0,7.0,1.0,4.0,1.0,1.0,4.0,4.0,4.0,7.0,7.0,7.0,7.0,7.0,7.0,7.0,7.0,7.0,7.0,0.0,,7.0,,7.0,7.0,,7.0,7.0,7.0,2.0,,3.0,1.0,2.0,,3.0,1.0,,7.0,2.0,7.0,7.0,,7.0,7.0,7.0,2.0,,1.0,3.0,2.0,,1.0,3.0,2.0,5.0,,7.0,7.0,,5.0,5.0,5.0,3.0,,1.0,2.0,3.0,,2.0,1.0,7.0,7.0,7.0,7.0,7.0,7.0,7.0,6.0,0.0,4.0,4.0,4.0,4.0,4.0,4.0,4.0,4.0,4.0,ADV,COL,REL,2.0,1,2.0,1,0,AI (no operator),5.8,4.0,7.0,7.0,4.0,4.0,4.0,7.0,7.0,7.0,7.0,9.833333333333334,0,America/Los_Angeles,1,1,1,0,0,69.329,103.858,115.248,154.921,154.567,107.111,2,1.7038209860137754
42a2775d-0762-4f6c-8db9-29bed627496f,HERX35GP,HA1,HA,1,O4,True,completed,cloudresearch,5410CF47DFE540F1A3C62B540E9F54EE,False,True,,,1276,96,2026-09-02T00:09:36.790Z,2026-09-02T00:34:41.576Z,0,0,0,53.0,US,4.0,5.0,2.0,0.0,1.0,3.0,6.0,5.0,4.0,2.0,3.0,2.0,4.0,2.0,2.0,2.0,6.0,6.0,5.0,4.0,5.0,6.0,6.0,6.0,6.0,0.0,,6.0,1.0,6.0,6.0,6.0,6.0,6.0,6.0,2.0,1.0,3.0,4.0,2.0,1.0,3.0,4.0,,6.0,,6.0,6.0,6.0,6.0,6.0,6.0,3.0,1.0,4.0,2.0,3.0,1.0,4.0,2.0,2.0,6.0,,5.0,6.0,7.0,6.0,6.0,6.0,2.0,1.0,3.0,4.0,2.0,1.0,3.0,4.0,7.0,7.0,7.0,6.0,6.0,6.0,6.0,4.0,0.0,5.0,2.0,3.0,5.0,5.0,2.0,5.0,5.0,2.0,REL,COL,ADV,1.0,1,2.0,1,1,no mention,3.8,2.5,4.333333333333333,5.0,5.0,5.75,5.333333333333333,5.2,6.0,6.0,7.0,21.266666666666666,0,America/Chicago,1,1,1,0,0,69.314,103.77,115.25,276.343,236.785,263.071,2,1.471510399699895
08e1efe6-109f-4228-8f00-3eebb66dbe80,2DHBGT3D,H1,H,1,O2,True,completed,cloudresearch,1FACCA6A43714A868BDB7E9471BCA259,False,True,,,1223,90,2026-09-02T00:09:58.934Z,2026-09-02T00:31:59.491Z,0,0,0,50.0,US,3.0,0.0,4.0,0.0,1.0,1.0,6.0,6.0,4.0,4.0,4.0,4.0,2.0,3.0,2.0,5.0,7.0,5.0,5.0,4.0,6.0,6.0,6.0,6.0,6.0,0.0,,5.0,,6.0,6.0,6.0,5.0,5.0,5.0,,1.0,2.0,3.0,,1.0,2.0,3.0,,4.0,2.0,5.0,6.0,6.0,5.0,6.0,4.0,,2.0,3.0,1.0,,2.0,3.0,1.0,2.0,5.0,,5.0,6.0,7.0,5.0,5.0,4.0,,2.0,3.0,1.0,,2.0,3.0,1.0,5.0,5.0,5.0,5.0,2.0,3.0,3.0,4.0,0.0,1.0,5.0,6.0,4.0,2.0,5.0,2.0,2.0,4.0,ADV,COL,REL,2.0,1,2.0,1,1,no mention,4.0,2.75,5.666666666666667,4.0,2.2,3.0,2.5555555555555554,5.4,6.0,3.25,5.0,20.383333333333333,0,America/New_York,1,1,1,0,0,69.341,103.793,115.267,252.946,313.404,186.799,0,1.4085896749130449
7aedf4f2-bfce-44c6-9743-4ca039c5065a,5CF2A3CE,HA1,HA,1,O6,True,completed,cloudresearch,5C6D437C650449C99127F6632DB717CF,False,True,,,1010,96,2026-09-02T00:10:36.891Z,2026-09-02T00:28:22.249Z,0,0,0,23.0,US,4.0,4.0,2.0,1.0,0.0,1.0,4.0,5.0,4.0,2.0,4.0,3.0,3.0,2.0,1.0,5.0,7.0,4.0,5.0,4.0,4.0,5.0,4.0,4.0,4.0,0.0,,7.0,,7.0,6.0,7.0,6.0,6.0,5.0,3.0,2.0,1.0,4.0,3.0,1.0,2.0,4.0,2.0,6.0,,5.0,6.0,6.0,4.0,5.0,6.0,3.0,4.0,2.0,1.0,3.0,1.0,2.0,4.0,,4.0,0.0,5.0,6.0,7.0,5.0,6.0,6.0,4.0,1.0,3.0,2.0,3.0,1.0,2.0,4.0,4.0,4.0,5.0,5.0,4.0,6.0,6.0,3.0,0.0,4.0,2.0,2.0,6.0,4.0,3.0,4.0,6.0,3.0,COL,ADV,REL,0.0,1,2.0,1,1,no mention,3.5,2.0,4.666666666666667,4.333333333333333,4.8,5.5,5.111111111111111,4.8,4.25,5.25,4.333333333333333,16.833333333333332,0,America/Los_Angeles,1,1,1,0,0,69.413,103.897,243.684,407.737,159.769,238.921,0,1.3707217537501901
4976c1a8-bbc9-42df-a1c0-6682bcd7e764,PQ8C34AV,H3,H,3,O4,True,completed,cloudresearch,5E59C7621DFA454D8B14A8B929841137,False,True,,,1217,90,2026-09-02T00:10:41.285Z,2026-09-02T00:31:47.190Z,0,0,0,41.0,US,2.0,3.0,4.0,1.0,1.0,1.0,3.0,3.0,5.0,3.0,5.0,5.0,2.0,3.0,6.0,6.0,6.0,6.0,6.0,6.0,6.0,6.0,6.0,6.0,6.0,0.0,,7.0,1.0,6.0,6.0,6.0,7.0,7.0,7.0,,1.0,2.0,3.0,,1.0,2.0,3.0,,7.0,,7.0,7.0,7.0,7.0,7.0,7.0,,1.0,2.0,3.0,,1.0,2.0,3.0,2.0,6.0,,6.0,6.0,6.0,6.0,6.0,6.0,,1.0,2.0,3.0,,1.0,2.0,3.0,6.0,6.0,6.0,6.0,6.0,6.0,6.0,5.0,0.0,5.0,4.0,4.0,5.0,5.0,4.0,4.0,4.0,3.0,REL,COL,ADV,1.0,1,2.0,1,1,mobility,3.5,3.5,4.0,3.0,4.6,4.25,4.444444444444445,6.0,6.0,6.0,6.0,20.283333333333335,0,America/New_York,1,1,1,0,0,69.415,103.788,115.337,290.965,247.455,274.045,2,1.282647904081572
e1697579-b003-4576-99c0-50728c038365,FN46EJYQ,HA3,HA,3,O6,True,completed,cloudresearch,450ED3D37F1741EBAC38164DF871A167,False,False,,,1470,96,2026-09-02T00:10:46.949Z,2026-09-02T00:35:23.338Z,0,0,0,54.0,US,4.0,4.0,3.0,3.0,1.0,1.0,2.0,1.0,7.0,1.0,7.0,7.0,1.0,1.0,1.0,1.0,5.0,4.0,3.0,3.0,6.0,5.0,5.0,5.0,5.0,0.0,,6.0,,6.0,6.0,6.0,7.0,7.0,7.0,4.0,2.0,1.0,3.0,1.0,3.0,2.0,4.0,7.0,7.0,,6.0,6.0,6.0,7.0,7.0,7.0,4.0,1.0,3.0,2.0,3.0,4.0,1.0,2.0,,7.0,0.0,7.0,7.0,7.0,7.0,7.0,7.0,3.0,1.0,2.0,4.0,2.0,1.0,3.0,4.0,7.0,6.0,7.0,7.0,7.0,7.0,6.0,4.0,0.0,7.0,1.0,1.0,7.0,7.0,1.0,7.0,7.0,1.0,COL,ADV,REL,0.0,1,7.0,0,1,mobility,1.1,1.0,1.3333333333333333,1.0,7.0,7.0,7.0,4.2,5.0,6.75,6.666666666666667,24.5,0,America/Chicago,1,1,1,0,0,69.336,103.875,115.301,220.977,210.192,167.639,1,2.3801970151747507
0ac9ae9b-90e6-465b-9c1b-2ee104862e59,4Z9MRQRW,HA1,HA,1,O3,True,completed,cloudresearch,5A183A42F15147699B6604511BA15758,False,True,,,889,96,2026-09-02T00:11:05.223Z,2026-09-02T00:26:45.802Z,0,0,0,61.0,US,5.0,5.0,3.0,0.0,1.0,2.0,7.0,7.0,6.0,1.0,4.0,4.0,1.0,1.0,1.0,2.0,7.0,6.0,6.0,4.0,7.0,4.0,4.0,4.0,4.0,0.0,2.0,7.0,,6.0,6.0,6.0,6.0,6.0,6.0,2.0,1.0,3.0,4.0,2.0,1.0,3.0,4.0,,6.0,,6.0,6.0,6.0,6.0,6.0,6.0,2.0,1.0,3.0,4.0,2.0,1.0,3.0,4.0,,6.0,0.0,4.0,6.0,6.0,5.0,5.0,6.0,3.0,1.0,4.0,2.0,3.0,2.0,4.0,1.0,6.0,6.0,6.0,6.0,5.0,6.0,6.0,7.0,0.0,7.0,1.0,2.0,7.0,7.0,1.0,7.0,7.0,7.0,COL,REL,ADV,0.0,1,2.0,1,1,no mention,3.0,1.0,5.333333333333333,3.3333333333333335,7.0,5.25,6.222222222222222,6.0,4.0,5.75,6.0,14.816666666666666,0,America/Phoenix,1,1,1,0,0,69.495,103.873,115.44,250.757,143.138,167.511,1,1.8384728589387973
af1c662c-653c-407e-ae3e-295e2221b6cf,A8S893BK,HA2,HA,2,O3,True,completed,cloudresearch,8629D06659DE40C28BECB6CC28781A86,False,True,,,1330,96,2026-09-02T00:11:10.398Z,2026-09-02T00:34:38.659Z,0,0,0,65.0,US,4.0,0.0,2.0,0.0,1.0,6.0,4.0,7.0,6.0,1.0,1.0,4.0,1.0,1.0,1.0,6.0,7.0,5.0,3.0,4.0,5.0,6.0,6.0,5.0,6.0,0.0,2.0,7.0,,5.0,6.0,6.0,7.0,6.0,5.0,2.0,1.0,3.0,4.0,1.0,2.0,4.0,3.0,,7.0,,6.0,7.0,7.0,7.0,7.0,5.0,2.0,1.0,4.0,3.0,1.0,2.0,4.0,3.0,,6.0,0.0,6.0,7.0,7.0,7.0,6.0,2.0,2.0,4.0,3.0,1.0,3.0,1.0,4.0,2.0,1.0,1.0,1.0,5.0,4.0,5.0,5.0,1.0,0.0,1.0,1.0,5.0,1.0,1.0,1.0,1.0,1.0,4.0,COL,REL,ADV,0.0,1,2.0,1,1,intellectual,3.4,1.0,5.666666666666667,4.333333333333333,1.0,5.25,2.888888888888889,4.8,5.75,4.75,1.0,22.166666666666668,0,America/Denver,1,1,1,0,0,137.694,120.183,145.647,412.131,270.19,216.608,0,2.264887834683432
96425da2-3acd-4773-a1fe-e4af874fe19c,SSRWRMEH,HA3,HA,3,O5,True,completed,cloudresearch,09B6170BFB8C49DAB9A1BDBED42DB74F,False,True,,,866,96,2026-09-02T00:11:35.340Z,2026-09-02T00:27:30.582Z,0,0,0,21.0,US,4.0,5.0,1.0,2.0,1.0,6.0,3.0,4.0,6.0,2.0,6.0,5.0,3.0,2.0,2.0,2.0,5.0,5.0,4.0,5.0,5.0,4.0,6.0,6.0,6.0,0.0,2.0,5.0,,7.0,6.0,6.0,6.0,6.0,6.0,2.0,1.0,3.0,4.0,1.0,3.0,2.0,4.0,,5.0,2.0,6.0,6.0,6.0,6.0,5.0,6.0,2.0,1.0,3.0,4.0,1.0,2.0,3.0,4.0,,6.0,,6.0,6.0,5.0,6.0,6.0,5.0,1.0,3.0,4.0,2.0,1.0,4.0,3.0,2.0,7.0,6.0,6.0,6.0,5.0,6.0,5.0,5.0,1.0,6.0,3.0,3.0,5.0,6.0,3.0,5.0,3.0,3.0,ADV,REL,COL,2.0,1,2.0,1,1,mobility,2.5,2.25,3.0,2.3333333333333335,5.0,5.0,5.0,4.8,5.5,5.5,6.333333333333333,14.433333333333334,0,America/New_York,1,1,1,0,0,69.397,103.905,115.328,250.317,145.282,194.986,0,1.3901962940414683
081c31e5-5198-493e-914d-ae4566a7517d,BT3T7W4C,H2,H,2,O5,True,completed,cloudresearch,60E605E88628420C95E0A2A74D23A5BA,False,True,,,634,90,2026-09-02T00:12:01.966Z,2026-09-02T00:22:50.925Z,0,0,0,37.0,US,4.0,5.0,2.0,3.0,1.0,4.0,6.0,7.0,3.0,4.0,3.0,2.0,4.0,5.0,5.0,6.0,6.0,3.0,3.0,4.0,6.0,4.0,4.0,5.0,5.0,0.0,2.0,5.0,,6.0,6.0,7.0,6.0,4.0,6.0,,1.0,2.0,3.0,,1.0,3.0,2.0,,5.0,2.0,6.0,6.0,7.0,5.0,6.0,6.0,,1.0,3.0,2.0,,1.0,3.0,2.0,,6.0,,6.0,6.0,7.0,6.0,5.0,5.0,,1.0,3.0,2.0,,1.0,3.0,2.0,4.0,5.0,5.0,5.0,5.0,6.0,6.0,5.0,0.0,6.0,4.0,5.0,5.0,4.0,6.0,5.0,6.0,3.0,ADV,REL,COL,2.0,1,2.0,1,1,intellectual,5.3,4.5,6.333333333333333,5.333333333333333,5.2,3.5,4.444444444444445,4.4,4.5,5.5,4.666666666666667,10.566666666666666,0,America/Los_Angeles,1,1,1,0,0,69.401,103.86,115.336,153.321,111.182,152.588,0,1.1031462602974675
d4531b46-e56c-4393-8f5c-3d36dd9b17cb,WKHWJH65,H3,H,3,O1,True,completed,cloudresearch,52ECB5658D2840C4BB6E4703DC6EFC73,False,False,,,757,90,2026-09-02T00:12:04.941Z,2026-09-02T00:24:54.994Z,0,0,0,69.0,US,3.0,5.0,3.0,0.0,1.0,1.0,7.0,7.0,7.0,1.0,1.0,1.0,7.0,4.0,1.0,1.0,1.0,4.0,4.0,4.0,4.0,4.0,4.0,4.0,4.0,0.0,,6.0,1.0,5.0,4.0,7.0,4.0,4.0,1.0,,1.0,2.0,3.0,,1.0,2.0,3.0,1.0,6.0,,4.0,4.0,7.0,4.0,5.0,1.0,,1.0,2.0,3.0,,1.0,2.0,3.0,,6.0,,4.0,4.0,7.0,4.0,4.0,1.0,,1.0,2.0,3.0,,1.0,2.0,3.0,4.0,1.0,1.0,4.0,4.0,4.0,4.0,7.0,0.0,7.0,3.0,3.0,7.0,7.0,3.0,7.0,4.0,4.0,REL,ADV,COL,1.0,1,1.0,0,1,mobility,4.3,3.25,5.0,5.0,6.4,4.75,5.666666666666667,3.4,4.0,4.0,2.0,12.616666666666667,1,America/New_York,1,1,1,0,0,69.472,103.959,115.496,178.492,177.017,160.114,0,1.8666356728382534
7761674e-64fb-4249-b8f9-150e005575ca,YAQZQEPJ,A,A,,O6,True,completed,cloudresearch,A3225197A57D498187805738CB466F18,False,True,,,1420,87,2026-09-02T00:12:10.431Z,2026-09-02T00:36:25.875Z,0,0,0,31.0,US,2.0,5.0,4.0,0.0,0.0,2.0,5.0,6.0,3.0,5.0,2.0,1.0,4.0,3.0,6.0,7.0,4.0,3.0,2.0,1.0,4.0,3.0,2.0,4.0,4.0,0.0,,5.0,,6.0,7.0,,6.0,5.0,4.0,3.0,,2.0,1.0,3.0,,2.0,1.0,2.0,7.0,,6.0,7.0,,6.0,5.0,6.0,2.0,,3.0,1.0,3.0,,2.0,1.0,,7.0,2.0,6.0,5.0,,6.0,5.0,6.0,2.0,,3.0,1.0,3.0,,2.0,1.0,5.0,6.0,7.0,6.0,7.0,7.0,6.0,7.0,0.0,6.0,1.0,2.0,7.0,6.0,1.0,6.0,7.0,2.0,COL,ADV,REL,2.0,0,2.0,1,0,AI (no operator),5.4,4.5,6.0,6.0,6.4,6.5,6.444444444444445,2.8,3.25,6.5,6.0,23.666666666666668,0,America/New_York,1,1,1,0,0,69.38,103.948,237.885,259.427,180.389,794.094,0,1.810825318739158
984cbaa7-3ad2-4213-ad72-7c804e2df1e2,PY63Q4SD,A,A,,O5,True,completed,cloudresearch,EE9674FCCF2041C8B707CE02F3929470,False,True,,,543,87,2026-09-02T00:12:15.673Z,2026-09-02T00:21:29.512Z,0,0,0,26.0,CA,4.0,0.0,3.0,0.0,1.0,1.0,6.0,7.0,2.0,4.0,2.0,2.0,2.0,5.0,3.0,7.0,7.0,6.0,6.0,7.0,7.0,6.0,6.0,6.0,6.0,0.0,2.0,4.0,,5.0,4.0,,5.0,4.0,3.0,1.0,,2.0,3.0,1.0,,2.0,3.0,,5.0,2.0,4.0,5.0,,5.0,5.0,2.0,2.0,,3.0,1.0,1.0,,2.0,3.0,,4.0,,4.0,5.0,,5.0,6.0,3.0,2.0,,3.0,1.0,1.0,,2.0,3.0,2.0,4.0,4.0,5.0,4.0,4.0,3.0,5.0,1.0,2.0,7.0,7.0,3.0,3.0,6.0,3.0,2.0,4.0,ADV,REL,COL,2.0,1,2.0,1,0,AI (no operator),5.2,3.5,6.666666666666667,6.0,2.6,2.0,2.3333333333333335,6.6,6.0,4.0,3.3333333333333335,9.05,0,America/Regina,1,1,1,0,0,69.407,103.857,115.355,160.68,89.632,161.697,0,1.6254973970815427
784ca487-25be-431b-8c71-da9562a79350,7DJXN45H,H3,H,3,O6,True,completed,cloudresearch,4A8A982E98214F84AB1D027AB389C6EA,False,True,,,731,90,2026-09-02T00:12:40.178Z,2026-09-02T00:25:19.410Z,0,0,0,50.0,US,4.0,4.0,1.0,0.0,0.0,3.0,5.0,7.0,4.0,4.0,4.0,4.0,3.0,2.0,1.0,6.0,4.0,3.0,2.0,3.0,4.0,4.0,4.0,4.0,5.0,0.0,,6.0,,7.0,6.0,7.0,6.0,6.0,5.0,,1.0,2.0,3.0,,1.0,2.0,3.0,2.0,6.0,,7.0,7.0,7.0,7.0,7.0,6.0,,1.0,3.0,2.0,,1.0,3.0,2.0,,5.0,0.0,6.0,6.0,6.0,7.0,7.0,5.0,,1.0,3.0,2.0,,1.0,3.0,2.0,5.0,5.0,5.0,6.0,6.0,5.0,5.0,6.0,0.0,4.0,5.0,5.0,4.0,4.0,5.0,4.0,3.0,3.0,COL,ADV,REL,0.0,1,2.0,1,1,mobility,4.0,2.5,6.0,4.0,3.8,3.5,3.6666666666666665,3.2,4.25,5.5,5.0,12.183333333333334,0,America/Chicago,1,1,1,0,0,69.395,103.84,115.288,232.497,147.164,119.048,0,1.4360010358014563
01be24e1-cb42-4c25-a071-3b3a0734af8e,DT2CTXPE,HA2,HA,2,O6,True,completed,cloudresearch,207C96A765534FBFB60861B1B8C74149,False,False,,,962,96,2026-09-02T00:12:47.070Z,2026-09-02T00:29:19.629Z,0,0,0,63.0,US,5.0,5.0,4.0,5.0,1.0,2.0,6.0,6.0,6.0,1.0,1.0,1.0,1.0,1.0,1.0,6.0,7.0,7.0,4.0,4.0,7.0,4.0,4.0,4.0,4.0,0.0,,7.0,,4.0,4.0,7.0,7.0,7.0,7.0,3.0,1.0,2.0,4.0,4.0,1.0,3.0,2.0,1.0,7.0,,4.0,4.0,4.0,7.0,7.0,7.0,4.0,2.0,3.0,1.0,4.0,2.0,3.0,1.0,,6.0,0.0,4.0,4.0,3.0,3.0,3.0,7.0,4.0,2.0,3.0,1.0,4.0,2.0,3.0,1.0,4.0,5.0,4.0,7.0,7.0,7.0,7.0,7.0,0.0,7.0,4.0,4.0,6.0,6.0,3.0,5.0,7.0,1.0,COL,ADV,REL,0.0,1,1.0,0,1,intellectual,3.8,1.0,6.0,5.333333333333333,6.2,5.0,5.666666666666667,5.8,4.0,7.0,4.333333333333333,16.033333333333335,1,America/New_York,1,1,1,0,0,69.548,103.915,115.459,280.685,181.071,164.694,0,1.9592306789937295
e5a9144a-1919-4352-b7b3-b59154c8b79e,APH9HBEP,H2,H,2,O6,True,completed,cloudresearch,460BEBE6BD394DE18D52FD005208B9C3,False,True,,,1091,90,2026-09-02T00:13:02.286Z,2026-09-02T00:31:58.879Z,0,0,0,26.0,US,5.0,1.0,3.0,0.0,1.0,3.0,6.0,6.0,3.0,5.0,4.0,3.0,2.0,4.0,2.0,6.0,6.0,6.0,6.0,6.0,6.0,6.0,6.0,6.0,6.0,0.0,,6.0,,6.0,6.0,6.0,6.0,6.0,6.0,,1.0,3.0,2.0,,1.0,3.0,2.0,2.0,6.0,,6.0,6.0,6.0,6.0,6.0,6.0,,1.0,2.0,3.0,,1.0,2.0,3.0,,5.0,0.0,6.0,6.0,5.0,6.0,6.0,4.0,,1.0,2.0,3.0,,1.0,2.0,3.0,6.0,6.0,6.0,5.0,5.0,5.0,5.0,1.0,0.0,1.0,7.0,7.0,3.0,2.0,6.0,2.0,1.0,3.0,COL,ADV,REL,0.0,1,2.0,1,1,intellectual,4.5,3.25,6.0,4.666666666666667,1.8,2.25,2.0,6.0,6.0,5.0,6.0,18.183333333333334,0,America/Santo_Domingo,1,1,1,0,0,69.424,103.744,118.834,196.624,139.068,176.552,2,1.572596124496831
092fd158-eabb-4f09-9984-813783e5d68a,H9DSD6X6,HA3,HA,3,O1,True,completed,cloudresearch,6679E93965C5459E98F5784A3DB5F623,False,True,,,886,96,2026-09-02T00:13:45.576Z,2026-09-02T00:28:48.863Z,0,0,0,29.0,US,4.0,5.0,3.0,2.0,0.0,1.0,5.0,6.0,4.0,3.0,5.0,4.0,2.0,2.0,3.0,6.0,3.0,2.0,2.0,2.0,3.0,3.0,3.0,3.0,3.0,0.0,,7.0,1.0,7.0,7.0,7.0,7.0,7.0,7.0,3.0,1.0,2.0,4.0,4.0,1.0,3.0,2.0,2.0,7.0,,7.0,7.0,7.0,7.0,7.0,7.0,3.0,1.0,2.0,4.0,3.0,1.0,2.0,4.0,,5.0,,6.0,6.0,6.0,5.0,5.0,4.0,3.0,1.0,2.0,4.0,3.0,1.0,2.0,4.0,6.0,6.0,6.0,6.0,7.0,7.0,6.0,7.0,0.0,6.0,2.0,2.0,6.0,6.0,2.0,6.0,7.0,2.0,REL,ADV,COL,1.0,1,2.0,1,1,mobility,3.8,2.5,5.666666666666667,3.6666666666666665,6.2,6.0,6.111111111111111,2.4,3.0,6.5,6.0,14.766666666666667,0,America/Chicago,1,1,1,0,0,110.333,103.916,118.089,194.917,175.143,167.533,2,1.8487377354018815
7c86fb8d-3e5d-42bf-8a4f-438176e9b386,VNXBB6VB,H1,H,1,O1,True,completed,cloudresearch,05440960E15C4CB0AD25C35DD60676EC,False,True,,,840,90,2026-09-02T00:14:47.119Z,2026-09-02T00:31:02.488Z,0,0,0,38.0,US,2.0,5.0,2.0,1.0,1.0,4.0,5.0,6.0,5.0,3.0,5.0,4.0,2.0,2.0,2.0,2.0,7.0,7.0,7.0,7.0,7.0,7.0,6.0,6.0,6.0,0.0,,6.0,1.0,6.0,7.0,7.0,6.0,6.0,2.0,,1.0,2.0,3.0,,1.0,2.0,3.0,2.0,6.0,,6.0,6.0,7.0,6.0,6.0,5.0,,1.0,2.0,3.0,,2.0,3.0,1.0,,6.0,,6.0,6.0,7.0,6.0,7.0,6.0,,2.0,3.0,1.0,,2.0,3.0,1.0,4.0,4.0,4.0,5.0,5.0,6.0,6.0,3.0,1.0,6.0,2.0,3.0,7.0,7.0,2.0,5.0,6.0,5.0,REL,ADV,COL,1.0,1,2.0,1,1,no mention,3.2,2.25,4.333333333333333,3.3333333333333335,6.2,5.0,5.666666666666667,7.0,6.25,5.5,4.0,14.0,0,America/New_York,1,1,1,0,0,70.159,103.915,117.116,157.461,214.203,174.384,0,1.593274196256094
35d0bf5a-ee52-4125-b483-21487ed07162,4STGMBGP,HA1,HA,1,O5,True,completed,cloudresearch,8A4D02A51340427C9DEB3D012F531B58,False,True,,,806,96,2026-09-02T00:17:28.840Z,2026-09-02T00:31:26.294Z,0,0,0,54.0,US,4.0,4.0,3.0,0.0,0.0,2.0,5.0,5.0,4.0,4.0,4.0,3.0,3.0,4.0,3.0,2.0,7.0,7.0,7.0,7.0,7.0,7.0,7.0,7.0,7.0,0.0,2.0,7.0,,6.0,6.0,7.0,6.0,5.0,6.0,2.0,1.0,3.0,4.0,2.0,1.0,3.0,4.0,,6.0,2.0,6.0,6.0,5.0,6.0,7.0,6.0,3.0,1.0,4.0,2.0,2.0,1.0,3.0,4.0,,6.0,,4.0,6.0,7.0,7.0,7.0,7.0,2.0,1.0,3.0,4.0,3.0,1.0,2.0,4.0,7.0,7.0,7.0,7.0,7.0,7.0,7.0,6.0,0.0,5.0,2.0,2.0,7.0,7.0,2.0,5.0,5.0,2.0,ADV,REL,COL,2.0,1,2.0,1,1,no mention,3.9,3.5,4.0,4.333333333333333,5.8,6.0,5.888888888888889,7.0,7.0,7.0,7.0,13.433333333333334,0,America/Chicago,1,1,1,0,0,69.38,105.619,115.308,207.75,137.293,189.661,0,1.6083381471436808
cdeb73e8-f15c-4380-b1c0-4dd397142534,RW5U78M7,H1,H,1,O3,True,completed,cloudresearch,8334C8C0A6EE49D8A646861248D49EF9,False,True,,,1808,90,2026-09-02T00:18:26.231Z,2026-09-02T00:48:48.762Z,0,0,0,28.0,US,4.0,5.0,3.0,2.0,0.0,4.0,2.0,2.0,6.0,3.0,3.0,4.0,5.0,3.0,3.0,5.0,6.0,4.0,3.0,4.0,4.0,4.0,4.0,4.0,4.0,0.0,2.0,6.0,,6.0,6.0,6.0,6.0,6.0,6.0,,1.0,3.0,2.0,,2.0,1.0,3.0,,6.0,,6.0,6.0,6.0,6.0,6.0,6.0,,1.0,2.0,3.0,,2.0,1.0,3.0,,6.0,0.0,6.0,6.0,6.0,6.0,6.0,6.0,,1.0,3.0,2.0,,2.0,1.0,3.0,5.0,5.0,5.0,6.0,6.0,6.0,6.0,6.0,0.0,6.0,2.0,2.0,5.0,6.0,3.0,6.0,6.0,2.0,COL,REL,ADV,0.0,1,2.0,1,1,no mention,3.4,3.5,3.0,3.6666666666666665,5.8,5.75,5.777777777777778,4.2,4.0,6.0,5.0,30.133333333333333,0,America/Chicago,1,1,1,0,0,125.41,103.831,145.908,314.143,174.709,899.391,3,1.358762253320386
a30a10e9-0f68-4887-8d8c-798b14f05882,JYS6V2XF,HA3,HA,3,O3,True,completed,cloudresearch,114509284BB84217990EDD5F311E94D8,False,True,,,677,96,2026-09-02T00:20:54.261Z,2026-09-02T00:32:28.413Z,0,0,0,47.0,US,2.0,3.0,1.0,0.0,1.0,1.0,7.0,6.0,4.0,4.0,4.0,1.0,2.0,4.0,5.0,4.0,6.0,6.0,6.0,4.0,6.0,4.0,4.0,4.0,4.0,0.0,2.0,4.0,,5.0,6.0,6.0,4.0,4.0,3.0,3.0,2.0,4.0,1.0,3.0,2.0,4.0,1.0,,4.0,,4.0,6.0,6.0,5.0,5.0,5.0,3.0,2.0,4.0,1.0,3.0,2.0,4.0,1.0,,4.0,0.0,4.0,6.0,6.0,6.0,6.0,6.0,3.0,2.0,4.0,1.0,3.0,2.0,4.0,1.0,3.0,3.0,3.0,5.0,5.0,5.0,4.0,6.0,0.0,4.0,3.0,5.0,5.0,4.0,2.0,5.0,4.0,4.0,COL,REL,ADV,0.0,1,2.0,1,1,mobility,4.7,3.75,5.666666666666667,5.0,4.4,4.5,4.444444444444445,5.6,4.0,4.75,3.0,11.283333333333333,0,America/Phoenix,1,1,1,0,0,69.469,103.922,115.5,198.503,114.782,156.197,0,1.1541721263098543
d99a1d42-9e7a-4967-8d1f-aa9b97e997c8,TE5WAP2D,H2,H,2,O1,True,completed,cloudresearch,6F2813CFC0C64C28B4570DF1A8DB31CC,False,True,,,509,90,2026-09-02T00:22:45.232Z,2026-09-02T00:31:25.725Z,0,0,0,26.0,US,4.0,5.0,3.0,3.0,1.0,5.0,6.0,6.0,2.0,6.0,4.0,2.0,4.0,5.0,5.0,6.0,7.0,5.0,5.0,5.0,5.0,7.0,7.0,7.0,7.0,0.0,,7.0,1.0,7.0,7.0,7.0,7.0,7.0,7.0,,3.0,2.0,1.0,,1.0,2.0,3.0,2.0,7.0,,7.0,7.0,7.0,7.0,7.0,7.0,,1.0,2.0,3.0,,1.0,2.0,3.0,,7.0,,6.0,7.0,7.0,7.0,7.0,7.0,,1.0,3.0,2.0,,1.0,3.0,2.0,7.0,7.0,7.0,7.0,6.0,7.0,7.0,5.0,0.0,4.0,5.0,5.0,5.0,4.0,6.0,2.0,1.0,6.0,REL,ADV,COL,1.0,1,2.0,1,1,intellectual,5.4,5.0,6.0,5.333333333333333,3.2,2.5,2.888888888888889,5.4,7.0,6.75,7.0,8.483333333333333,0,America/Chicago,1,1,1,0,0,69.421,104.002,115.5,111.631,137.835,142.979,2,1.5626002555905962
a183042a-efb1-450e-8a00-e68f79e38076,KY3C3DSN,H2,H,2,O5,True,completed,cloudresearch,4A369EEBE9754267AE34705BA63A3C5D,False,True,,,888,90,2026-09-02T00:23:08.904Z,2026-09-02T00:39:10.174Z,0,0,0,35.0,US,2.0,5.0,5.0,5.0,0.0,2.0,1.0,1.0,7.0,1.0,7.0,7.0,1.0,1.0,1.0,1.0,7.0,7.0,6.0,7.0,7.0,7.0,7.0,7.0,7.0,0.0,2.0,7.0,,7.0,7.0,7.0,7.0,7.0,7.0,,1.0,3.0,2.0,,1.0,3.0,2.0,,7.0,2.0,7.0,7.0,7.0,7.0,7.0,7.0,,1.0,3.0,2.0,,1.0,3.0,2.0,,7.0,,7.0,7.0,7.0,7.0,7.0,7.0,,1.0,3.0,2.0,,1.0,3.0,2.0,7.0,7.0,7.0,7.0,7.0,7.0,7.0,7.0,1.0,7.0,1.0,1.0,7.0,7.0,1.0,7.0,7.0,1.0,ADV,REL,COL,2.0,1,2.0,1,1,intellectual,1.0,1.0,1.0,1.0,7.0,7.0,7.0,6.8,7.0,7.0,7.0,14.8,0,America/New_York,1,1,1,0,0,69.345,103.91,115.27,316.992,121.866,159.677,3,2.513295266805244
c598475f-b532-4556-8197-f03ab16cb5ad,P7GT5K8E,A,A,,O5,True,completed,cloudresearch,0EA3C639531149BC927C19D2C2DE0BD9,False,False,,,755,87,2026-09-02T00:25:08.450Z,2026-09-02T00:38:21.767Z,0,0,0,23.0,CA,2.0,5.0,1.0,1.0,0.0,3.0,5.0,5.0,2.0,2.0,4.0,2.0,6.0,1.0,1.0,7.0,7.0,3.0,6.0,5.0,7.0,7.0,7.0,7.0,7.0,0.0,1.0,1.0,,2.0,2.0,,4.0,1.0,1.0,1.0,,2.0,3.0,1.0,,3.0,2.0,,4.0,2.0,6.0,6.0,,6.0,7.0,6.0,2.0,,3.0,1.0,2.0,,3.0,1.0,,7.0,,7.0,7.0,,7.0,7.0,7.0,1.0,,2.0,3.0,1.0,,2.0,3.0,7.0,6.0,6.0,7.0,6.0,6.0,7.0,4.0,1.0,7.0,4.0,7.0,7.0,7.0,1.0,4.0,4.0,1.0,ADV,REL,COL,2.0,1,1.0,0,0,AI (no operator),4.3,2.5,5.666666666666667,5.333333333333333,5.8,4.75,5.333333333333333,5.6,7.0,6.5,6.333333333333333,12.583333333333334,0,America/Winnipeg,1,1,1,0,0,69.375,152.187,115.32,231.344,133.707,154.052,1,2.097193429188452
0161b8c4-c362-4282-8d1f-b3cdc21fd02b,2KYU9ZPA,A,A,,O3,True,completed,cloudresearch,2B21B7636CAD4FE3B5E616714E830F53,False,True,,,690,87,2026-09-02T00:25:32.636Z,2026-09-02T00:37:17.239Z,0,0,0,34.0,US,3.0,5.0,3.0,3.0,1.0,2.0,7.0,6.0,5.0,2.0,5.0,1.0,5.0,1.0,1.0,3.0,6.0,5.0,5.0,6.0,6.0,7.0,6.0,6.0,6.0,0.0,2.0,5.0,,7.0,7.0,,7.0,6.0,6.0,1.0,,2.0,3.0,1.0,,2.0,3.0,,7.0,,7.0,7.0,,7.0,7.0,7.0,1.0,,3.0,2.0,1.0,,3.0,2.0,,6.0,0.0,7.0,7.0,,7.0,7.0,7.0,3.0,,2.0,1.0,3.0,,2.0,1.0,6.0,6.0,7.0,7.0,7.0,7.0,7.0,7.0,0.0,7.0,1.0,2.0,6.0,7.0,1.0,6.0,7.0,2.0,COL,REL,ADV,0.0,1,2.0,1,0,AI (no operator),3.8,2.25,5.333333333333333,4.333333333333333,6.6,6.5,6.555555555555555,5.6,6.25,7.0,6.333333333333333,11.5,0,America/New_York,1,1,1,0,0,74.312,104.804,115.781,212.276,122.396,131.254,1,1.888176511324846
49f29a8f-ac23-4ae0-9cd7-b03ee6e5f121,EEP88AMC,H1,H,1,O6,True,completed,cloudresearch,4D8B047B038B451C9DB789869453842F,False,True,,,1256,90,2026-09-02T00:26:18.214Z,2026-09-02T00:48:57.520Z,0,0,0,73.0,CA,2.0,5.0,5.0,1.0,0.0,0.0,5.0,6.0,5.0,2.0,4.0,2.0,2.0,3.0,2.0,4.0,4.0,4.0,3.0,4.0,4.0,5.0,4.0,4.0,5.0,0.0,,5.0,,5.0,6.0,6.0,5.0,6.0,6.0,,1.0,2.0,3.0,,1.0,2.0,3.0,2.0,5.0,,4.0,3.0,6.0,5.0,6.0,6.0,,1.0,3.0,2.0,,1.0,3.0,2.0,,5.0,0.0,5.0,5.0,5.0,5.0,5.0,6.0,,1.0,3.0,2.0,,1.0,3.0,2.0,5.0,5.0,5.0,4.0,4.0,4.0,5.0,6.0,0.0,6.0,2.0,5.0,5.0,5.0,2.0,4.0,5.0,4.0,COL,ADV,REL,0.0,1,2.0,1,1,no mention,3.7,2.25,5.0,4.333333333333333,5.0,4.75,4.888888888888889,3.8,4.5,4.25,5.0,20.933333333333334,0,America/Toronto,1,1,1,0,0,69.352,103.837,196.281,442.721,225.233,171.965,0,1.1226668800960082
bd060b03-1183-416d-bb11-c8890f7bfe5e,42E2CNZS,HA2,HA,2,O4,True,completed,cloudresearch,6AEF867B56D44650857D069C3E8B73FF,False,True,,,1231,96,2026-09-02T00:27:25.771Z,2026-09-02T00:48:48.899Z,0,0,0,44.0,US,1.0,4.0,1.0,0.0,0.0,1.0,7.0,7.0,5.0,1.0,6.0,1.0,1.0,4.0,4.0,5.0,4.0,2.0,1.0,1.0,4.0,4.0,6.0,5.0,5.0,0.0,,6.0,1.0,4.0,7.0,7.0,7.0,6.0,4.0,2.0,1.0,3.0,4.0,1.0,2.0,3.0,4.0,,7.0,,7.0,6.0,7.0,7.0,6.0,7.0,2.0,1.0,3.0,4.0,2.0,1.0,3.0,4.0,2.0,4.0,,4.0,6.0,7.0,6.0,7.0,5.0,2.0,1.0,4.0,3.0,2.0,1.0,3.0,4.0,6.0,6.0,5.0,7.0,5.0,7.0,7.0,7.0,0.0,7.0,1.0,2.0,7.0,6.0,1.0,4.0,7.0,2.0,REL,COL,ADV,1.0,1,2.0,1,1,intellectual,4.1,2.5,6.333333333333333,4.0,6.2,6.5,6.333333333333333,2.4,5.0,6.5,5.666666666666667,20.516666666666666,0,America/Chicago,1,1,1,0,0,69.468,103.888,115.297,197.222,274.758,195.4,0,1.9723688056402093
9f228a11-c12d-4e59-8138-1f5c2a0f287c,G2GJK3GF,HA1,HA,1,O3,True,completed,cloudresearch,B11AA4664534491FAF395D65DDFC0E84,False,True,,,1480,96,2026-09-02T00:31:04.171Z,2026-09-02T00:55:52.870Z,0,0,0,44.0,US,4.0,5.0,0.0,1.0,1.0,2.0,5.0,5.0,6.0,2.0,6.0,6.0,1.0,5.0,2.0,5.0,6.0,3.0,5.0,3.0,6.0,5.0,5.0,5.0,6.0,0.0,2.0,3.0,,6.0,6.0,6.0,6.0,6.0,5.0,3.0,1.0,2.0,4.0,3.0,1.0,2.0,4.0,,6.0,,6.0,7.0,6.0,6.0,6.0,6.0,3.0,1.0,2.0,4.0,4.0,1.0,3.0,2.0,,6.0,0.0,6.0,6.0,6.0,6.0,6.0,6.0,4.0,2.0,3.0,1.0,2.0,1.0,4.0,3.0,7.0,6.0,6.0,6.0,6.0,6.0,7.0,3.0,0.0,7.0,1.0,5.0,6.0,7.0,1.0,5.0,6.0,3.0,COL,REL,ADV,0.0,1,2.0,1,1,no mention,3.1,2.5,5.0,2.0,6.2,5.5,5.888888888888889,4.6,5.25,6.25,6.333333333333333,24.666666666666668,0,America/Denver,1,1,1,0,0,69.403,103.763,115.231,644.305,335.355,236.843,1,1.5350697517280731
f79f4091-ae11-40da-acea-04b6d19f8054,2NVVF6EN,HA2,HA,2,O6,True,completed,cloudresearch,54C623ACD50642A191E4537D31300E03,False,True,,,1065,96,2026-09-02T00:32:10.175Z,2026-09-02T00:50:18.843Z,0,0,0,37.0,US,2.0,4.0,1.0,0.0,0.0,0.0,5.0,6.0,4.0,3.0,5.0,3.0,2.0,2.0,2.0,2.0,4.0,4.0,3.0,3.0,4.0,6.0,4.0,5.0,5.0,0.0,,5.0,,6.0,6.0,7.0,7.0,5.0,5.0,3.0,1.0,2.0,4.0,3.0,2.0,1.0,4.0,2.0,6.0,,6.0,7.0,7.0,4.0,6.0,6.0,3.0,1.0,2.0,4.0,3.0,1.0,2.0,4.0,,5.0,0.0,6.0,6.0,7.0,6.0,6.0,5.0,3.0,1.0,2.0,4.0,3.0,2.0,1.0,4.0,5.0,5.0,6.0,5.0,5.0,6.0,5.0,2.0,0.0,4.0,2.0,5.0,6.0,5.0,3.0,5.0,4.0,3.0,COL,ADV,REL,0.0,1,2.0,1,1,intellectual,3.4,2.25,4.333333333333333,4.0,4.8,4.75,4.777777777777778,3.6,5.0,5.25,5.333333333333333,17.75,0,America/Chicago,1,1,1,0,0,69.314,103.771,115.227,331.695,203.698,150.163,0,1.3555645147042255
592eb0da-9612-4b12-8543-2b2d1592fb58,UDF64WHZ,HA3,HA,3,O5,True,completed,cloudresearch,086CFAC51C8345A2B92AA875862AE375,False,True,,,924,96,2026-09-02T00:36:44.857Z,2026-09-02T00:52:47.517Z,0,0,0,27.0,CA,4.0,5.0,3.0,1.0,0.0,5.0,3.0,4.0,5.0,2.0,4.0,5.0,4.0,3.0,2.0,4.0,5.0,4.0,4.0,4.0,6.0,5.0,6.0,6.0,6.0,0.0,2.0,5.0,,6.0,6.0,6.0,7.0,5.0,5.0,3.0,1.0,2.0,4.0,3.0,1.0,2.0,4.0,,4.0,2.0,6.0,6.0,6.0,6.0,6.0,5.0,2.0,1.0,3.0,4.0,2.0,1.0,3.0,4.0,,5.0,,7.0,7.0,7.0,7.0,7.0,5.0,1.0,2.0,3.0,4.0,1.0,2.0,3.0,4.0,6.0,6.0,5.0,6.0,6.0,6.0,5.0,6.0,0.0,6.0,3.0,4.0,5.0,5.0,3.0,4.0,4.0,4.0,ADV,REL,COL,2.0,1,2.0,1,1,mobility,3.2,2.75,3.6666666666666665,3.3333333333333335,4.8,4.5,4.666666666666667,4.6,5.75,5.75,5.666666666666667,15.4,1,America/Winnipeg,1,1,1,0,0,192.013,114.351,115.492,253.201,206.341,184.52,0,1.2486872346751638
cb62d8e6-d6cb-4990-9f2c-e04c96509444,57Y4XCS6,HA3,HA,3,O2,True,completed,cloudresearch,2550814AEB7C4AB5B74CB93587423C76,False,True,,,723,96,2026-09-02T00:38:56.519Z,2026-09-02T00:51:13.985Z,0,0,0,29.0,CA,4.0,4.0,2.0,1.0,0.0,5.0,6.0,7.0,3.0,5.0,5.0,2.0,3.0,2.0,2.0,5.0,7.0,3.0,4.0,5.0,7.0,6.0,5.0,6.0,5.0,0.0,,4.0,,5.0,4.0,5.0,4.0,4.0,3.0,3.0,2.0,4.0,1.0,3.0,2.0,4.0,1.0,,5.0,2.0,6.0,5.0,3.0,6.0,6.0,5.0,2.0,1.0,3.0,4.0,3.0,2.0,4.0,1.0,2.0,5.0,,5.0,6.0,6.0,5.0,6.0,5.0,2.0,1.0,4.0,3.0,3.0,2.0,4.0,1.0,5.0,5.0,5.0,5.0,3.0,5.0,4.0,3.0,0.0,3.0,5.0,5.0,5.0,4.0,4.0,3.0,2.0,4.0,ADV,COL,REL,2.0,1,2.0,1,1,mobility,4.4,3.0,6.0,4.666666666666667,3.4,3.5,3.4444444444444446,5.2,5.5,4.25,5.0,12.05,0,America/Toronto,1,1,1,0,0,69.545,103.977,115.446,184.343,209.485,111.607,0,1.2266719125766996
5303a6f1-2687-454f-abca-4e599d9faa44,TNQZDP6D,HA3,HA,3,O4,True,completed,cloudresearch,965B0E4313264F5A9A5222E31D9C17F3,False,True,,,797,96,2026-09-02T00:39:09.563Z,2026-09-02T00:52:44.070Z,0,0,0,43.0,US,4.0,5.0,4.0,0.0,0.0,2.0,2.0,2.0,6.0,2.0,7.0,2.0,1.0,1.0,1.0,1.0,5.0,3.0,3.0,6.0,7.0,6.0,6.0,6.0,7.0,0.0,,7.0,1.0,6.0,7.0,7.0,6.0,6.0,7.0,2.0,1.0,3.0,4.0,2.0,1.0,3.0,4.0,,7.0,,6.0,7.0,7.0,6.0,6.0,7.0,2.0,1.0,3.0,4.0,2.0,1.0,3.0,4.0,2.0,6.0,,6.0,7.0,7.0,7.0,7.0,7.0,1.0,2.0,3.0,4.0,1.0,2.0,3.0,4.0,7.0,7.0,7.0,7.0,7.0,7.0,7.0,7.0,0.0,7.0,2.0,2.0,7.0,7.0,1.0,6.0,7.0,1.0,REL,COL,ADV,1.0,1,2.0,1,1,mobility,1.9,1.25,1.6666666666666667,3.0,6.8,6.5,6.666666666666667,4.8,6.25,7.0,7.0,13.283333333333333,0,America/Phoenix,1,1,1,0,0,69.345,103.774,115.253,132.28,165.628,149.804,0,2.2387186118775615
eb5a075b-e735-439f-9905-f723aa498c86,S5P9PTZG,H1,H,1,O2,True,completed,cloudresearch,49CFDCE52C284B0B8F4375DBAB5B7917,False,False,,,632,90,2026-09-02T00:39:19.458Z,2026-09-02T00:50:21.311Z,0,0,0,38.0,US,2.0,5.0,0.0,0.0,1.0,2.0,5.0,5.0,3.0,4.0,3.0,3.0,4.0,3.0,3.0,5.0,6.0,6.0,5.0,5.0,6.0,6.0,5.0,5.0,6.0,0.0,,5.0,,5.0,5.0,5.0,5.0,5.0,5.0,,1.0,2.0,3.0,,1.0,2.0,3.0,,5.0,2.0,5.0,5.0,5.0,5.0,5.0,5.0,,2.0,1.0,3.0,,2.0,3.0,1.0,5.0,5.0,,5.0,5.0,5.0,5.0,5.0,5.0,,2.0,3.0,1.0,,2.0,3.0,1.0,5.0,5.0,5.0,5.0,5.0,5.0,5.0,5.0,0.0,5.0,3.0,4.0,4.0,5.0,3.0,3.0,4.0,3.0,ADV,COL,REL,2.0,1,5.0,0,1,no mention,4.4,3.5,5.0,5.0,4.2,4.75,4.444444444444445,5.6,5.5,5.0,5.0,10.533333333333333,0,America/New_York,1,1,1,0,0,69.587,104.15,115.452,178.442,159.073,108.988,3,0.8155124241412097
0d28d045-4b9a-4868-8555-ec306d09e617,8C39WYSN,H1,H,1,O4,True,completed,cloudresearch,34DBFA16D26044D58AAB9AB321AB290C,False,True,,,665,90,2026-09-02T00:39:27.605Z,2026-09-02T00:50:37.890Z,0,0,0,46.0,US,5.0,4.0,2.0,0.0,0.0,4.0,6.0,6.0,3.0,4.0,4.0,3.0,3.0,4.0,4.0,3.0,5.0,4.0,5.0,5.0,6.0,4.0,5.0,4.0,5.0,0.0,,5.0,1.0,5.0,5.0,6.0,5.0,5.0,5.0,,1.0,3.0,2.0,,1.0,3.0,2.0,,5.0,,5.0,5.0,6.0,5.0,5.0,5.0,,1.0,3.0,2.0,,1.0,3.0,2.0,2.0,4.0,,5.0,5.0,5.0,4.0,5.0,5.0,,2.0,3.0,1.0,,2.0,3.0,1.0,5.0,5.0,5.0,5.0,5.0,4.0,5.0,3.0,0.0,5.0,4.0,4.0,5.0,4.0,4.0,4.0,4.0,5.0,REL,COL,ADV,1.0,1,2.0,1,1,no mention,4.4,3.75,5.0,4.666666666666667,4.4,3.75,4.111111111111111,5.0,4.5,4.75,5.0,11.083333333333334,0,America/Los_Angeles,1,1,1,0,0,70.143,103.829,115.246,141.623,154.095,138.391,0,0.7068215569736699
ff1ce35b-7522-462a-b697-0d9ea53d387a,FXYH5GPA,H3,H,3,O5,True,completed,cloudresearch,42B0E4CA45CA444CA8123729C4660A98,False,True,,,827,90,2026-09-02T01:04:15.636Z,2026-09-02T01:18:55.691Z,0,0,0,18.0,US,2.0,4.0,4.0,1.0,1.0,2.0,6.0,5.0,4.0,1.0,6.0,4.0,2.0,2.0,2.0,6.0,7.0,5.0,6.0,4.0,6.0,6.0,6.0,6.0,6.0,0.0,2.0,5.0,,5.0,6.0,6.0,5.0,5.0,6.0,,1.0,2.0,3.0,,1.0,3.0,2.0,,6.0,2.0,4.0,6.0,6.0,4.0,6.0,6.0,,1.0,2.0,3.0,,1.0,3.0,2.0,,5.0,,4.0,3.0,6.0,4.0,3.0,2.0,,1.0,2.0,3.0,,1.0,2.0,3.0,6.0,5.0,5.0,5.0,5.0,4.0,5.0,7.0,0.0,4.0,1.0,3.0,6.0,4.0,2.0,4.0,4.0,4.0,ADV,REL,COL,2.0,1,2.0,1,1,mobility,3.4,1.75,5.666666666666667,3.3333333333333335,4.4,5.5,4.888888888888889,5.6,6.0,4.75,5.333333333333333,13.783333333333333,0,America/Los_Angeles,1,1,1,0,0,69.397,103.851,115.37,207.815,143.892,179.282,0,1.433531807420602
cf276b3b-3965-4ce0-9ab7-167c21a6f943,YPWYNTVR,A,A,,O6,True,completed,cloudresearch,929322737DF54EF3BA39C153BB553A25,False,True,,,3344,87,2026-09-02T01:07:10.694Z,2026-09-02T02:03:04.614Z,0,0,0,38.0,US,4.0,3.0,3.0,2.0,0.0,3.0,4.0,5.0,5.0,3.0,5.0,4.0,2.0,4.0,2.0,4.0,7.0,6.0,6.0,5.0,7.0,6.0,6.0,6.0,6.0,0.0,,5.0,,5.0,6.0,,5.0,5.0,6.0,2.0,,1.0,3.0,2.0,,1.0,3.0,2.0,5.0,,5.0,6.0,,6.0,5.0,6.0,1.0,,2.0,3.0,2.0,,1.0,3.0,,4.0,0.0,5.0,5.0,,5.0,5.0,6.0,1.0,,2.0,3.0,1.0,,2.0,3.0,3.0,4.0,3.0,4.0,3.0,4.0,4.0,5.0,0.0,2.0,6.0,5.0,2.0,2.0,4.0,2.0,1.0,6.0,COL,ADV,REL,0.0,1,2.0,1,0,AI (no operator),3.4,2.75,4.333333333333333,3.3333333333333335,1.8,2.75,2.2222222222222223,6.2,6.0,3.75,3.3333333333333335,55.733333333333334,1,America/New_York,1,1,1,0,0,78.015,1222.976,123.187,1019.336,1433.638,103.861,0,1.4752181771127195
4662f5e3-1b31-44ad-904e-b089141256f0,GJCMRPPJ,H3,H,3,O3,True,completed,cloudresearch,ED5A99D4CEA949498792ED9CCD078990,False,True,,,557,90,2026-09-02T01:10:48.001Z,2026-09-02T01:22:01.265Z,0,0,0,20.0,US,3.0,4.0,3.0,0.0,1.0,3.0,6.0,5.0,3.0,5.0,4.0,3.0,3.0,5.0,5.0,6.0,6.0,6.0,5.0,3.0,6.0,5.0,5.0,5.0,6.0,0.0,2.0,7.0,,6.0,6.0,6.0,7.0,4.0,6.0,,1.0,2.0,3.0,,1.0,2.0,3.0,,6.0,,6.0,5.0,6.0,5.0,5.0,6.0,,1.0,3.0,2.0,,1.0,3.0,2.0,,5.0,0.0,6.0,6.0,6.0,6.0,6.0,6.0,,1.0,2.0,3.0,,1.0,2.0,3.0,6.0,6.0,6.0,5.0,6.0,5.0,5.0,6.0,0.0,3.0,5.0,5.0,5.0,4.0,4.0,3.0,3.0,5.0,COL,REL,ADV,0.0,1,2.0,1,1,mobility,4.9,4.5,5.666666666666667,4.666666666666667,3.6,3.25,3.4444444444444446,5.2,5.25,5.25,6.0,9.283333333333333,0,America/Chicago,1,1,1,0,0,69.364,103.812,115.298,167.36,97.199,168.087,0,1.0498718649805319
