pid,ctrl,condition,segment,pos,question,actor,rank
5d2f55e7-7ce5-4788-a995-5505d9781e55,A,A,REL,1,R1,AI,1
5d2f55e7-7ce5-4788-a995-5505d9781e55,A,A,REL,1,R1,ORG,2
5d2f55e7-7ce5-4788-a995-5505d9781e55,A,A,REL,1,R1,USER,3
5d2f55e7-7ce5-4788-a995-5505d9781e55,A,A,REL,1,R2,AI,1
5d2f55e7-7ce5-4788-a995-5505d9781e55,A,A,REL,1,R2,ORG,2
5d2f55e7-7ce5-4788-a995-5505d9781e55,A,A,REL,1,R2,USER,3
5d2f55e7-7ce5-4788-a995-5505d9781e55,A,A,ADV,2,R1,AI,1
5d2f55e7-7ce5-4788-a995-5505d9781e55,A,A,ADV,2,R1,ORG,2
5d2f55e7-7ce5-4788-a995-5505d9781e55,A,A,ADV,2,R1,USER,3
5d2f55e7-7ce5-4788-a995-5505d9781e55,A,A,ADV,2,R2,AI,1
5d2f55e7-7ce5-4788-a995-5505d9781e55,A,A,ADV,2,R2,ORG,3
5d2f55e7-7ce5-4788-a995-5505d9781e55,A,A,ADV,2,R2,USER,2
5d2f55e7-7ce5-4788-a995-5505d9781e55,A,A,COL,3,R1,AI,1
5d2f55e7-7ce5-4788-a995-5505d9781e55,A,A,COL,3,R1,ORG,2
5d2f55e7-7ce5-4788-a995-5505d9781e55,A,A,COL,3,R1,USER,3
5d2f55e7-7ce5-4788-a995-5505d9781e55,A,A,COL,3,R2,AI,1
5d2f55e7-7ce5-4788-a995-5505d9781e55,A,A,COL,3,R2,ORG,3
5d2f55e7-7ce5-4788-a995-5505d9781e55,A,A,COL,3,R2,USER,2
92593480-e39a-40a9-ad45-966ade7e4bd2,H,H1,ADV,1,R1,CTRL,2
92593480-e39a-40a9-ad45-966ade7e4bd2,H,H1,ADV,1,R1,ORG,3
92593480-e39a-40a9-ad45-966ade7e4bd2,H,H1,ADV,1,R1,USER,1
92593480-e39a-40a9-ad45-966ade7e4bd2,H,H1,ADV,1,R2,CTRL,1
92593480-e39a-40a9-ad45-966ade7e4bd2,H,H1,ADV,1,R2,ORG,2
92593480-e39a-40a9-ad45-966ade7e4bd2,H,H1,ADV,1,R2,USER,3
92593480-e39a-40a9-ad45-966ade7e4bd2,H,H1,REL,2,R1,CTRL,2
92593480-e39a-40a9-ad45-966ade7e4bd2,H,H1,REL,2,R1,ORG,3
92593480-e39a-40a9-ad45-966ade7e4bd2,H,H1,REL,2,R1,USER,1
92593480-e39a-40a9-ad45-966ade7e4bd2,H,H1,REL,2,R2,CTRL,1
92593480-e39a-40a9-ad45-966ade7e4bd2,H,H1,REL,2,R2,ORG,3
92593480-e39a-40a9-ad45-966ade7e4bd2,H,H1,REL,2,R2,USER,2
92593480-e39a-40a9-ad45-966ade7e4bd2,H,H1,COL,3,R1,CTRL,1
92593480-e39a-40a9-ad45-966ade7e4bd2,H,H1,COL,3,R1,ORG,3
92593480-e39a-40a9-ad45-966ade7e4bd2,H,H1,COL,3,R1,USER,2
92593480-e39a-40a9-ad45-966ade7e4bd2,H,H1,COL,3,R2,CTRL,2
92593480-e39a-40a9-ad45-966ade7e4bd2,H,H1,COL,3,R2,ORG,3
92593480-e39a-40a9-ad45-966ade7e4bd2,H,H1,COL,3,R2,USER,1
e1ad1608-f56d-456a-ab00-2ab257ea89fc,H,H3,REL,1,R1,CTRL,2
e1ad1608-f56d-456a-ab00-2ab257ea89fc,H,H3,REL,1,R1,ORG,1
e1ad1608-f56d-456a-ab00-2ab257ea89fc,H,H3,REL,1,R1,USER,3
e1ad1608-f56d-456a-ab00-2ab257ea89fc,H,H3,REL,1,R2,CTRL,1
e1ad1608-f56d-456a-ab00-2ab257ea89fc,H,H3,REL,1,R2,ORG,2
e1ad1608-f56d-456a-ab00-2ab257ea89fc,H,H3,REL,1,R2,USER,3
e1ad1608-f56d-456a-ab00-2ab257ea89fc,H,H3,COL,2,R1,CTRL,1
e1ad1608-f56d-456a-ab00-2ab257ea89fc,H,H3,COL,2,R1,ORG,2
e1ad1608-f56d-456a-ab00-2ab257ea89fc,H,H3,COL,2,R1,USER,3
e1ad1608-f56d-456a-ab00-2ab257ea89fc,H,H3,COL,2,R2,CTRL,1
e1ad1608-f56d-456a-ab00-2ab257ea89fc,H,H3,COL,2,R2,ORG,2
e1ad1608-f56d-456a-ab00-2ab257ea89fc,H,H3,COL,2,R2,USER,3
e1ad1608-f56d-456a-ab00-2ab257ea89fc,H,H3,ADV,3,R1,CTRL,1
e1ad1608-f56d-456a-ab00-2ab257ea89fc,H,H3,ADV,3,R1,ORG,2
e1ad1608-f56d-456a-ab00-2ab257ea89fc,H,H3,ADV,3,R1,USER,3
e1ad1608-f56d-456a-ab00-2ab257ea89fc,H,H3,ADV,3,R2,CTRL,1
e1ad1608-f56d-456a-ab00-2ab257ea89fc,H,H3,ADV,3,R2,ORG,2
e1ad1608-f56d-456a-ab00-2ab257ea89fc,H,H3,ADV,3,R2,USER,3
7c7876c1-31ee-41c3-99b5-b696b4ce7c91,HA,HA1,ADV,1,R1,CTRL,2
7c7876c1-31ee-41c3-99b5-b696b4ce7c91,HA,HA1,ADV,1,R1,AI,1
7c7876c1-31ee-41c3-99b5-b696b4ce7c91,HA,HA1,ADV,1,R1,ORG,4
7c7876c1-31ee-41c3-99b5-b696b4ce7c91,HA,HA1,ADV,1,R1,USER,3
7c7876c1-31ee-41c3-99b5-b696b4ce7c91,HA,HA1,ADV,1,R2,CTRL,3
7c7876c1-31ee-41c3-99b5-b696b4ce7c91,HA,HA1,ADV,1,R2,AI,1
7c7876c1-31ee-41c3-99b5-b696b4ce7c91,HA,HA1,ADV,1,R2,ORG,4
7c7876c1-31ee-41c3-99b5-b696b4ce7c91,HA,HA1,ADV,1,R2,USER,2
7c7876c1-31ee-41c3-99b5-b696b4ce7c91,HA,HA1,COL,2,R1,CTRL,1
7c7876c1-31ee-41c3-99b5-b696b4ce7c91,HA,HA1,COL,2,R1,AI,3
7c7876c1-31ee-41c3-99b5-b696b4ce7c91,HA,HA1,COL,2,R1,ORG,4
7c7876c1-31ee-41c3-99b5-b696b4ce7c91,HA,HA1,COL,2,R1,USER,2
7c7876c1-31ee-41c3-99b5-b696b4ce7c91,HA,HA1,COL,2,R2,CTRL,1
7c7876c1-31ee-41c3-99b5-b696b4ce7c91,HA,HA1,COL,2,R2,AI,3
7c7876c1-31ee-41c3-99b5-b696b4ce7c91,HA,HA1,COL,2,R2,ORG,4
7c7876c1-31ee-41c3-99b5-b696b4ce7c91,HA,HA1,COL,2,R2,USER,2
7c7876c1-31ee-41c3-99b5-b696b4ce7c91,HA,HA1,REL,3,R1,CTRL,1
7c7876c1-31ee-41c3-99b5-b696b4ce7c91,HA,HA1,REL,3,R1,AI,2
7c7876c1-31ee-41c3-99b5-b696b4ce7c91,HA,HA1,REL,3,R1,ORG,3
7c7876c1-31ee-41c3-99b5-b696b4ce7c91,HA,HA1,REL,3,R1,USER,4
7c7876c1-31ee-41c3-99b5-b696b4ce7c91,HA,HA1,REL,3,R2,CTRL,1
7c7876c1-31ee-41c3-99b5-b696b4ce7c91,HA,HA1,REL,3,R2,AI,2
7c7876c1-31ee-41c3-99b5-b696b4ce7c91,HA,HA1,REL,3,R2,ORG,3
7c7876c1-31ee-41c3-99b5-b696b4ce7c91,HA,HA1,REL,3,R2,USER,4
54536746-5731-43eb-9410-1b8f7395c126,HA,HA1,REL,1,R1,CTRL,3
54536746-5731-43eb-9410-1b8f7395c126,HA,HA1,REL,1,R1,AI,2
54536746-5731-43eb-9410-1b8f7395c126,HA,HA1,REL,1,R1,ORG,1
54536746-5731-43eb-9410-1b8f7395c126,HA,HA1,REL,1,R1,USER,4
54536746-5731-43eb-9410-1b8f7395c126,HA,HA1,REL,1,R2,CTRL,3
54536746-5731-43eb-9410-1b8f7395c126,HA,HA1,REL,1,R2,AI,2
54536746-5731-43eb-9410-1b8f7395c126,HA,HA1,REL,1,R2,ORG,1
54536746-5731-43eb-9410-1b8f7395c126,HA,HA1,REL,1,R2,USER,4
54536746-5731-43eb-9410-1b8f7395c126,HA,HA1,ADV,2,R1,CTRL,3
54536746-5731-43eb-9410-1b8f7395c126,HA,HA1,ADV,2,R1,AI,2
54536746-5731-43eb-9410-1b8f7395c126,HA,HA1,ADV,2,R1,ORG,1
54536746-5731-43eb-9410-1b8f7395c126,HA,HA1,ADV,2,R1,USER,4
54536746-5731-43eb-9410-1b8f7395c126,HA,HA1,ADV,2,R2,CTRL,3
54536746-5731-43eb-9410-1b8f7395c126,HA,HA1,ADV,2,R2,AI,2
54536746-5731-43eb-9410-1b8f7395c126,HA,HA1,ADV,2,R2,ORG,1
54536746-5731-43eb-9410-1b8f7395c126,HA,HA1,ADV,2,R2,USER,4
54536746-5731-43eb-9410-1b8f7395c126,HA,HA1,COL,3,R1,CTRL,3
54536746-5731-43eb-9410-1b8f7395c126,HA,HA1,COL,3,R1,AI,2
54536746-5731-43eb-9410-1b8f7395c126,HA,HA1,COL,3,R1,ORG,1
54536746-5731-43eb-9410-1b8f7395c126,HA,HA1,COL,3,R1,USER,4
54536746-5731-43eb-9410-1b8f7395c126,HA,HA1,COL,3,R2,CTRL,4
54536746-5731-43eb-9410-1b8f7395c126,HA,HA1,COL,3,R2,AI,3
54536746-5731-43eb-9410-1b8f7395c126,HA,HA1,COL,3,R2,ORG,2
54536746-5731-43eb-9410-1b8f7395c126,HA,HA1,COL,3,R2,USER,1
2246a466-6266-4a12-b215-dd1ef271bf91,H,H2,ADV,1,R1,CTRL,2
2246a466-6266-4a12-b215-dd1ef271bf91,H,H2,ADV,1,R1,ORG,1
2246a466-6266-4a12-b215-dd1ef271bf91,H,H2,ADV,1,R1,USER,3
2246a466-6266-4a12-b215-dd1ef271bf91,H,H2,ADV,1,R2,CTRL,1
2246a466-6266-4a12-b215-dd1ef271bf91,H,H2,ADV,1,R2,ORG,2
2246a466-6266-4a12-b215-dd1ef271bf91,H,H2,ADV,1,R2,USER,3
2246a466-6266-4a12-b215-dd1ef271bf91,H,H2,COL,2,R1,CTRL,1
2246a466-6266-4a12-b215-dd1ef271bf91,H,H2,COL,2,R1,ORG,2
2246a466-6266-4a12-b215-dd1ef271bf91,H,H2,COL,2,R1,USER,3
2246a466-6266-4a12-b215-dd1ef271bf91,H,H2,COL,2,R2,CTRL,2
2246a466-6266-4a12-b215-dd1ef271bf91,H,H2,COL,2,R2,ORG,1
2246a466-6266-4a12-b215-dd1ef271bf91,H,H2,COL,2,R2,USER,3
2246a466-6266-4a12-b215-dd1ef271bf91,H,H2,REL,3,R1,CTRL,3
2246a466-6266-4a12-b215-dd1ef271bf91,H,H2,REL,3,R1,ORG,2
2246a466-6266-4a12-b215-dd1ef271bf91,H,H2,REL,3,R1,USER,1
2246a466-6266-4a12-b215-dd1ef271bf91,H,H2,REL,3,R2,CTRL,1
2246a466-6266-4a12-b215-dd1ef271bf91,H,H2,REL,3,R2,ORG,3
2246a466-6266-4a12-b215-dd1ef271bf91,H,H2,REL,3,R2,USER,2
4e9a0626-7d9e-4e0d-bb1e-d9171395596f,A,A,ADV,1,R1,AI,1
4e9a0626-7d9e-4e0d-bb1e-d9171395596f,A,A,ADV,1,R1,ORG,2
4e9a0626-7d9e-4e0d-bb1e-d9171395596f,A,A,ADV,1,R1,USER,3
4e9a0626-7d9e-4e0d-bb1e-d9171395596f,A,A,ADV,1,R2,AI,1
4e9a0626-7d9e-4e0d-bb1e-d9171395596f,A,A,ADV,1,R2,ORG,3
4e9a0626-7d9e-4e0d-bb1e-d9171395596f,A,A,ADV,1,R2,USER,2
4e9a0626-7d9e-4e0d-bb1e-d9171395596f,A,A,COL,2,R1,AI,1
4e9a0626-7d9e-4e0d-bb1e-d9171395596f,A,A,COL,2,R1,ORG,2
4e9a0626-7d9e-4e0d-bb1e-d9171395596f,A,A,COL,2,R1,USER,3
4e9a0626-7d9e-4e0d-bb1e-d9171395596f,A,A,COL,2,R2,AI,1
4e9a0626-7d9e-4e0d-bb1e-d9171395596f,A,A,COL,2,R2,ORG,3
4e9a0626-7d9e-4e0d-bb1e-d9171395596f,A,A,COL,2,R2,USER,2
4e9a0626-7d9e-4e0d-bb1e-d9171395596f,A,A,REL,3,R1,AI,2
4e9a0626-7d9e-4e0d-bb1e-d9171395596f,A,A,REL,3,R1,ORG,1
4e9a0626-7d9e-4e0d-bb1e-d9171395596f,A,A,REL,3,R1,USER,3
4e9a0626-7d9e-4e0d-bb1e-d9171395596f,A,A,REL,3,R2,AI,1
4e9a0626-7d9e-4e0d-bb1e-d9171395596f,A,A,REL,3,R2,ORG,3
4e9a0626-7d9e-4e0d-bb1e-d9171395596f,A,A,REL,3,R2,USER,2
e4a29cd7-1903-4a05-85ff-302ceba9adc1,HA,HA1,COL,1,R1,CTRL,3
e4a29cd7-1903-4a05-85ff-302ceba9adc1,HA,HA1,COL,1,R1,AI,1
e4a29cd7-1903-4a05-85ff-302ceba9adc1,HA,HA1,COL,1,R1,ORG,2
e4a29cd7-1903-4a05-85ff-302ceba9adc1,HA,HA1,COL,1,R1,USER,4
e4a29cd7-1903-4a05-85ff-302ceba9adc1,HA,HA1,COL,1,R2,CTRL,3
e4a29cd7-1903-4a05-85ff-302ceba9adc1,HA,HA1,COL,1,R2,AI,1
e4a29cd7-1903-4a05-85ff-302ceba9adc1,HA,HA1,COL,1,R2,ORG,2
e4a29cd7-1903-4a05-85ff-302ceba9adc1,HA,HA1,COL,1,R2,USER,4
e4a29cd7-1903-4a05-85ff-302ceba9adc1,HA,HA1,ADV,2,R1,CTRL,3
e4a29cd7-1903-4a05-85ff-302ceba9adc1,HA,HA1,ADV,2,R1,AI,1
e4a29cd7-1903-4a05-85ff-302ceba9adc1,HA,HA1,ADV,2,R1,ORG,2
e4a29cd7-1903-4a05-85ff-302ceba9adc1,HA,HA1,ADV,2,R1,USER,4
e4a29cd7-1903-4a05-85ff-302ceba9adc1,HA,HA1,ADV,2,R2,CTRL,3
e4a29cd7-1903-4a05-85ff-302ceba9adc1,HA,HA1,ADV,2,R2,AI,1
e4a29cd7-1903-4a05-85ff-302ceba9adc1,HA,HA1,ADV,2,R2,ORG,2
e4a29cd7-1903-4a05-85ff-302ceba9adc1,HA,HA1,ADV,2,R2,USER,4
e4a29cd7-1903-4a05-85ff-302ceba9adc1,HA,HA1,REL,3,R1,CTRL,3
e4a29cd7-1903-4a05-85ff-302ceba9adc1,HA,HA1,REL,3,R1,AI,1
e4a29cd7-1903-4a05-85ff-302ceba9adc1,HA,HA1,REL,3,R1,ORG,2
e4a29cd7-1903-4a05-85ff-302ceba9adc1,HA,HA1,REL,3,R1,USER,4
e4a29cd7-1903-4a05-85ff-302ceba9adc1,HA,HA1,REL,3,R2,CTRL,3
e4a29cd7-1903-4a05-85ff-302ceba9adc1,HA,HA1,REL,3,R2,AI,1
e4a29cd7-1903-4a05-85ff-302ceba9adc1,HA,HA1,REL,3,R2,ORG,2
e4a29cd7-1903-4a05-85ff-302ceba9adc1,HA,HA1,REL,3,R2,USER,4
476e8213-8ad6-4430-9d28-987b97834de7,HA,HA2,ADV,1,R1,CTRL,1
476e8213-8ad6-4430-9d28-987b97834de7,HA,HA2,ADV,1,R1,AI,2
476e8213-8ad6-4430-9d28-987b97834de7,HA,HA2,ADV,1,R1,ORG,3
476e8213-8ad6-4430-9d28-987b97834de7,HA,HA2,ADV,1,R1,USER,4
476e8213-8ad6-4430-9d28-987b97834de7,HA,HA2,ADV,1,R2,CTRL,1
476e8213-8ad6-4430-9d28-987b97834de7,HA,HA2,ADV,1,R2,AI,2
476e8213-8ad6-4430-9d28-987b97834de7,HA,HA2,ADV,1,R2,ORG,3
476e8213-8ad6-4430-9d28-987b97834de7,HA,HA2,ADV,1,R2,USER,4
476e8213-8ad6-4430-9d28-987b97834de7,HA,HA2,COL,2,R1,CTRL,1
476e8213-8ad6-4430-9d28-987b97834de7,HA,HA2,COL,2,R1,AI,2
476e8213-8ad6-4430-9d28-987b97834de7,HA,HA2,COL,2,R1,ORG,3
476e8213-8ad6-4430-9d28-987b97834de7,HA,HA2,COL,2,R1,USER,4
476e8213-8ad6-4430-9d28-987b97834de7,HA,HA2,COL,2,R2,CTRL,1
476e8213-8ad6-4430-9d28-987b97834de7,HA,HA2,COL,2,R2,AI,2
476e8213-8ad6-4430-9d28-987b97834de7,HA,HA2,COL,2,R2,ORG,3
476e8213-8ad6-4430-9d28-987b97834de7,HA,HA2,COL,2,R2,USER,4
476e8213-8ad6-4430-9d28-987b97834de7,HA,HA2,REL,3,R1,CTRL,1
476e8213-8ad6-4430-9d28-987b97834de7,HA,HA2,REL,3,R1,AI,2
476e8213-8ad6-4430-9d28-987b97834de7,HA,HA2,REL,3,R1,ORG,3
476e8213-8ad6-4430-9d28-987b97834de7,HA,HA2,REL,3,R1,USER,4
476e8213-8ad6-4430-9d28-987b97834de7,HA,HA2,REL,3,R2,CTRL,1
476e8213-8ad6-4430-9d28-987b97834de7,HA,HA2,REL,3,R2,AI,2
476e8213-8ad6-4430-9d28-987b97834de7,HA,HA2,REL,3,R2,ORG,3
476e8213-8ad6-4430-9d28-987b97834de7,HA,HA2,REL,3,R2,USER,4
80927043-f1f3-4ea0-9671-113e7d92a505,H,H3,COL,1,R1,CTRL,1
80927043-f1f3-4ea0-9671-113e7d92a505,H,H3,COL,1,R1,ORG,3
80927043-f1f3-4ea0-9671-113e7d92a505,H,H3,COL,1,R1,USER,2
80927043-f1f3-4ea0-9671-113e7d92a505,H,H3,COL,1,R2,CTRL,1
80927043-f1f3-4ea0-9671-113e7d92a505,H,H3,COL,1,R2,ORG,3
80927043-f1f3-4ea0-9671-113e7d92a505,H,H3,COL,1,R2,USER,2
80927043-f1f3-4ea0-9671-113e7d92a505,H,H3,REL,2,R1,CTRL,1
80927043-f1f3-4ea0-9671-113e7d92a505,H,H3,REL,2,R1,ORG,3
80927043-f1f3-4ea0-9671-113e7d92a505,H,H3,REL,2,R1,USER,2
80927043-f1f3-4ea0-9671-113e7d92a505,H,H3,REL,2,R2,CTRL,1
80927043-f1f3-4ea0-9671-113e7d92a505,H,H3,REL,2,R2,ORG,3
80927043-f1f3-4ea0-9671-113e7d92a505,H,H3,REL,2,R2,USER,2
80927043-f1f3-4ea0-9671-113e7d92a505,H,H3,ADV,3,R1,CTRL,1
80927043-f1f3-4ea0-9671-113e7d92a505,H,H3,ADV,3,R1,ORG,3
80927043-f1f3-4ea0-9671-113e7d92a505,H,H3,ADV,3,R1,USER,2
80927043-f1f3-4ea0-9671-113e7d92a505,H,H3,ADV,3,R2,CTRL,1
80927043-f1f3-4ea0-9671-113e7d92a505,H,H3,ADV,3,R2,ORG,3
80927043-f1f3-4ea0-9671-113e7d92a505,H,H3,ADV,3,R2,USER,2
a0a45474-e599-4dd1-8fbd-57e3e812e537,HA,HA1,ADV,1,R1,CTRL,3
a0a45474-e599-4dd1-8fbd-57e3e812e537,HA,HA1,ADV,1,R1,AI,4
a0a45474-e599-4dd1-8fbd-57e3e812e537,HA,HA1,ADV,1,R1,ORG,1
a0a45474-e599-4dd1-8fbd-57e3e812e537,HA,HA1,ADV,1,R1,USER,2
a0a45474-e599-4dd1-8fbd-57e3e812e537,HA,HA1,ADV,1,R2,CTRL,3
a0a45474-e599-4dd1-8fbd-57e3e812e537,HA,HA1,ADV,1,R2,AI,1
a0a45474-e599-4dd1-8fbd-57e3e812e537,HA,HA1,ADV,1,R2,ORG,2
a0a45474-e599-4dd1-8fbd-57e3e812e537,HA,HA1,ADV,1,R2,USER,4
a0a45474-e599-4dd1-8fbd-57e3e812e537,HA,HA1,REL,2,R1,CTRL,1
a0a45474-e599-4dd1-8fbd-57e3e812e537,HA,HA1,REL,2,R1,AI,2
a0a45474-e599-4dd1-8fbd-57e3e812e537,HA,HA1,REL,2,R1,ORG,3
a0a45474-e599-4dd1-8fbd-57e3e812e537,HA,HA1,REL,2,R1,USER,4
a0a45474-e599-4dd1-8fbd-57e3e812e537,HA,HA1,REL,2,R2,CTRL,2
a0a45474-e599-4dd1-8fbd-57e3e812e537,HA,HA1,REL,2,R2,AI,1
a0a45474-e599-4dd1-8fbd-57e3e812e537,HA,HA1,REL,2,R2,ORG,3
a0a45474-e599-4dd1-8fbd-57e3e812e537,HA,HA1,REL,2,R2,USER,4
a0a45474-e599-4dd1-8fbd-57e3e812e537,HA,HA1,COL,3,R1,CTRL,3
a0a45474-e599-4dd1-8fbd-57e3e812e537,HA,HA1,COL,3,R1,AI,1
a0a45474-e599-4dd1-8fbd-57e3e812e537,HA,HA1,COL,3,R1,ORG,4
a0a45474-e599-4dd1-8fbd-57e3e812e537,HA,HA1,COL,3,R1,USER,2
a0a45474-e599-4dd1-8fbd-57e3e812e537,HA,HA1,COL,3,R2,CTRL,1
a0a45474-e599-4dd1-8fbd-57e3e812e537,HA,HA1,COL,3,R2,AI,2
a0a45474-e599-4dd1-8fbd-57e3e812e537,HA,HA1,COL,3,R2,ORG,3
a0a45474-e599-4dd1-8fbd-57e3e812e537,HA,HA1,COL,3,R2,USER,4
23517066-96fe-4bb0-bbda-1703b9b8d977,H,H1,ADV,1,R1,CTRL,1
23517066-96fe-4bb0-bbda-1703b9b8d977,H,H1,ADV,1,R1,ORG,3
23517066-96fe-4bb0-bbda-1703b9b8d977,H,H1,ADV,1,R1,USER,2
23517066-96fe-4bb0-bbda-1703b9b8d977,H,H1,ADV,1,R2,CTRL,1
23517066-96fe-4bb0-bbda-1703b9b8d977,H,H1,ADV,1,R2,ORG,3
23517066-96fe-4bb0-bbda-1703b9b8d977,H,H1,ADV,1,R2,USER,2
23517066-96fe-4bb0-bbda-1703b9b8d977,H,H1,COL,2,R1,CTRL,1
23517066-96fe-4bb0-bbda-1703b9b8d977,H,H1,COL,2,R1,ORG,3
23517066-96fe-4bb0-bbda-1703b9b8d977,H,H1,COL,2,R1,USER,2
23517066-96fe-4bb0-bbda-1703b9b8d977,H,H1,COL,2,R2,CTRL,1
23517066-96fe-4bb0-bbda-1703b9b8d977,H,H1,COL,2,R2,ORG,3
23517066-96fe-4bb0-bbda-1703b9b8d977,H,H1,COL,2,R2,USER,2
23517066-96fe-4bb0-bbda-1703b9b8d977,H,H1,REL,3,R1,CTRL,1
23517066-96fe-4bb0-bbda-1703b9b8d977,H,H1,REL,3,R1,ORG,3
23517066-96fe-4bb0-bbda-1703b9b8d977,H,H1,REL,3,R1,USER,2
23517066-96fe-4bb0-bbda-1703b9b8d977,H,H1,REL,3,R2,CTRL,1
23517066-96fe-4bb0-bbda-1703b9b8d977,H,H1,REL,3,R2,ORG,3
23517066-96fe-4bb0-bbda-1703b9b8d977,H,H1,REL,3,R2,USER,2
875975f4-2c1d-4439-b93c-e51c6179a86c,HA,HA3,REL,1,R1,CTRL,1
875975f4-2c1d-4439-b93c-e51c6179a86c,HA,HA3,REL,1,R1,AI,2
875975f4-2c1d-4439-b93c-e51c6179a86c,HA,HA3,REL,1,R1,ORG,3
875975f4-2c1d-4439-b93c-e51c6179a86c,HA,HA3,REL,1,R1,USER,4
875975f4-2c1d-4439-b93c-e51c6179a86c,HA,HA3,REL,1,R2,CTRL,1
875975f4-2c1d-4439-b93c-e51c6179a86c,HA,HA3,REL,1,R2,AI,2
875975f4-2c1d-4439-b93c-e51c6179a86c,HA,HA3,REL,1,R2,ORG,3
875975f4-2c1d-4439-b93c-e51c6179a86c,HA,HA3,REL,1,R2,USER,4
875975f4-2c1d-4439-b93c-e51c6179a86c,HA,HA3,COL,2,R1,CTRL,1
875975f4-2c1d-4439-b93c-e51c6179a86c,HA,HA3,COL,2,R1,AI,2
875975f4-2c1d-4439-b93c-e51c6179a86c,HA,HA3,COL,2,R1,ORG,3
875975f4-2c1d-4439-b93c-e51c6179a86c,HA,HA3,COL,2,R1,USER,4
875975f4-2c1d-4439-b93c-e51c6179a86c,HA,HA3,COL,2,R2,CTRL,1
875975f4-2c1d-4439-b93c-e51c6179a86c,HA,HA3,COL,2,R2,AI,2
875975f4-2c1d-4439-b93c-e51c6179a86c,HA,HA3,COL,2,R2,ORG,3
875975f4-2c1d-4439-b93c-e51c6179a86c,HA,HA3,COL,2,R2,USER,4
875975f4-2c1d-4439-b93c-e51c6179a86c,HA,HA3,ADV,3,R1,CTRL,1
875975f4-2c1d-4439-b93c-e51c6179a86c,HA,HA3,ADV,3,R1,AI,2
875975f4-2c1d-4439-b93c-e51c6179a86c,HA,HA3,ADV,3,R1,ORG,4
875975f4-2c1d-4439-b93c-e51c6179a86c,HA,HA3,ADV,3,R1,USER,3
875975f4-2c1d-4439-b93c-e51c6179a86c,HA,HA3,ADV,3,R2,CTRL,1
875975f4-2c1d-4439-b93c-e51c6179a86c,HA,HA3,ADV,3,R2,AI,2
875975f4-2c1d-4439-b93c-e51c6179a86c,HA,HA3,ADV,3,R2,ORG,4
875975f4-2c1d-4439-b93c-e51c6179a86c,HA,HA3,ADV,3,R2,USER,3
4557638e-939b-4514-a5a3-59d3bd62e766,H,H2,COL,1,R1,CTRL,2
4557638e-939b-4514-a5a3-59d3bd62e766,H,H2,COL,1,R1,ORG,1
4557638e-939b-4514-a5a3-59d3bd62e766,H,H2,COL,1,R1,USER,3
4557638e-939b-4514-a5a3-59d3bd62e766,H,H2,COL,1,R2,CTRL,2
4557638e-939b-4514-a5a3-59d3bd62e766,H,H2,COL,1,R2,ORG,1
4557638e-939b-4514-a5a3-59d3bd62e766,H,H2,COL,1,R2,USER,3
4557638e-939b-4514-a5a3-59d3bd62e766,H,H2,REL,2,R1,CTRL,1
4557638e-939b-4514-a5a3-59d3bd62e766,H,H2,REL,2,R1,ORG,2
4557638e-939b-4514-a5a3-59d3bd62e766,H,H2,REL,2,R1,USER,3
4557638e-939b-4514-a5a3-59d3bd62e766,H,H2,REL,2,R2,CTRL,1
4557638e-939b-4514-a5a3-59d3bd62e766,H,H2,REL,2,R2,ORG,2
4557638e-939b-4514-a5a3-59d3bd62e766,H,H2,REL,2,R2,USER,3
4557638e-939b-4514-a5a3-59d3bd62e766,H,H2,ADV,3,R1,CTRL,2
4557638e-939b-4514-a5a3-59d3bd62e766,H,H2,ADV,3,R1,ORG,3
4557638e-939b-4514-a5a3-59d3bd62e766,H,H2,ADV,3,R1,USER,1
4557638e-939b-4514-a5a3-59d3bd62e766,H,H2,ADV,3,R2,CTRL,2
4557638e-939b-4514-a5a3-59d3bd62e766,H,H2,ADV,3,R2,ORG,3
4557638e-939b-4514-a5a3-59d3bd62e766,H,H2,ADV,3,R2,USER,1
8828a339-a1e2-450c-b6a7-3fd16948715d,A,A,COL,1,R1,AI,3
8828a339-a1e2-450c-b6a7-3fd16948715d,A,A,COL,1,R1,ORG,2
8828a339-a1e2-450c-b6a7-3fd16948715d,A,A,COL,1,R1,USER,1
8828a339-a1e2-450c-b6a7-3fd16948715d,A,A,COL,1,R2,AI,3
8828a339-a1e2-450c-b6a7-3fd16948715d,A,A,COL,1,R2,ORG,2
8828a339-a1e2-450c-b6a7-3fd16948715d,A,A,COL,1,R2,USER,1
8828a339-a1e2-450c-b6a7-3fd16948715d,A,A,ADV,2,R1,AI,3
8828a339-a1e2-450c-b6a7-3fd16948715d,A,A,ADV,2,R1,ORG,2
8828a339-a1e2-450c-b6a7-3fd16948715d,A,A,ADV,2,R1,USER,1
8828a339-a1e2-450c-b6a7-3fd16948715d,A,A,ADV,2,R2,AI,3
8828a339-a1e2-450c-b6a7-3fd16948715d,A,A,ADV,2,R2,ORG,2
8828a339-a1e2-450c-b6a7-3fd16948715d,A,A,ADV,2,R2,USER,1
8828a339-a1e2-450c-b6a7-3fd16948715d,A,A,REL,3,R1,AI,3
8828a339-a1e2-450c-b6a7-3fd16948715d,A,A,REL,3,R1,ORG,2
8828a339-a1e2-450c-b6a7-3fd16948715d,A,A,REL,3,R1,USER,1
8828a339-a1e2-450c-b6a7-3fd16948715d,A,A,REL,3,R2,AI,3
8828a339-a1e2-450c-b6a7-3fd16948715d,A,A,REL,3,R2,ORG,2
8828a339-a1e2-450c-b6a7-3fd16948715d,A,A,REL,3,R2,USER,1
c90d8865-98e3-45f7-b910-6342afdf7e7b,A,A,REL,1,R1,AI,1
c90d8865-98e3-45f7-b910-6342afdf7e7b,A,A,REL,1,R1,ORG,2
c90d8865-98e3-45f7-b910-6342afdf7e7b,A,A,REL,1,R1,USER,3
c90d8865-98e3-45f7-b910-6342afdf7e7b,A,A,REL,1,R2,AI,1
c90d8865-98e3-45f7-b910-6342afdf7e7b,A,A,REL,1,R2,ORG,2
c90d8865-98e3-45f7-b910-6342afdf7e7b,A,A,REL,1,R2,USER,3
c90d8865-98e3-45f7-b910-6342afdf7e7b,A,A,COL,2,R1,AI,1
c90d8865-98e3-45f7-b910-6342afdf7e7b,A,A,COL,2,R1,ORG,2
c90d8865-98e3-45f7-b910-6342afdf7e7b,A,A,COL,2,R1,USER,3
c90d8865-98e3-45f7-b910-6342afdf7e7b,A,A,COL,2,R2,AI,1
c90d8865-98e3-45f7-b910-6342afdf7e7b,A,A,COL,2,R2,ORG,3
c90d8865-98e3-45f7-b910-6342afdf7e7b,A,A,COL,2,R2,USER,2
c90d8865-98e3-45f7-b910-6342afdf7e7b,A,A,ADV,3,R1,AI,1
c90d8865-98e3-45f7-b910-6342afdf7e7b,A,A,ADV,3,R1,ORG,3
c90d8865-98e3-45f7-b910-6342afdf7e7b,A,A,ADV,3,R1,USER,2
c90d8865-98e3-45f7-b910-6342afdf7e7b,A,A,ADV,3,R2,AI,1
c90d8865-98e3-45f7-b910-6342afdf7e7b,A,A,ADV,3,R2,ORG,3
c90d8865-98e3-45f7-b910-6342afdf7e7b,A,A,ADV,3,R2,USER,2
622c42e7-9d07-4236-b8bd-c608c1c3357e,HA,HA1,REL,1,R1,CTRL,4
622c42e7-9d07-4236-b8bd-c608c1c3357e,HA,HA1,REL,1,R1,AI,2
622c42e7-9d07-4236-b8bd-c608c1c3357e,HA,HA1,REL,1,R1,ORG,3
622c42e7-9d07-4236-b8bd-c608c1c3357e,HA,HA1,REL,1,R1,USER,1
622c42e7-9d07-4236-b8bd-c608c1c3357e,HA,HA1,REL,1,R2,CTRL,3
622c42e7-9d07-4236-b8bd-c608c1c3357e,HA,HA1,REL,1,R2,AI,2
622c42e7-9d07-4236-b8bd-c608c1c3357e,HA,HA1,REL,1,R2,ORG,4
622c42e7-9d07-4236-b8bd-c608c1c3357e,HA,HA1,REL,1,R2,USER,1
622c42e7-9d07-4236-b8bd-c608c1c3357e,HA,HA1,COL,2,R1,CTRL,4
622c42e7-9d07-4236-b8bd-c608c1c3357e,HA,HA1,COL,2,R1,AI,2
622c42e7-9d07-4236-b8bd-c608c1c3357e,HA,HA1,COL,2,R1,ORG,3
622c42e7-9d07-4236-b8bd-c608c1c3357e,HA,HA1,COL,2,R1,USER,1
622c42e7-9d07-4236-b8bd-c608c1c3357e,HA,HA1,COL,2,R2,CTRL,3
622c42e7-9d07-4236-b8bd-c608c1c3357e,HA,HA1,COL,2,R2,AI,2
622c42e7-9d07-4236-b8bd-c608c1c3357e,HA,HA1,COL,2,R2,ORG,4
622c42e7-9d07-4236-b8bd-c608c1c3357e,HA,HA1,COL,2,R2,USER,1
622c42e7-9d07-4236-b8bd-c608c1c3357e,HA,HA1,ADV,3,R1,CTRL,4
622c42e7-9d07-4236-b8bd-c608c1c3357e,HA,HA1,ADV,3,R1,AI,1
622c42e7-9d07-4236-b8bd-c608c1c3357e,HA,HA1,ADV,3,R1,ORG,2
622c42e7-9d07-4236-b8bd-c608c1c3357e,HA,HA1,ADV,3,R1,USER,3
622c42e7-9d07-4236-b8bd-c608c1c3357e,HA,HA1,ADV,3,R2,CTRL,3
622c42e7-9d07-4236-b8bd-c608c1c3357e,HA,HA1,ADV,3,R2,AI,1
622c42e7-9d07-4236-b8bd-c608c1c3357e,HA,HA1,ADV,3,R2,ORG,2
622c42e7-9d07-4236-b8bd-c608c1c3357e,HA,HA1,ADV,3,R2,USER,4
5483faa6-6028-47e9-b5c9-502bc4dab121,H,H2,REL,1,R1,CTRL,1
5483faa6-6028-47e9-b5c9-502bc4dab121,H,H2,REL,1,R1,ORG,3
5483faa6-6028-47e9-b5c9-502bc4dab121,H,H2,REL,1,R1,USER,2
5483faa6-6028-47e9-b5c9-502bc4dab121,H,H2,REL,1,R2,CTRL,1
5483faa6-6028-47e9-b5c9-502bc4dab121,H,H2,REL,1,R2,ORG,3
5483faa6-6028-47e9-b5c9-502bc4dab121,H,H2,REL,1,R2,USER,2
5483faa6-6028-47e9-b5c9-502bc4dab121,H,H2,ADV,2,R1,CTRL,1
5483faa6-6028-47e9-b5c9-502bc4dab121,H,H2,ADV,2,R1,ORG,3
5483faa6-6028-47e9-b5c9-502bc4dab121,H,H2,ADV,2,R1,USER,2
5483faa6-6028-47e9-b5c9-502bc4dab121,H,H2,ADV,2,R2,CTRL,1
5483faa6-6028-47e9-b5c9-502bc4dab121,H,H2,ADV,2,R2,ORG,3
5483faa6-6028-47e9-b5c9-502bc4dab121,H,H2,ADV,2,R2,USER,2
5483faa6-6028-47e9-b5c9-502bc4dab121,H,H2,COL,3,R1,CTRL,1
5483faa6-6028-47e9-b5c9-502bc4dab121,H,H2,COL,3,R1,ORG,3
5483faa6-6028-47e9-b5c9-502bc4dab121,H,H2,COL,3,R1,USER,2
5483faa6-6028-47e9-b5c9-502bc4dab121,H,H2,COL,3,R2,CTRL,1
5483faa6-6028-47e9-b5c9-502bc4dab121,H,H2,COL,3,R2,ORG,3
5483faa6-6028-47e9-b5c9-502bc4dab121,H,H2,COL,3,R2,USER,2
0e412a4e-a95d-424a-bd46-ba1fa66ba637,HA,HA2,REL,1,R1,CTRL,1
0e412a4e-a95d-424a-bd46-ba1fa66ba637,HA,HA2,REL,1,R1,AI,2
0e412a4e-a95d-424a-bd46-ba1fa66ba637,HA,HA2,REL,1,R1,ORG,3
0e412a4e-a95d-424a-bd46-ba1fa66ba637,HA,HA2,REL,1,R1,USER,4
0e412a4e-a95d-424a-bd46-ba1fa66ba637,HA,HA2,REL,1,R2,CTRL,1
0e412a4e-a95d-424a-bd46-ba1fa66ba637,HA,HA2,REL,1,R2,AI,2
0e412a4e-a95d-424a-bd46-ba1fa66ba637,HA,HA2,REL,1,R2,ORG,3
0e412a4e-a95d-424a-bd46-ba1fa66ba637,HA,HA2,REL,1,R2,USER,4
0e412a4e-a95d-424a-bd46-ba1fa66ba637,HA,HA2,COL,2,R1,CTRL,1
0e412a4e-a95d-424a-bd46-ba1fa66ba637,HA,HA2,COL,2,R1,AI,2
0e412a4e-a95d-424a-bd46-ba1fa66ba637,HA,HA2,COL,2,R1,ORG,3
0e412a4e-a95d-424a-bd46-ba1fa66ba637,HA,HA2,COL,2,R1,USER,4
0e412a4e-a95d-424a-bd46-ba1fa66ba637,HA,HA2,COL,2,R2,CTRL,1
0e412a4e-a95d-424a-bd46-ba1fa66ba637,HA,HA2,COL,2,R2,AI,2
0e412a4e-a95d-424a-bd46-ba1fa66ba637,HA,HA2,COL,2,R2,ORG,3
0e412a4e-a95d-424a-bd46-ba1fa66ba637,HA,HA2,COL,2,R2,USER,4
0e412a4e-a95d-424a-bd46-ba1fa66ba637,HA,HA2,ADV,3,R1,CTRL,1
0e412a4e-a95d-424a-bd46-ba1fa66ba637,HA,HA2,ADV,3,R1,AI,2
0e412a4e-a95d-424a-bd46-ba1fa66ba637,HA,HA2,ADV,3,R1,ORG,3
0e412a4e-a95d-424a-bd46-ba1fa66ba637,HA,HA2,ADV,3,R1,USER,4
0e412a4e-a95d-424a-bd46-ba1fa66ba637,HA,HA2,ADV,3,R2,CTRL,1
0e412a4e-a95d-424a-bd46-ba1fa66ba637,HA,HA2,ADV,3,R2,AI,2
0e412a4e-a95d-424a-bd46-ba1fa66ba637,HA,HA2,ADV,3,R2,ORG,3
0e412a4e-a95d-424a-bd46-ba1fa66ba637,HA,HA2,ADV,3,R2,USER,4
68070497-cc3d-43e9-89e0-b3e322a2dbbc,H,H1,REL,1,R1,CTRL,2
68070497-cc3d-43e9-89e0-b3e322a2dbbc,H,H1,REL,1,R1,ORG,1
68070497-cc3d-43e9-89e0-b3e322a2dbbc,H,H1,REL,1,R1,USER,3
68070497-cc3d-43e9-89e0-b3e322a2dbbc,H,H1,REL,1,R2,CTRL,2
68070497-cc3d-43e9-89e0-b3e322a2dbbc,H,H1,REL,1,R2,ORG,1
68070497-cc3d-43e9-89e0-b3e322a2dbbc,H,H1,REL,1,R2,USER,3
68070497-cc3d-43e9-89e0-b3e322a2dbbc,H,H1,COL,2,R1,CTRL,3
68070497-cc3d-43e9-89e0-b3e322a2dbbc,H,H1,COL,2,R1,ORG,2
68070497-cc3d-43e9-89e0-b3e322a2dbbc,H,H1,COL,2,R1,USER,1
68070497-cc3d-43e9-89e0-b3e322a2dbbc,H,H1,COL,2,R2,CTRL,3
68070497-cc3d-43e9-89e0-b3e322a2dbbc,H,H1,COL,2,R2,ORG,2
68070497-cc3d-43e9-89e0-b3e322a2dbbc,H,H1,COL,2,R2,USER,1
68070497-cc3d-43e9-89e0-b3e322a2dbbc,H,H1,ADV,3,R1,CTRL,3
68070497-cc3d-43e9-89e0-b3e322a2dbbc,H,H1,ADV,3,R1,ORG,2
68070497-cc3d-43e9-89e0-b3e322a2dbbc,H,H1,ADV,3,R1,USER,1
68070497-cc3d-43e9-89e0-b3e322a2dbbc,H,H1,ADV,3,R2,CTRL,3
68070497-cc3d-43e9-89e0-b3e322a2dbbc,H,H1,ADV,3,R2,ORG,2
68070497-cc3d-43e9-89e0-b3e322a2dbbc,H,H1,ADV,3,R2,USER,1
d8305bc2-c75a-40df-9b02-0f65331d16aa,H,H3,COL,1,R1,CTRL,3
d8305bc2-c75a-40df-9b02-0f65331d16aa,H,H3,COL,1,R1,ORG,2
d8305bc2-c75a-40df-9b02-0f65331d16aa,H,H3,COL,1,R1,USER,1
d8305bc2-c75a-40df-9b02-0f65331d16aa,H,H3,COL,1,R2,CTRL,3
d8305bc2-c75a-40df-9b02-0f65331d16aa,H,H3,COL,1,R2,ORG,2
d8305bc2-c75a-40df-9b02-0f65331d16aa,H,H3,COL,1,R2,USER,1
d8305bc2-c75a-40df-9b02-0f65331d16aa,H,H3,ADV,2,R1,CTRL,3
d8305bc2-c75a-40df-9b02-0f65331d16aa,H,H3,ADV,2,R1,ORG,2
d8305bc2-c75a-40df-9b02-0f65331d16aa,H,H3,ADV,2,R1,USER,1
d8305bc2-c75a-40df-9b02-0f65331d16aa,H,H3,ADV,2,R2,CTRL,3
d8305bc2-c75a-40df-9b02-0f65331d16aa,H,H3,ADV,2,R2,ORG,2
d8305bc2-c75a-40df-9b02-0f65331d16aa,H,H3,ADV,2,R2,USER,1
d8305bc2-c75a-40df-9b02-0f65331d16aa,H,H3,REL,3,R1,CTRL,3
d8305bc2-c75a-40df-9b02-0f65331d16aa,H,H3,REL,3,R1,ORG,2
d8305bc2-c75a-40df-9b02-0f65331d16aa,H,H3,REL,3,R1,USER,1
d8305bc2-c75a-40df-9b02-0f65331d16aa,H,H3,REL,3,R2,CTRL,3
d8305bc2-c75a-40df-9b02-0f65331d16aa,H,H3,REL,3,R2,ORG,2
d8305bc2-c75a-40df-9b02-0f65331d16aa,H,H3,REL,3,R2,USER,1
c0c2f445-ea95-4bcb-81e4-100e9fcb66ff,H,H1,COL,1,R1,CTRL,1
c0c2f445-ea95-4bcb-81e4-100e9fcb66ff,H,H1,COL,1,R1,ORG,2
c0c2f445-ea95-4bcb-81e4-100e9fcb66ff,H,H1,COL,1,R1,USER,3
c0c2f445-ea95-4bcb-81e4-100e9fcb66ff,H,H1,COL,1,R2,CTRL,1
c0c2f445-ea95-4bcb-81e4-100e9fcb66ff,H,H1,COL,1,R2,ORG,3
c0c2f445-ea95-4bcb-81e4-100e9fcb66ff,H,H1,COL,1,R2,USER,2
c0c2f445-ea95-4bcb-81e4-100e9fcb66ff,H,H1,REL,2,R1,CTRL,1
c0c2f445-ea95-4bcb-81e4-100e9fcb66ff,H,H1,REL,2,R1,ORG,2
c0c2f445-ea95-4bcb-81e4-100e9fcb66ff,H,H1,REL,2,R1,USER,3
c0c2f445-ea95-4bcb-81e4-100e9fcb66ff,H,H1,REL,2,R2,CTRL,1
c0c2f445-ea95-4bcb-81e4-100e9fcb66ff,H,H1,REL,2,R2,ORG,2
c0c2f445-ea95-4bcb-81e4-100e9fcb66ff,H,H1,REL,2,R2,USER,3
c0c2f445-ea95-4bcb-81e4-100e9fcb66ff,H,H1,ADV,3,R1,CTRL,1
c0c2f445-ea95-4bcb-81e4-100e9fcb66ff,H,H1,ADV,3,R1,ORG,2
c0c2f445-ea95-4bcb-81e4-100e9fcb66ff,H,H1,ADV,3,R1,USER,3
c0c2f445-ea95-4bcb-81e4-100e9fcb66ff,H,H1,ADV,3,R2,CTRL,1
c0c2f445-ea95-4bcb-81e4-100e9fcb66ff,H,H1,ADV,3,R2,ORG,2
c0c2f445-ea95-4bcb-81e4-100e9fcb66ff,H,H1,ADV,3,R2,USER,3
03269f4a-e97b-4f96-a035-d104750c9f0f,H,H2,COL,1,R1,CTRL,1
03269f4a-e97b-4f96-a035-d104750c9f0f,H,H2,COL,1,R1,ORG,3
03269f4a-e97b-4f96-a035-d104750c9f0f,H,H2,COL,1,R1,USER,2
03269f4a-e97b-4f96-a035-d104750c9f0f,H,H2,COL,1,R2,CTRL,2
03269f4a-e97b-4f96-a035-d104750c9f0f,H,H2,COL,1,R2,ORG,3
03269f4a-e97b-4f96-a035-d104750c9f0f,H,H2,COL,1,R2,USER,1
03269f4a-e97b-4f96-a035-d104750c9f0f,H,H2,ADV,2,R1,CTRL,2
03269f4a-e97b-4f96-a035-d104750c9f0f,H,H2,ADV,2,R1,ORG,1
03269f4a-e97b-4f96-a035-d104750c9f0f,H,H2,ADV,2,R1,USER,3
03269f4a-e97b-4f96-a035-d104750c9f0f,H,H2,ADV,2,R2,CTRL,2
03269f4a-e97b-4f96-a035-d104750c9f0f,H,H2,ADV,2,R2,ORG,3
03269f4a-e97b-4f96-a035-d104750c9f0f,H,H2,ADV,2,R2,USER,1
03269f4a-e97b-4f96-a035-d104750c9f0f,H,H2,REL,3,R1,CTRL,1
03269f4a-e97b-4f96-a035-d104750c9f0f,H,H2,REL,3,R1,ORG,3
03269f4a-e97b-4f96-a035-d104750c9f0f,H,H2,REL,3,R1,USER,2
03269f4a-e97b-4f96-a035-d104750c9f0f,H,H2,REL,3,R2,CTRL,1
03269f4a-e97b-4f96-a035-d104750c9f0f,H,H2,REL,3,R2,ORG,2
03269f4a-e97b-4f96-a035-d104750c9f0f,H,H2,REL,3,R2,USER,3
d89d1303-b6e0-4dfb-865e-182539ec1b4e,HA,HA2,REL,1,R1,CTRL,2
d89d1303-b6e0-4dfb-865e-182539ec1b4e,HA,HA2,REL,1,R1,AI,1
d89d1303-b6e0-4dfb-865e-182539ec1b4e,HA,HA2,REL,1,R1,ORG,3
d89d1303-b6e0-4dfb-865e-182539ec1b4e,HA,HA2,REL,1,R1,USER,4
d89d1303-b6e0-4dfb-865e-182539ec1b4e,HA,HA2,REL,1,R2,CTRL,1
d89d1303-b6e0-4dfb-865e-182539ec1b4e,HA,HA2,REL,1,R2,AI,2
d89d1303-b6e0-4dfb-865e-182539ec1b4e,HA,HA2,REL,1,R2,ORG,3
d89d1303-b6e0-4dfb-865e-182539ec1b4e,HA,HA2,REL,1,R2,USER,4
d89d1303-b6e0-4dfb-865e-182539ec1b4e,HA,HA2,ADV,2,R1,CTRL,1
d89d1303-b6e0-4dfb-865e-182539ec1b4e,HA,HA2,ADV,2,R1,AI,2
d89d1303-b6e0-4dfb-865e-182539ec1b4e,HA,HA2,ADV,2,R1,ORG,3
d89d1303-b6e0-4dfb-865e-182539ec1b4e,HA,HA2,ADV,2,R1,USER,4
d89d1303-b6e0-4dfb-865e-182539ec1b4e,HA,HA2,ADV,2,R2,CTRL,3
d89d1303-b6e0-4dfb-865e-182539ec1b4e,HA,HA2,ADV,2,R2,AI,1
d89d1303-b6e0-4dfb-865e-182539ec1b4e,HA,HA2,ADV,2,R2,ORG,2
d89d1303-b6e0-4dfb-865e-182539ec1b4e,HA,HA2,ADV,2,R2,USER,4
d89d1303-b6e0-4dfb-865e-182539ec1b4e,HA,HA2,COL,3,R1,CTRL,3
d89d1303-b6e0-4dfb-865e-182539ec1b4e,HA,HA2,COL,3,R1,AI,1
d89d1303-b6e0-4dfb-865e-182539ec1b4e,HA,HA2,COL,3,R1,ORG,2
d89d1303-b6e0-4dfb-865e-182539ec1b4e,HA,HA2,COL,3,R1,USER,4
d89d1303-b6e0-4dfb-865e-182539ec1b4e,HA,HA2,COL,3,R2,CTRL,4
d89d1303-b6e0-4dfb-865e-182539ec1b4e,HA,HA2,COL,3,R2,AI,2
d89d1303-b6e0-4dfb-865e-182539ec1b4e,HA,HA2,COL,3,R2,ORG,3
d89d1303-b6e0-4dfb-865e-182539ec1b4e,HA,HA2,COL,3,R2,USER,1
dcbb2e71-d08b-4082-b73e-58a8ea04c6b2,H,H3,ADV,1,R1,CTRL,1
dcbb2e71-d08b-4082-b73e-58a8ea04c6b2,H,H3,ADV,1,R1,ORG,2
dcbb2e71-d08b-4082-b73e-58a8ea04c6b2,H,H3,ADV,1,R1,USER,3
dcbb2e71-d08b-4082-b73e-58a8ea04c6b2,H,H3,ADV,1,R2,CTRL,3
dcbb2e71-d08b-4082-b73e-58a8ea04c6b2,H,H3,ADV,1,R2,ORG,2
dcbb2e71-d08b-4082-b73e-58a8ea04c6b2,H,H3,ADV,1,R2,USER,1
dcbb2e71-d08b-4082-b73e-58a8ea04c6b2,H,H3,COL,2,R1,CTRL,3
dcbb2e71-d08b-4082-b73e-58a8ea04c6b2,H,H3,COL,2,R1,ORG,1
dcbb2e71-d08b-4082-b73e-58a8ea04c6b2,H,H3,COL,2,R1,USER,2
dcbb2e71-d08b-4082-b73e-58a8ea04c6b2,H,H3,COL,2,R2,CTRL,1
dcbb2e71-d08b-4082-b73e-58a8ea04c6b2,H,H3,COL,2,R2,ORG,3
dcbb2e71-d08b-4082-b73e-58a8ea04c6b2,H,H3,COL,2,R2,USER,2
dcbb2e71-d08b-4082-b73e-58a8ea04c6b2,H,H3,REL,3,R1,CTRL,2
dcbb2e71-d08b-4082-b73e-58a8ea04c6b2,H,H3,REL,3,R1,ORG,1
dcbb2e71-d08b-4082-b73e-58a8ea04c6b2,H,H3,REL,3,R1,USER,3
dcbb2e71-d08b-4082-b73e-58a8ea04c6b2,H,H3,REL,3,R2,CTRL,3
dcbb2e71-d08b-4082-b73e-58a8ea04c6b2,H,H3,REL,3,R2,ORG,2
dcbb2e71-d08b-4082-b73e-58a8ea04c6b2,H,H3,REL,3,R2,USER,1
4609f913-84fe-4151-86f5-8b74f9cb5d48,A,A,COL,1,R1,AI,2
4609f913-84fe-4151-86f5-8b74f9cb5d48,A,A,COL,1,R1,ORG,3
4609f913-84fe-4151-86f5-8b74f9cb5d48,A,A,COL,1,R1,USER,1
4609f913-84fe-4151-86f5-8b74f9cb5d48,A,A,COL,1,R2,AI,1
4609f913-84fe-4151-86f5-8b74f9cb5d48,A,A,COL,1,R2,ORG,2
4609f913-84fe-4151-86f5-8b74f9cb5d48,A,A,COL,1,R2,USER,3
4609f913-84fe-4151-86f5-8b74f9cb5d48,A,A,REL,2,R1,AI,1
4609f913-84fe-4151-86f5-8b74f9cb5d48,A,A,REL,2,R1,ORG,2
4609f913-84fe-4151-86f5-8b74f9cb5d48,A,A,REL,2,R1,USER,3
4609f913-84fe-4151-86f5-8b74f9cb5d48,A,A,REL,2,R2,AI,1
4609f913-84fe-4151-86f5-8b74f9cb5d48,A,A,REL,2,R2,ORG,2
4609f913-84fe-4151-86f5-8b74f9cb5d48,A,A,REL,2,R2,USER,3
4609f913-84fe-4151-86f5-8b74f9cb5d48,A,A,ADV,3,R1,AI,2
4609f913-84fe-4151-86f5-8b74f9cb5d48,A,A,ADV,3,R1,ORG,3
4609f913-84fe-4151-86f5-8b74f9cb5d48,A,A,ADV,3,R1,USER,1
4609f913-84fe-4151-86f5-8b74f9cb5d48,A,A,ADV,3,R2,AI,1
4609f913-84fe-4151-86f5-8b74f9cb5d48,A,A,ADV,3,R2,ORG,3
4609f913-84fe-4151-86f5-8b74f9cb5d48,A,A,ADV,3,R2,USER,2
2e069c83-2a3c-415c-a5e4-c5ca7c553e34,HA,HA1,COL,1,R1,CTRL,1
2e069c83-2a3c-415c-a5e4-c5ca7c553e34,HA,HA1,COL,1,R1,AI,2
2e069c83-2a3c-415c-a5e4-c5ca7c553e34,HA,HA1,COL,1,R1,ORG,4
2e069c83-2a3c-415c-a5e4-c5ca7c553e34,HA,HA1,COL,1,R1,USER,3
2e069c83-2a3c-415c-a5e4-c5ca7c553e34,HA,HA1,COL,1,R2,CTRL,1
2e069c83-2a3c-415c-a5e4-c5ca7c553e34,HA,HA1,COL,1,R2,AI,2
2e069c83-2a3c-415c-a5e4-c5ca7c553e34,HA,HA1,COL,1,R2,ORG,4
2e069c83-2a3c-415c-a5e4-c5ca7c553e34,HA,HA1,COL,1,R2,USER,3
2e069c83-2a3c-415c-a5e4-c5ca7c553e34,HA,HA1,REL,2,R1,CTRL,1
2e069c83-2a3c-415c-a5e4-c5ca7c553e34,HA,HA1,REL,2,R1,AI,2
2e069c83-2a3c-415c-a5e4-c5ca7c553e34,HA,HA1,REL,2,R1,ORG,4
2e069c83-2a3c-415c-a5e4-c5ca7c553e34,HA,HA1,REL,2,R1,USER,3
2e069c83-2a3c-415c-a5e4-c5ca7c553e34,HA,HA1,REL,2,R2,CTRL,1
2e069c83-2a3c-415c-a5e4-c5ca7c553e34,HA,HA1,REL,2,R2,AI,2
2e069c83-2a3c-415c-a5e4-c5ca7c553e34,HA,HA1,REL,2,R2,ORG,4
2e069c83-2a3c-415c-a5e4-c5ca7c553e34,HA,HA1,REL,2,R2,USER,3
2e069c83-2a3c-415c-a5e4-c5ca7c553e34,HA,HA1,ADV,3,R1,CTRL,1
2e069c83-2a3c-415c-a5e4-c5ca7c553e34,HA,HA1,ADV,3,R1,AI,2
2e069c83-2a3c-415c-a5e4-c5ca7c553e34,HA,HA1,ADV,3,R1,ORG,4
2e069c83-2a3c-415c-a5e4-c5ca7c553e34,HA,HA1,ADV,3,R1,USER,3
2e069c83-2a3c-415c-a5e4-c5ca7c553e34,HA,HA1,ADV,3,R2,CTRL,1
2e069c83-2a3c-415c-a5e4-c5ca7c553e34,HA,HA1,ADV,3,R2,AI,2
2e069c83-2a3c-415c-a5e4-c5ca7c553e34,HA,HA1,ADV,3,R2,ORG,4
2e069c83-2a3c-415c-a5e4-c5ca7c553e34,HA,HA1,ADV,3,R2,USER,3
f6c954b2-1268-42a8-a606-238754834df0,H,H3,ADV,1,R1,CTRL,2
f6c954b2-1268-42a8-a606-238754834df0,H,H3,ADV,1,R1,ORG,3
f6c954b2-1268-42a8-a606-238754834df0,H,H3,ADV,1,R1,USER,1
f6c954b2-1268-42a8-a606-238754834df0,H,H3,ADV,1,R2,CTRL,2
f6c954b2-1268-42a8-a606-238754834df0,H,H3,ADV,1,R2,ORG,3
f6c954b2-1268-42a8-a606-238754834df0,H,H3,ADV,1,R2,USER,1
f6c954b2-1268-42a8-a606-238754834df0,H,H3,REL,2,R1,CTRL,2
f6c954b2-1268-42a8-a606-238754834df0,H,H3,REL,2,R1,ORG,3
f6c954b2-1268-42a8-a606-238754834df0,H,H3,REL,2,R1,USER,1
f6c954b2-1268-42a8-a606-238754834df0,H,H3,REL,2,R2,CTRL,2
f6c954b2-1268-42a8-a606-238754834df0,H,H3,REL,2,R2,ORG,3
f6c954b2-1268-42a8-a606-238754834df0,H,H3,REL,2,R2,USER,1
f6c954b2-1268-42a8-a606-238754834df0,H,H3,COL,3,R1,CTRL,2
f6c954b2-1268-42a8-a606-238754834df0,H,H3,COL,3,R1,ORG,3
f6c954b2-1268-42a8-a606-238754834df0,H,H3,COL,3,R1,USER,1
f6c954b2-1268-42a8-a606-238754834df0,H,H3,COL,3,R2,CTRL,2
f6c954b2-1268-42a8-a606-238754834df0,H,H3,COL,3,R2,ORG,3
f6c954b2-1268-42a8-a606-238754834df0,H,H3,COL,3,R2,USER,1
f00c3b10-1bd1-4313-b473-dc6b00944af9,H,H2,REL,1,R1,CTRL,1
f00c3b10-1bd1-4313-b473-dc6b00944af9,H,H2,REL,1,R1,ORG,3
f00c3b10-1bd1-4313-b473-dc6b00944af9,H,H2,REL,1,R1,USER,2
f00c3b10-1bd1-4313-b473-dc6b00944af9,H,H2,REL,1,R2,CTRL,1
f00c3b10-1bd1-4313-b473-dc6b00944af9,H,H2,REL,1,R2,ORG,2
f00c3b10-1bd1-4313-b473-dc6b00944af9,H,H2,REL,1,R2,USER,3
f00c3b10-1bd1-4313-b473-dc6b00944af9,H,H2,COL,2,R1,CTRL,1
f00c3b10-1bd1-4313-b473-dc6b00944af9,H,H2,COL,2,R1,ORG,2
f00c3b10-1bd1-4313-b473-dc6b00944af9,H,H2,COL,2,R1,USER,3
f00c3b10-1bd1-4313-b473-dc6b00944af9,H,H2,COL,2,R2,CTRL,1
f00c3b10-1bd1-4313-b473-dc6b00944af9,H,H2,COL,2,R2,ORG,2
f00c3b10-1bd1-4313-b473-dc6b00944af9,H,H2,COL,2,R2,USER,3
f00c3b10-1bd1-4313-b473-dc6b00944af9,H,H2,ADV,3,R1,CTRL,2
f00c3b10-1bd1-4313-b473-dc6b00944af9,H,H2,ADV,3,R1,ORG,1
f00c3b10-1bd1-4313-b473-dc6b00944af9,H,H2,ADV,3,R1,USER,3
f00c3b10-1bd1-4313-b473-dc6b00944af9,H,H2,ADV,3,R2,CTRL,2
f00c3b10-1bd1-4313-b473-dc6b00944af9,H,H2,ADV,3,R2,ORG,1
f00c3b10-1bd1-4313-b473-dc6b00944af9,H,H2,ADV,3,R2,USER,3
9348caad-3c98-4344-b2ee-600d0b08c4aa,HA,HA3,REL,1,R1,CTRL,4
9348caad-3c98-4344-b2ee-600d0b08c4aa,HA,HA3,REL,1,R1,AI,3
9348caad-3c98-4344-b2ee-600d0b08c4aa,HA,HA3,REL,1,R1,ORG,2
9348caad-3c98-4344-b2ee-600d0b08c4aa,HA,HA3,REL,1,R1,USER,1
9348caad-3c98-4344-b2ee-600d0b08c4aa,HA,HA3,REL,1,R2,CTRL,2
9348caad-3c98-4344-b2ee-600d0b08c4aa,HA,HA3,REL,1,R2,AI,3
9348caad-3c98-4344-b2ee-600d0b08c4aa,HA,HA3,REL,1,R2,ORG,4
9348caad-3c98-4344-b2ee-600d0b08c4aa,HA,HA3,REL,1,R2,USER,1
9348caad-3c98-4344-b2ee-600d0b08c4aa,HA,HA3,ADV,2,R1,CTRL,4
9348caad-3c98-4344-b2ee-600d0b08c4aa,HA,HA3,ADV,2,R1,AI,3
9348caad-3c98-4344-b2ee-600d0b08c4aa,HA,HA3,ADV,2,R1,ORG,2
9348caad-3c98-4344-b2ee-600d0b08c4aa,HA,HA3,ADV,2,R1,USER,1
9348caad-3c98-4344-b2ee-600d0b08c4aa,HA,HA3,ADV,2,R2,CTRL,2
9348caad-3c98-4344-b2ee-600d0b08c4aa,HA,HA3,ADV,2,R2,AI,4
9348caad-3c98-4344-b2ee-600d0b08c4aa,HA,HA3,ADV,2,R2,ORG,3
9348caad-3c98-4344-b2ee-600d0b08c4aa,HA,HA3,ADV,2,R2,USER,1
9348caad-3c98-4344-b2ee-600d0b08c4aa,HA,HA3,COL,3,R1,CTRL,4
9348caad-3c98-4344-b2ee-600d0b08c4aa,HA,HA3,COL,3,R1,AI,3
9348caad-3c98-4344-b2ee-600d0b08c4aa,HA,HA3,COL,3,R1,ORG,2
9348caad-3c98-4344-b2ee-600d0b08c4aa,HA,HA3,COL,3,R1,USER,1
9348caad-3c98-4344-b2ee-600d0b08c4aa,HA,HA3,COL,3,R2,CTRL,2
9348caad-3c98-4344-b2ee-600d0b08c4aa,HA,HA3,COL,3,R2,AI,4
9348caad-3c98-4344-b2ee-600d0b08c4aa,HA,HA3,COL,3,R2,ORG,3
9348caad-3c98-4344-b2ee-600d0b08c4aa,HA,HA3,COL,3,R2,USER,1
c8867411-3490-4186-a741-6ef66c16d304,H,H1,COL,1,R1,CTRL,1
c8867411-3490-4186-a741-6ef66c16d304,H,H1,COL,1,R1,ORG,2
c8867411-3490-4186-a741-6ef66c16d304,H,H1,COL,1,R1,USER,3
c8867411-3490-4186-a741-6ef66c16d304,H,H1,COL,1,R2,CTRL,1
c8867411-3490-4186-a741-6ef66c16d304,H,H1,COL,1,R2,ORG,2
c8867411-3490-4186-a741-6ef66c16d304,H,H1,COL,1,R2,USER,3
c8867411-3490-4186-a741-6ef66c16d304,H,H1,ADV,2,R1,CTRL,1
c8867411-3490-4186-a741-6ef66c16d304,H,H1,ADV,2,R1,ORG,2
c8867411-3490-4186-a741-6ef66c16d304,H,H1,ADV,2,R1,USER,3
c8867411-3490-4186-a741-6ef66c16d304,H,H1,ADV,2,R2,CTRL,1
c8867411-3490-4186-a741-6ef66c16d304,H,H1,ADV,2,R2,ORG,2
c8867411-3490-4186-a741-6ef66c16d304,H,H1,ADV,2,R2,USER,3
c8867411-3490-4186-a741-6ef66c16d304,H,H1,REL,3,R1,CTRL,1
c8867411-3490-4186-a741-6ef66c16d304,H,H1,REL,3,R1,ORG,2
c8867411-3490-4186-a741-6ef66c16d304,H,H1,REL,3,R1,USER,3
c8867411-3490-4186-a741-6ef66c16d304,H,H1,REL,3,R2,CTRL,2
c8867411-3490-4186-a741-6ef66c16d304,H,H1,REL,3,R2,ORG,3
c8867411-3490-4186-a741-6ef66c16d304,H,H1,REL,3,R2,USER,1
06703ceb-3305-4e74-8667-bce1266d1829,HA,HA2,COL,1,R1,CTRL,1
06703ceb-3305-4e74-8667-bce1266d1829,HA,HA2,COL,1,R1,AI,2
06703ceb-3305-4e74-8667-bce1266d1829,HA,HA2,COL,1,R1,ORG,4
06703ceb-3305-4e74-8667-bce1266d1829,HA,HA2,COL,1,R1,USER,3
06703ceb-3305-4e74-8667-bce1266d1829,HA,HA2,COL,1,R2,CTRL,1
06703ceb-3305-4e74-8667-bce1266d1829,HA,HA2,COL,1,R2,AI,3
06703ceb-3305-4e74-8667-bce1266d1829,HA,HA2,COL,1,R2,ORG,4
06703ceb-3305-4e74-8667-bce1266d1829,HA,HA2,COL,1,R2,USER,2
06703ceb-3305-4e74-8667-bce1266d1829,HA,HA2,REL,2,R1,CTRL,1
06703ceb-3305-4e74-8667-bce1266d1829,HA,HA2,REL,2,R1,AI,3
06703ceb-3305-4e74-8667-bce1266d1829,HA,HA2,REL,2,R1,ORG,2
06703ceb-3305-4e74-8667-bce1266d1829,HA,HA2,REL,2,R1,USER,4
06703ceb-3305-4e74-8667-bce1266d1829,HA,HA2,REL,2,R2,CTRL,1
06703ceb-3305-4e74-8667-bce1266d1829,HA,HA2,REL,2,R2,AI,3
06703ceb-3305-4e74-8667-bce1266d1829,HA,HA2,REL,2,R2,ORG,2
06703ceb-3305-4e74-8667-bce1266d1829,HA,HA2,REL,2,R2,USER,4
06703ceb-3305-4e74-8667-bce1266d1829,HA,HA2,ADV,3,R1,CTRL,1
06703ceb-3305-4e74-8667-bce1266d1829,HA,HA2,ADV,3,R1,AI,3
06703ceb-3305-4e74-8667-bce1266d1829,HA,HA2,ADV,3,R1,ORG,2
06703ceb-3305-4e74-8667-bce1266d1829,HA,HA2,ADV,3,R1,USER,4
06703ceb-3305-4e74-8667-bce1266d1829,HA,HA2,ADV,3,R2,CTRL,1
06703ceb-3305-4e74-8667-bce1266d1829,HA,HA2,ADV,3,R2,AI,3
06703ceb-3305-4e74-8667-bce1266d1829,HA,HA2,ADV,3,R2,ORG,2
06703ceb-3305-4e74-8667-bce1266d1829,HA,HA2,ADV,3,R2,USER,4
16b55d24-1cae-484a-a14c-4005867f0856,HA,HA3,COL,1,R1,CTRL,2
16b55d24-1cae-484a-a14c-4005867f0856,HA,HA3,COL,1,R1,AI,1
16b55d24-1cae-484a-a14c-4005867f0856,HA,HA3,COL,1,R1,ORG,3
16b55d24-1cae-484a-a14c-4005867f0856,HA,HA3,COL,1,R1,USER,4
16b55d24-1cae-484a-a14c-4005867f0856,HA,HA3,COL,1,R2,CTRL,2
16b55d24-1cae-484a-a14c-4005867f0856,HA,HA3,COL,1,R2,AI,1
16b55d24-1cae-484a-a14c-4005867f0856,HA,HA3,COL,1,R2,ORG,3
16b55d24-1cae-484a-a14c-4005867f0856,HA,HA3,COL,1,R2,USER,4
16b55d24-1cae-484a-a14c-4005867f0856,HA,HA3,REL,2,R1,CTRL,2
16b55d24-1cae-484a-a14c-4005867f0856,HA,HA3,REL,2,R1,AI,1
16b55d24-1cae-484a-a14c-4005867f0856,HA,HA3,REL,2,R1,ORG,3
16b55d24-1cae-484a-a14c-4005867f0856,HA,HA3,REL,2,R1,USER,4
16b55d24-1cae-484a-a14c-4005867f0856,HA,HA3,REL,2,R2,CTRL,2
16b55d24-1cae-484a-a14c-4005867f0856,HA,HA3,REL,2,R2,AI,1
16b55d24-1cae-484a-a14c-4005867f0856,HA,HA3,REL,2,R2,ORG,3
16b55d24-1cae-484a-a14c-4005867f0856,HA,HA3,REL,2,R2,USER,4
16b55d24-1cae-484a-a14c-4005867f0856,HA,HA3,ADV,3,R1,CTRL,2
16b55d24-1cae-484a-a14c-4005867f0856,HA,HA3,ADV,3,R1,AI,1
16b55d24-1cae-484a-a14c-4005867f0856,HA,HA3,ADV,3,R1,ORG,3
16b55d24-1cae-484a-a14c-4005867f0856,HA,HA3,ADV,3,R1,USER,4
16b55d24-1cae-484a-a14c-4005867f0856,HA,HA3,ADV,3,R2,CTRL,2
16b55d24-1cae-484a-a14c-4005867f0856,HA,HA3,ADV,3,R2,AI,1
16b55d24-1cae-484a-a14c-4005867f0856,HA,HA3,ADV,3,R2,ORG,3
16b55d24-1cae-484a-a14c-4005867f0856,HA,HA3,ADV,3,R2,USER,4
17992a0a-e385-4003-8bef-052fcff79792,H,H3,REL,1,R1,CTRL,1
17992a0a-e385-4003-8bef-052fcff79792,H,H3,REL,1,R1,ORG,2
17992a0a-e385-4003-8bef-052fcff79792,H,H3,REL,1,R1,USER,3
17992a0a-e385-4003-8bef-052fcff79792,H,H3,REL,1,R2,CTRL,1
17992a0a-e385-4003-8bef-052fcff79792,H,H3,REL,1,R2,ORG,2
17992a0a-e385-4003-8bef-052fcff79792,H,H3,REL,1,R2,USER,3
17992a0a-e385-4003-8bef-052fcff79792,H,H3,ADV,2,R1,CTRL,1
17992a0a-e385-4003-8bef-052fcff79792,H,H3,ADV,2,R1,ORG,2
17992a0a-e385-4003-8bef-052fcff79792,H,H3,ADV,2,R1,USER,3
17992a0a-e385-4003-8bef-052fcff79792,H,H3,ADV,2,R2,CTRL,1
17992a0a-e385-4003-8bef-052fcff79792,H,H3,ADV,2,R2,ORG,2
17992a0a-e385-4003-8bef-052fcff79792,H,H3,ADV,2,R2,USER,3
17992a0a-e385-4003-8bef-052fcff79792,H,H3,COL,3,R1,CTRL,1
17992a0a-e385-4003-8bef-052fcff79792,H,H3,COL,3,R1,ORG,2
17992a0a-e385-4003-8bef-052fcff79792,H,H3,COL,3,R1,USER,3
17992a0a-e385-4003-8bef-052fcff79792,H,H3,COL,3,R2,CTRL,1
17992a0a-e385-4003-8bef-052fcff79792,H,H3,COL,3,R2,ORG,2
17992a0a-e385-4003-8bef-052fcff79792,H,H3,COL,3,R2,USER,3
8dea5f38-07fe-4266-8bec-70ac523ebb7d,HA,HA3,ADV,1,R1,CTRL,2
8dea5f38-07fe-4266-8bec-70ac523ebb7d,HA,HA3,ADV,1,R1,AI,4
8dea5f38-07fe-4266-8bec-70ac523ebb7d,HA,HA3,ADV,1,R1,ORG,3
8dea5f38-07fe-4266-8bec-70ac523ebb7d,HA,HA3,ADV,1,R1,USER,1
8dea5f38-07fe-4266-8bec-70ac523ebb7d,HA,HA3,ADV,1,R2,CTRL,1
8dea5f38-07fe-4266-8bec-70ac523ebb7d,HA,HA3,ADV,1,R2,AI,3
8dea5f38-07fe-4266-8bec-70ac523ebb7d,HA,HA3,ADV,1,R2,ORG,2
8dea5f38-07fe-4266-8bec-70ac523ebb7d,HA,HA3,ADV,1,R2,USER,4
8dea5f38-07fe-4266-8bec-70ac523ebb7d,HA,HA3,REL,2,R1,CTRL,1
8dea5f38-07fe-4266-8bec-70ac523ebb7d,HA,HA3,REL,2,R1,AI,3
8dea5f38-07fe-4266-8bec-70ac523ebb7d,HA,HA3,REL,2,R1,ORG,2
8dea5f38-07fe-4266-8bec-70ac523ebb7d,HA,HA3,REL,2,R1,USER,4
8dea5f38-07fe-4266-8bec-70ac523ebb7d,HA,HA3,REL,2,R2,CTRL,1
8dea5f38-07fe-4266-8bec-70ac523ebb7d,HA,HA3,REL,2,R2,AI,3
8dea5f38-07fe-4266-8bec-70ac523ebb7d,HA,HA3,REL,2,R2,ORG,2
8dea5f38-07fe-4266-8bec-70ac523ebb7d,HA,HA3,REL,2,R2,USER,4
8dea5f38-07fe-4266-8bec-70ac523ebb7d,HA,HA3,COL,3,R1,CTRL,1
8dea5f38-07fe-4266-8bec-70ac523ebb7d,HA,HA3,COL,3,R1,AI,3
8dea5f38-07fe-4266-8bec-70ac523ebb7d,HA,HA3,COL,3,R1,ORG,2
8dea5f38-07fe-4266-8bec-70ac523ebb7d,HA,HA3,COL,3,R1,USER,4
8dea5f38-07fe-4266-8bec-70ac523ebb7d,HA,HA3,COL,3,R2,CTRL,1
8dea5f38-07fe-4266-8bec-70ac523ebb7d,HA,HA3,COL,3,R2,AI,4
8dea5f38-07fe-4266-8bec-70ac523ebb7d,HA,HA3,COL,3,R2,ORG,2
8dea5f38-07fe-4266-8bec-70ac523ebb7d,HA,HA3,COL,3,R2,USER,3
7a778652-2bec-4e8a-8145-d9e8fded9e22,HA,HA3,ADV,1,R1,CTRL,4
7a778652-2bec-4e8a-8145-d9e8fded9e22,HA,HA3,ADV,1,R1,AI,3
7a778652-2bec-4e8a-8145-d9e8fded9e22,HA,HA3,ADV,1,R1,ORG,2
7a778652-2bec-4e8a-8145-d9e8fded9e22,HA,HA3,ADV,1,R1,USER,1
7a778652-2bec-4e8a-8145-d9e8fded9e22,HA,HA3,ADV,1,R2,CTRL,4
7a778652-2bec-4e8a-8145-d9e8fded9e22,HA,HA3,ADV,1,R2,AI,3
7a778652-2bec-4e8a-8145-d9e8fded9e22,HA,HA3,ADV,1,R2,ORG,2
7a778652-2bec-4e8a-8145-d9e8fded9e22,HA,HA3,ADV,1,R2,USER,1
7a778652-2bec-4e8a-8145-d9e8fded9e22,HA,HA3,COL,2,R1,CTRL,4
7a778652-2bec-4e8a-8145-d9e8fded9e22,HA,HA3,COL,2,R1,AI,3
7a778652-2bec-4e8a-8145-d9e8fded9e22,HA,HA3,COL,2,R1,ORG,2
7a778652-2bec-4e8a-8145-d9e8fded9e22,HA,HA3,COL,2,R1,USER,1
7a778652-2bec-4e8a-8145-d9e8fded9e22,HA,HA3,COL,2,R2,CTRL,4
7a778652-2bec-4e8a-8145-d9e8fded9e22,HA,HA3,COL,2,R2,AI,3
7a778652-2bec-4e8a-8145-d9e8fded9e22,HA,HA3,COL,2,R2,ORG,2
7a778652-2bec-4e8a-8145-d9e8fded9e22,HA,HA3,COL,2,R2,USER,1
7a778652-2bec-4e8a-8145-d9e8fded9e22,HA,HA3,REL,3,R1,CTRL,4
7a778652-2bec-4e8a-8145-d9e8fded9e22,HA,HA3,REL,3,R1,AI,3
7a778652-2bec-4e8a-8145-d9e8fded9e22,HA,HA3,REL,3,R1,ORG,2
7a778652-2bec-4e8a-8145-d9e8fded9e22,HA,HA3,REL,3,R1,USER,1
7a778652-2bec-4e8a-8145-d9e8fded9e22,HA,HA3,REL,3,R2,CTRL,4
7a778652-2bec-4e8a-8145-d9e8fded9e22,HA,HA3,REL,3,R2,AI,3
7a778652-2bec-4e8a-8145-d9e8fded9e22,HA,HA3,REL,3,R2,ORG,2
7a778652-2bec-4e8a-8145-d9e8fded9e22,HA,HA3,REL,3,R2,USER,1
7a23f24a-98c4-463c-8238-33647e403cf3,HA,HA2,COL,1,R1,CTRL,2
7a23f24a-98c4-463c-8238-33647e403cf3,HA,HA2,COL,1,R1,AI,3
7a23f24a-98c4-463c-8238-33647e403cf3,HA,HA2,COL,1,R1,ORG,4
7a23f24a-98c4-463c-8238-33647e403cf3,HA,HA2,COL,1,R1,USER,1
7a23f24a-98c4-463c-8238-33647e403cf3,HA,HA2,COL,1,R2,CTRL,2
7a23f24a-98c4-463c-8238-33647e403cf3,HA,HA2,COL,1,R2,AI,3
7a23f24a-98c4-463c-8238-33647e403cf3,HA,HA2,COL,1,R2,ORG,4
7a23f24a-98c4-463c-8238-33647e403cf3,HA,HA2,COL,1,R2,USER,1
7a23f24a-98c4-463c-8238-33647e403cf3,HA,HA2,ADV,2,R1,CTRL,1
7a23f24a-98c4-463c-8238-33647e403cf3,HA,HA2,ADV,2,R1,AI,2
7a23f24a-98c4-463c-8238-33647e403cf3,HA,HA2,ADV,2,R1,ORG,3
7a23f24a-98c4-463c-8238-33647e403cf3,HA,HA2,ADV,2,R1,USER,4
7a23f24a-98c4-463c-8238-33647e403cf3,HA,HA2,ADV,2,R2,CTRL,1
7a23f24a-98c4-463c-8238-33647e403cf3,HA,HA2,ADV,2,R2,AI,2
7a23f24a-98c4-463c-8238-33647e403cf3,HA,HA2,ADV,2,R2,ORG,3
7a23f24a-98c4-463c-8238-33647e403cf3,HA,HA2,ADV,2,R2,USER,4
7a23f24a-98c4-463c-8238-33647e403cf3,HA,HA2,REL,3,R1,CTRL,1
7a23f24a-98c4-463c-8238-33647e403cf3,HA,HA2,REL,3,R1,AI,2
7a23f24a-98c4-463c-8238-33647e403cf3,HA,HA2,REL,3,R1,ORG,3
7a23f24a-98c4-463c-8238-33647e403cf3,HA,HA2,REL,3,R1,USER,4
7a23f24a-98c4-463c-8238-33647e403cf3,HA,HA2,REL,3,R2,CTRL,1
7a23f24a-98c4-463c-8238-33647e403cf3,HA,HA2,REL,3,R2,AI,2
7a23f24a-98c4-463c-8238-33647e403cf3,HA,HA2,REL,3,R2,ORG,3
7a23f24a-98c4-463c-8238-33647e403cf3,HA,HA2,REL,3,R2,USER,4
cd697c5c-3d6e-4539-b83b-0bcefc86ed36,HA,HA3,COL,1,R1,CTRL,4
cd697c5c-3d6e-4539-b83b-0bcefc86ed36,HA,HA3,COL,1,R1,AI,2
cd697c5c-3d6e-4539-b83b-0bcefc86ed36,HA,HA3,COL,1,R1,ORG,3
cd697c5c-3d6e-4539-b83b-0bcefc86ed36,HA,HA3,COL,1,R1,USER,1
cd697c5c-3d6e-4539-b83b-0bcefc86ed36,HA,HA3,COL,1,R2,CTRL,4
cd697c5c-3d6e-4539-b83b-0bcefc86ed36,HA,HA3,COL,1,R2,AI,2
cd697c5c-3d6e-4539-b83b-0bcefc86ed36,HA,HA3,COL,1,R2,ORG,3
cd697c5c-3d6e-4539-b83b-0bcefc86ed36,HA,HA3,COL,1,R2,USER,1
cd697c5c-3d6e-4539-b83b-0bcefc86ed36,HA,HA3,ADV,2,R1,CTRL,3
cd697c5c-3d6e-4539-b83b-0bcefc86ed36,HA,HA3,ADV,2,R1,AI,2
cd697c5c-3d6e-4539-b83b-0bcefc86ed36,HA,HA3,ADV,2,R1,ORG,1
cd697c5c-3d6e-4539-b83b-0bcefc86ed36,HA,HA3,ADV,2,R1,USER,4
cd697c5c-3d6e-4539-b83b-0bcefc86ed36,HA,HA3,ADV,2,R2,CTRL,3
cd697c5c-3d6e-4539-b83b-0bcefc86ed36,HA,HA3,ADV,2,R2,AI,2
cd697c5c-3d6e-4539-b83b-0bcefc86ed36,HA,HA3,ADV,2,R2,ORG,1
cd697c5c-3d6e-4539-b83b-0bcefc86ed36,HA,HA3,ADV,2,R2,USER,4
cd697c5c-3d6e-4539-b83b-0bcefc86ed36,HA,HA3,REL,3,R1,CTRL,4
cd697c5c-3d6e-4539-b83b-0bcefc86ed36,HA,HA3,REL,3,R1,AI,3
cd697c5c-3d6e-4539-b83b-0bcefc86ed36,HA,HA3,REL,3,R1,ORG,2
cd697c5c-3d6e-4539-b83b-0bcefc86ed36,HA,HA3,REL,3,R1,USER,1
cd697c5c-3d6e-4539-b83b-0bcefc86ed36,HA,HA3,REL,3,R2,CTRL,4
cd697c5c-3d6e-4539-b83b-0bcefc86ed36,HA,HA3,REL,3,R2,AI,3
cd697c5c-3d6e-4539-b83b-0bcefc86ed36,HA,HA3,REL,3,R2,ORG,2
cd697c5c-3d6e-4539-b83b-0bcefc86ed36,HA,HA3,REL,3,R2,USER,1
0bb751ff-c14e-49fb-af27-b3f8fd8e900d,HA,HA2,ADV,1,R1,CTRL,1
0bb751ff-c14e-49fb-af27-b3f8fd8e900d,HA,HA2,ADV,1,R1,AI,2
0bb751ff-c14e-49fb-af27-b3f8fd8e900d,HA,HA2,ADV,1,R1,ORG,3
0bb751ff-c14e-49fb-af27-b3f8fd8e900d,HA,HA2,ADV,1,R1,USER,4
0bb751ff-c14e-49fb-af27-b3f8fd8e900d,HA,HA2,ADV,1,R2,CTRL,1
0bb751ff-c14e-49fb-af27-b3f8fd8e900d,HA,HA2,ADV,1,R2,AI,2
0bb751ff-c14e-49fb-af27-b3f8fd8e900d,HA,HA2,ADV,1,R2,ORG,3
0bb751ff-c14e-49fb-af27-b3f8fd8e900d,HA,HA2,ADV,1,R2,USER,4
0bb751ff-c14e-49fb-af27-b3f8fd8e900d,HA,HA2,REL,2,R1,CTRL,1
0bb751ff-c14e-49fb-af27-b3f8fd8e900d,HA,HA2,REL,2,R1,AI,2
0bb751ff-c14e-49fb-af27-b3f8fd8e900d,HA,HA2,REL,2,R1,ORG,3
0bb751ff-c14e-49fb-af27-b3f8fd8e900d,HA,HA2,REL,2,R1,USER,4
0bb751ff-c14e-49fb-af27-b3f8fd8e900d,HA,HA2,REL,2,R2,CTRL,1
0bb751ff-c14e-49fb-af27-b3f8fd8e900d,HA,HA2,REL,2,R2,AI,2
0bb751ff-c14e-49fb-af27-b3f8fd8e900d,HA,HA2,REL,2,R2,ORG,3
0bb751ff-c14e-49fb-af27-b3f8fd8e900d,HA,HA2,REL,2,R2,USER,4
0bb751ff-c14e-49fb-af27-b3f8fd8e900d,HA,HA2,COL,3,R1,CTRL,1
0bb751ff-c14e-49fb-af27-b3f8fd8e900d,HA,HA2,COL,3,R1,AI,2
0bb751ff-c14e-49fb-af27-b3f8fd8e900d,HA,HA2,COL,3,R1,ORG,3
0bb751ff-c14e-49fb-af27-b3f8fd8e900d,HA,HA2,COL,3,R1,USER,4
0bb751ff-c14e-49fb-af27-b3f8fd8e900d,HA,HA2,COL,3,R2,CTRL,1
0bb751ff-c14e-49fb-af27-b3f8fd8e900d,HA,HA2,COL,3,R2,AI,2
0bb751ff-c14e-49fb-af27-b3f8fd8e900d,HA,HA2,COL,3,R2,ORG,3
0bb751ff-c14e-49fb-af27-b3f8fd8e900d,HA,HA2,COL,3,R2,USER,4
bbbec15e-0549-4c1b-83d5-01d46bac5733,A,A,ADV,1,R1,AI,1
bbbec15e-0549-4c1b-83d5-01d46bac5733,A,A,ADV,1,R1,ORG,2
bbbec15e-0549-4c1b-83d5-01d46bac5733,A,A,ADV,1,R1,USER,3
bbbec15e-0549-4c1b-83d5-01d46bac5733,A,A,ADV,1,R2,AI,1
bbbec15e-0549-4c1b-83d5-01d46bac5733,A,A,ADV,1,R2,ORG,2
bbbec15e-0549-4c1b-83d5-01d46bac5733,A,A,ADV,1,R2,USER,3
bbbec15e-0549-4c1b-83d5-01d46bac5733,A,A,REL,2,R1,AI,1
bbbec15e-0549-4c1b-83d5-01d46bac5733,A,A,REL,2,R1,ORG,2
bbbec15e-0549-4c1b-83d5-01d46bac5733,A,A,REL,2,R1,USER,3
bbbec15e-0549-4c1b-83d5-01d46bac5733,A,A,REL,2,R2,AI,1
bbbec15e-0549-4c1b-83d5-01d46bac5733,A,A,REL,2,R2,ORG,2
bbbec15e-0549-4c1b-83d5-01d46bac5733,A,A,REL,2,R2,USER,3
bbbec15e-0549-4c1b-83d5-01d46bac5733,A,A,COL,3,R1,AI,1
bbbec15e-0549-4c1b-83d5-01d46bac5733,A,A,COL,3,R1,ORG,2
bbbec15e-0549-4c1b-83d5-01d46bac5733,A,A,COL,3,R1,USER,3
bbbec15e-0549-4c1b-83d5-01d46bac5733,A,A,COL,3,R2,AI,1
bbbec15e-0549-4c1b-83d5-01d46bac5733,A,A,COL,3,R2,ORG,2
bbbec15e-0549-4c1b-83d5-01d46bac5733,A,A,COL,3,R2,USER,3
fc5647fa-0a2e-48fc-b51a-1199aa4f2533,H,H3,ADV,1,R1,CTRL,1
fc5647fa-0a2e-48fc-b51a-1199aa4f2533,H,H3,ADV,1,R1,ORG,3
fc5647fa-0a2e-48fc-b51a-1199aa4f2533,H,H3,ADV,1,R1,USER,2
fc5647fa-0a2e-48fc-b51a-1199aa4f2533,H,H3,ADV,1,R2,CTRL,1
fc5647fa-0a2e-48fc-b51a-1199aa4f2533,H,H3,ADV,1,R2,ORG,2
fc5647fa-0a2e-48fc-b51a-1199aa4f2533,H,H3,ADV,1,R2,USER,3
fc5647fa-0a2e-48fc-b51a-1199aa4f2533,H,H3,REL,2,R1,CTRL,1
fc5647fa-0a2e-48fc-b51a-1199aa4f2533,H,H3,REL,2,R1,ORG,2
fc5647fa-0a2e-48fc-b51a-1199aa4f2533,H,H3,REL,2,R1,USER,3
fc5647fa-0a2e-48fc-b51a-1199aa4f2533,H,H3,REL,2,R2,CTRL,1
fc5647fa-0a2e-48fc-b51a-1199aa4f2533,H,H3,REL,2,R2,ORG,2
fc5647fa-0a2e-48fc-b51a-1199aa4f2533,H,H3,REL,2,R2,USER,3
fc5647fa-0a2e-48fc-b51a-1199aa4f2533,H,H3,COL,3,R1,CTRL,2
fc5647fa-0a2e-48fc-b51a-1199aa4f2533,H,H3,COL,3,R1,ORG,1
fc5647fa-0a2e-48fc-b51a-1199aa4f2533,H,H3,COL,3,R1,USER,3
fc5647fa-0a2e-48fc-b51a-1199aa4f2533,H,H3,COL,3,R2,CTRL,2
fc5647fa-0a2e-48fc-b51a-1199aa4f2533,H,H3,COL,3,R2,ORG,1
fc5647fa-0a2e-48fc-b51a-1199aa4f2533,H,H3,COL,3,R2,USER,3
22c7202f-eff8-4f8b-967b-3aa7f87846f0,H,H3,REL,1,R1,CTRL,1
22c7202f-eff8-4f8b-967b-3aa7f87846f0,H,H3,REL,1,R1,ORG,2
22c7202f-eff8-4f8b-967b-3aa7f87846f0,H,H3,REL,1,R1,USER,3
22c7202f-eff8-4f8b-967b-3aa7f87846f0,H,H3,REL,1,R2,CTRL,1
22c7202f-eff8-4f8b-967b-3aa7f87846f0,H,H3,REL,1,R2,ORG,2
22c7202f-eff8-4f8b-967b-3aa7f87846f0,H,H3,REL,1,R2,USER,3
22c7202f-eff8-4f8b-967b-3aa7f87846f0,H,H3,ADV,2,R1,CTRL,1
22c7202f-eff8-4f8b-967b-3aa7f87846f0,H,H3,ADV,2,R1,ORG,3
22c7202f-eff8-4f8b-967b-3aa7f87846f0,H,H3,ADV,2,R1,USER,2
22c7202f-eff8-4f8b-967b-3aa7f87846f0,H,H3,ADV,2,R2,CTRL,1
22c7202f-eff8-4f8b-967b-3aa7f87846f0,H,H3,ADV,2,R2,ORG,3
22c7202f-eff8-4f8b-967b-3aa7f87846f0,H,H3,ADV,2,R2,USER,2
22c7202f-eff8-4f8b-967b-3aa7f87846f0,H,H3,COL,3,R1,CTRL,1
22c7202f-eff8-4f8b-967b-3aa7f87846f0,H,H3,COL,3,R1,ORG,3
22c7202f-eff8-4f8b-967b-3aa7f87846f0,H,H3,COL,3,R1,USER,2
22c7202f-eff8-4f8b-967b-3aa7f87846f0,H,H3,COL,3,R2,CTRL,1
22c7202f-eff8-4f8b-967b-3aa7f87846f0,H,H3,COL,3,R2,ORG,3
22c7202f-eff8-4f8b-967b-3aa7f87846f0,H,H3,COL,3,R2,USER,2
0ae37695-7ca1-40f0-9da0-6ece9b1c13c5,HA,HA1,COL,1,R1,CTRL,2
0ae37695-7ca1-40f0-9da0-6ece9b1c13c5,HA,HA1,COL,1,R1,AI,3
0ae37695-7ca1-40f0-9da0-6ece9b1c13c5,HA,HA1,COL,1,R1,ORG,4
0ae37695-7ca1-40f0-9da0-6ece9b1c13c5,HA,HA1,COL,1,R1,USER,1
0ae37695-7ca1-40f0-9da0-6ece9b1c13c5,HA,HA1,COL,1,R2,CTRL,3
0ae37695-7ca1-40f0-9da0-6ece9b1c13c5,HA,HA1,COL,1,R2,AI,2
0ae37695-7ca1-40f0-9da0-6ece9b1c13c5,HA,HA1,COL,1,R2,ORG,4
0ae37695-7ca1-40f0-9da0-6ece9b1c13c5,HA,HA1,COL,1,R2,USER,1
0ae37695-7ca1-40f0-9da0-6ece9b1c13c5,HA,HA1,REL,2,R1,CTRL,1
0ae37695-7ca1-40f0-9da0-6ece9b1c13c5,HA,HA1,REL,2,R1,AI,3
0ae37695-7ca1-40f0-9da0-6ece9b1c13c5,HA,HA1,REL,2,R1,ORG,2
0ae37695-7ca1-40f0-9da0-6ece9b1c13c5,HA,HA1,REL,2,R1,USER,4
0ae37695-7ca1-40f0-9da0-6ece9b1c13c5,HA,HA1,REL,2,R2,CTRL,2
0ae37695-7ca1-40f0-9da0-6ece9b1c13c5,HA,HA1,REL,2,R2,AI,3
0ae37695-7ca1-40f0-9da0-6ece9b1c13c5,HA,HA1,REL,2,R2,ORG,4
0ae37695-7ca1-40f0-9da0-6ece9b1c13c5,HA,HA1,REL,2,R2,USER,1
0ae37695-7ca1-40f0-9da0-6ece9b1c13c5,HA,HA1,ADV,3,R1,CTRL,2
0ae37695-7ca1-40f0-9da0-6ece9b1c13c5,HA,HA1,ADV,3,R1,AI,3
0ae37695-7ca1-40f0-9da0-6ece9b1c13c5,HA,HA1,ADV,3,R1,ORG,4
0ae37695-7ca1-40f0-9da0-6ece9b1c13c5,HA,HA1,ADV,3,R1,USER,1
0ae37695-7ca1-40f0-9da0-6ece9b1c13c5,HA,HA1,ADV,3,R2,CTRL,2
0ae37695-7ca1-40f0-9da0-6ece9b1c13c5,HA,HA1,ADV,3,R2,AI,3
0ae37695-7ca1-40f0-9da0-6ece9b1c13c5,HA,HA1,ADV,3,R2,ORG,4
0ae37695-7ca1-40f0-9da0-6ece9b1c13c5,HA,HA1,ADV,3,R2,USER,1
70ec672e-5494-4216-ac77-bc33eb080e53,HA,HA1,ADV,1,R1,CTRL,2
70ec672e-5494-4216-ac77-bc33eb080e53,HA,HA1,ADV,1,R1,AI,1
70ec672e-5494-4216-ac77-bc33eb080e53,HA,HA1,ADV,1,R1,ORG,3
70ec672e-5494-4216-ac77-bc33eb080e53,HA,HA1,ADV,1,R1,USER,4
70ec672e-5494-4216-ac77-bc33eb080e53,HA,HA1,ADV,1,R2,CTRL,2
70ec672e-5494-4216-ac77-bc33eb080e53,HA,HA1,ADV,1,R2,AI,1
70ec672e-5494-4216-ac77-bc33eb080e53,HA,HA1,ADV,1,R2,ORG,3
70ec672e-5494-4216-ac77-bc33eb080e53,HA,HA1,ADV,1,R2,USER,4
70ec672e-5494-4216-ac77-bc33eb080e53,HA,HA1,REL,2,R1,CTRL,1
70ec672e-5494-4216-ac77-bc33eb080e53,HA,HA1,REL,2,R1,AI,2
70ec672e-5494-4216-ac77-bc33eb080e53,HA,HA1,REL,2,R1,ORG,3
70ec672e-5494-4216-ac77-bc33eb080e53,HA,HA1,REL,2,R1,USER,4
70ec672e-5494-4216-ac77-bc33eb080e53,HA,HA1,REL,2,R2,CTRL,1
70ec672e-5494-4216-ac77-bc33eb080e53,HA,HA1,REL,2,R2,AI,2
70ec672e-5494-4216-ac77-bc33eb080e53,HA,HA1,REL,2,R2,ORG,3
70ec672e-5494-4216-ac77-bc33eb080e53,HA,HA1,REL,2,R2,USER,4
70ec672e-5494-4216-ac77-bc33eb080e53,HA,HA1,COL,3,R1,CTRL,3
70ec672e-5494-4216-ac77-bc33eb080e53,HA,HA1,COL,3,R1,AI,1
70ec672e-5494-4216-ac77-bc33eb080e53,HA,HA1,COL,3,R1,ORG,2
70ec672e-5494-4216-ac77-bc33eb080e53,HA,HA1,COL,3,R1,USER,4
70ec672e-5494-4216-ac77-bc33eb080e53,HA,HA1,COL,3,R2,CTRL,3
70ec672e-5494-4216-ac77-bc33eb080e53,HA,HA1,COL,3,R2,AI,1
70ec672e-5494-4216-ac77-bc33eb080e53,HA,HA1,COL,3,R2,ORG,2
70ec672e-5494-4216-ac77-bc33eb080e53,HA,HA1,COL,3,R2,USER,4
1b90a3f2-3a52-425f-9ef5-fd87a2e4e065,HA,HA2,ADV,1,R1,CTRL,1
1b90a3f2-3a52-425f-9ef5-fd87a2e4e065,HA,HA2,ADV,1,R1,AI,3
1b90a3f2-3a52-425f-9ef5-fd87a2e4e065,HA,HA2,ADV,1,R1,ORG,2
1b90a3f2-3a52-425f-9ef5-fd87a2e4e065,HA,HA2,ADV,1,R1,USER,4
1b90a3f2-3a52-425f-9ef5-fd87a2e4e065,HA,HA2,ADV,1,R2,CTRL,1
1b90a3f2-3a52-425f-9ef5-fd87a2e4e065,HA,HA2,ADV,1,R2,AI,2
1b90a3f2-3a52-425f-9ef5-fd87a2e4e065,HA,HA2,ADV,1,R2,ORG,3
1b90a3f2-3a52-425f-9ef5-fd87a2e4e065,HA,HA2,ADV,1,R2,USER,4
1b90a3f2-3a52-425f-9ef5-fd87a2e4e065,HA,HA2,REL,2,R1,CTRL,1
1b90a3f2-3a52-425f-9ef5-fd87a2e4e065,HA,HA2,REL,2,R1,AI,2
1b90a3f2-3a52-425f-9ef5-fd87a2e4e065,HA,HA2,REL,2,R1,ORG,3
1b90a3f2-3a52-425f-9ef5-fd87a2e4e065,HA,HA2,REL,2,R1,USER,4
1b90a3f2-3a52-425f-9ef5-fd87a2e4e065,HA,HA2,REL,2,R2,CTRL,1
1b90a3f2-3a52-425f-9ef5-fd87a2e4e065,HA,HA2,REL,2,R2,AI,2
1b90a3f2-3a52-425f-9ef5-fd87a2e4e065,HA,HA2,REL,2,R2,ORG,3
1b90a3f2-3a52-425f-9ef5-fd87a2e4e065,HA,HA2,REL,2,R2,USER,4
1b90a3f2-3a52-425f-9ef5-fd87a2e4e065,HA,HA2,COL,3,R1,CTRL,1
1b90a3f2-3a52-425f-9ef5-fd87a2e4e065,HA,HA2,COL,3,R1,AI,2
1b90a3f2-3a52-425f-9ef5-fd87a2e4e065,HA,HA2,COL,3,R1,ORG,3
1b90a3f2-3a52-425f-9ef5-fd87a2e4e065,HA,HA2,COL,3,R1,USER,4
1b90a3f2-3a52-425f-9ef5-fd87a2e4e065,HA,HA2,COL,3,R2,CTRL,1
1b90a3f2-3a52-425f-9ef5-fd87a2e4e065,HA,HA2,COL,3,R2,AI,2
1b90a3f2-3a52-425f-9ef5-fd87a2e4e065,HA,HA2,COL,3,R2,ORG,3
1b90a3f2-3a52-425f-9ef5-fd87a2e4e065,HA,HA2,COL,3,R2,USER,4
9e50a53c-32b9-4643-bec5-9d821233ed01,H,H3,ADV,1,R1,CTRL,3
9e50a53c-32b9-4643-bec5-9d821233ed01,H,H3,ADV,1,R1,ORG,1
9e50a53c-32b9-4643-bec5-9d821233ed01,H,H3,ADV,1,R1,USER,2
9e50a53c-32b9-4643-bec5-9d821233ed01,H,H3,ADV,1,R2,CTRL,2
9e50a53c-32b9-4643-bec5-9d821233ed01,H,H3,ADV,1,R2,ORG,1
9e50a53c-32b9-4643-bec5-9d821233ed01,H,H3,ADV,1,R2,USER,3
9e50a53c-32b9-4643-bec5-9d821233ed01,H,H3,COL,2,R1,CTRL,2
9e50a53c-32b9-4643-bec5-9d821233ed01,H,H3,COL,2,R1,ORG,1
9e50a53c-32b9-4643-bec5-9d821233ed01,H,H3,COL,2,R1,USER,3
9e50a53c-32b9-4643-bec5-9d821233ed01,H,H3,COL,2,R2,CTRL,2
9e50a53c-32b9-4643-bec5-9d821233ed01,H,H3,COL,2,R2,ORG,1
9e50a53c-32b9-4643-bec5-9d821233ed01,H,H3,COL,2,R2,USER,3
9e50a53c-32b9-4643-bec5-9d821233ed01,H,H3,REL,3,R1,CTRL,3
9e50a53c-32b9-4643-bec5-9d821233ed01,H,H3,REL,3,R1,ORG,1
9e50a53c-32b9-4643-bec5-9d821233ed01,H,H3,REL,3,R1,USER,2
9e50a53c-32b9-4643-bec5-9d821233ed01,H,H3,REL,3,R2,CTRL,3
9e50a53c-32b9-4643-bec5-9d821233ed01,H,H3,REL,3,R2,ORG,1
9e50a53c-32b9-4643-bec5-9d821233ed01,H,H3,REL,3,R2,USER,2
9fc04c6e-5db1-42a3-a776-b74a9b542b28,HA,HA2,COL,1,R1,CTRL,4
9fc04c6e-5db1-42a3-a776-b74a9b542b28,HA,HA2,COL,1,R1,AI,1
9fc04c6e-5db1-42a3-a776-b74a9b542b28,HA,HA2,COL,1,R1,ORG,2
9fc04c6e-5db1-42a3-a776-b74a9b542b28,HA,HA2,COL,1,R1,USER,3
9fc04c6e-5db1-42a3-a776-b74a9b542b28,HA,HA2,COL,1,R2,CTRL,3
9fc04c6e-5db1-42a3-a776-b74a9b542b28,HA,HA2,COL,1,R2,AI,1
9fc04c6e-5db1-42a3-a776-b74a9b542b28,HA,HA2,COL,1,R2,ORG,2
9fc04c6e-5db1-42a3-a776-b74a9b542b28,HA,HA2,COL,1,R2,USER,4
9fc04c6e-5db1-42a3-a776-b74a9b542b28,HA,HA2,REL,2,R1,CTRL,3
9fc04c6e-5db1-42a3-a776-b74a9b542b28,HA,HA2,REL,2,R1,AI,2
9fc04c6e-5db1-42a3-a776-b74a9b542b28,HA,HA2,REL,2,R1,ORG,1
9fc04c6e-5db1-42a3-a776-b74a9b542b28,HA,HA2,REL,2,R1,USER,4
9fc04c6e-5db1-42a3-a776-b74a9b542b28,HA,HA2,REL,2,R2,CTRL,3
9fc04c6e-5db1-42a3-a776-b74a9b542b28,HA,HA2,REL,2,R2,AI,2
9fc04c6e-5db1-42a3-a776-b74a9b542b28,HA,HA2,REL,2,R2,ORG,1
9fc04c6e-5db1-42a3-a776-b74a9b542b28,HA,HA2,REL,2,R2,USER,4
9fc04c6e-5db1-42a3-a776-b74a9b542b28,HA,HA2,ADV,3,R1,CTRL,3
9fc04c6e-5db1-42a3-a776-b74a9b542b28,HA,HA2,ADV,3,R1,AI,1
9fc04c6e-5db1-42a3-a776-b74a9b542b28,HA,HA2,ADV,3,R1,ORG,2
9fc04c6e-5db1-42a3-a776-b74a9b542b28,HA,HA2,ADV,3,R1,USER,4
9fc04c6e-5db1-42a3-a776-b74a9b542b28,HA,HA2,ADV,3,R2,CTRL,3
9fc04c6e-5db1-42a3-a776-b74a9b542b28,HA,HA2,ADV,3,R2,AI,1
9fc04c6e-5db1-42a3-a776-b74a9b542b28,HA,HA2,ADV,3,R2,ORG,2
9fc04c6e-5db1-42a3-a776-b74a9b542b28,HA,HA2,ADV,3,R2,USER,4
76840103-ca5d-4938-a155-5de0113c2a12,H,H1,REL,1,R1,CTRL,1
76840103-ca5d-4938-a155-5de0113c2a12,H,H1,REL,1,R1,ORG,2
76840103-ca5d-4938-a155-5de0113c2a12,H,H1,REL,1,R1,USER,3
76840103-ca5d-4938-a155-5de0113c2a12,H,H1,REL,1,R2,CTRL,1
76840103-ca5d-4938-a155-5de0113c2a12,H,H1,REL,1,R2,ORG,2
76840103-ca5d-4938-a155-5de0113c2a12,H,H1,REL,1,R2,USER,3
76840103-ca5d-4938-a155-5de0113c2a12,H,H1,COL,2,R1,CTRL,1
76840103-ca5d-4938-a155-5de0113c2a12,H,H1,COL,2,R1,ORG,2
76840103-ca5d-4938-a155-5de0113c2a12,H,H1,COL,2,R1,USER,3
76840103-ca5d-4938-a155-5de0113c2a12,H,H1,COL,2,R2,CTRL,2
76840103-ca5d-4938-a155-5de0113c2a12,H,H1,COL,2,R2,ORG,3
76840103-ca5d-4938-a155-5de0113c2a12,H,H1,COL,2,R2,USER,1
76840103-ca5d-4938-a155-5de0113c2a12,H,H1,ADV,3,R1,CTRL,1
76840103-ca5d-4938-a155-5de0113c2a12,H,H1,ADV,3,R1,ORG,2
76840103-ca5d-4938-a155-5de0113c2a12,H,H1,ADV,3,R1,USER,3
76840103-ca5d-4938-a155-5de0113c2a12,H,H1,ADV,3,R2,CTRL,1
76840103-ca5d-4938-a155-5de0113c2a12,H,H1,ADV,3,R2,ORG,2
76840103-ca5d-4938-a155-5de0113c2a12,H,H1,ADV,3,R2,USER,3
8bd02386-7e9e-4ce5-8a24-504aeae14c10,A,A,ADV,1,R1,AI,3
8bd02386-7e9e-4ce5-8a24-504aeae14c10,A,A,ADV,1,R1,ORG,1
8bd02386-7e9e-4ce5-8a24-504aeae14c10,A,A,ADV,1,R1,USER,2
8bd02386-7e9e-4ce5-8a24-504aeae14c10,A,A,ADV,1,R2,AI,1
8bd02386-7e9e-4ce5-8a24-504aeae14c10,A,A,ADV,1,R2,ORG,3
8bd02386-7e9e-4ce5-8a24-504aeae14c10,A,A,ADV,1,R2,USER,2
8bd02386-7e9e-4ce5-8a24-504aeae14c10,A,A,COL,2,R1,AI,1
8bd02386-7e9e-4ce5-8a24-504aeae14c10,A,A,COL,2,R1,ORG,3
8bd02386-7e9e-4ce5-8a24-504aeae14c10,A,A,COL,2,R1,USER,2
8bd02386-7e9e-4ce5-8a24-504aeae14c10,A,A,COL,2,R2,AI,1
8bd02386-7e9e-4ce5-8a24-504aeae14c10,A,A,COL,2,R2,ORG,2
8bd02386-7e9e-4ce5-8a24-504aeae14c10,A,A,COL,2,R2,USER,3
8bd02386-7e9e-4ce5-8a24-504aeae14c10,A,A,REL,3,R1,AI,1
8bd02386-7e9e-4ce5-8a24-504aeae14c10,A,A,REL,3,R1,ORG,2
8bd02386-7e9e-4ce5-8a24-504aeae14c10,A,A,REL,3,R1,USER,3
8bd02386-7e9e-4ce5-8a24-504aeae14c10,A,A,REL,3,R2,AI,1
8bd02386-7e9e-4ce5-8a24-504aeae14c10,A,A,REL,3,R2,ORG,3
8bd02386-7e9e-4ce5-8a24-504aeae14c10,A,A,REL,3,R2,USER,2
087fd503-6718-44d4-b3d7-ff44a2e6ff7c,HA,HA2,REL,1,R1,CTRL,4
087fd503-6718-44d4-b3d7-ff44a2e6ff7c,HA,HA2,REL,1,R1,AI,3
087fd503-6718-44d4-b3d7-ff44a2e6ff7c,HA,HA2,REL,1,R1,ORG,1
087fd503-6718-44d4-b3d7-ff44a2e6ff7c,HA,HA2,REL,1,R1,USER,2
087fd503-6718-44d4-b3d7-ff44a2e6ff7c,HA,HA2,REL,1,R2,CTRL,4
087fd503-6718-44d4-b3d7-ff44a2e6ff7c,HA,HA2,REL,1,R2,AI,3
087fd503-6718-44d4-b3d7-ff44a2e6ff7c,HA,HA2,REL,1,R2,ORG,1
087fd503-6718-44d4-b3d7-ff44a2e6ff7c,HA,HA2,REL,1,R2,USER,2
087fd503-6718-44d4-b3d7-ff44a2e6ff7c,HA,HA2,COL,2,R1,CTRL,3
087fd503-6718-44d4-b3d7-ff44a2e6ff7c,HA,HA2,COL,2,R1,AI,4
087fd503-6718-44d4-b3d7-ff44a2e6ff7c,HA,HA2,COL,2,R1,ORG,2
087fd503-6718-44d4-b3d7-ff44a2e6ff7c,HA,HA2,COL,2,R1,USER,1
087fd503-6718-44d4-b3d7-ff44a2e6ff7c,HA,HA2,COL,2,R2,CTRL,4
087fd503-6718-44d4-b3d7-ff44a2e6ff7c,HA,HA2,COL,2,R2,AI,3
087fd503-6718-44d4-b3d7-ff44a2e6ff7c,HA,HA2,COL,2,R2,ORG,2
087fd503-6718-44d4-b3d7-ff44a2e6ff7c,HA,HA2,COL,2,R2,USER,1
087fd503-6718-44d4-b3d7-ff44a2e6ff7c,HA,HA2,ADV,3,R1,CTRL,2
087fd503-6718-44d4-b3d7-ff44a2e6ff7c,HA,HA2,ADV,3,R1,AI,4
087fd503-6718-44d4-b3d7-ff44a2e6ff7c,HA,HA2,ADV,3,R1,ORG,1
087fd503-6718-44d4-b3d7-ff44a2e6ff7c,HA,HA2,ADV,3,R1,USER,3
087fd503-6718-44d4-b3d7-ff44a2e6ff7c,HA,HA2,ADV,3,R2,CTRL,4
087fd503-6718-44d4-b3d7-ff44a2e6ff7c,HA,HA2,ADV,3,R2,AI,3
087fd503-6718-44d4-b3d7-ff44a2e6ff7c,HA,HA2,ADV,3,R2,ORG,2
087fd503-6718-44d4-b3d7-ff44a2e6ff7c,HA,HA2,ADV,3,R2,USER,1
20fa18e5-b8ef-42f0-b2ff-1f5586f5ade4,HA,HA1,REL,1,R1,CTRL,1
20fa18e5-b8ef-42f0-b2ff-1f5586f5ade4,HA,HA1,REL,1,R1,AI,2
20fa18e5-b8ef-42f0-b2ff-1f5586f5ade4,HA,HA1,REL,1,R1,ORG,4
20fa18e5-b8ef-42f0-b2ff-1f5586f5ade4,HA,HA1,REL,1,R1,USER,3
20fa18e5-b8ef-42f0-b2ff-1f5586f5ade4,HA,HA1,REL,1,R2,CTRL,1
20fa18e5-b8ef-42f0-b2ff-1f5586f5ade4,HA,HA1,REL,1,R2,AI,4
20fa18e5-b8ef-42f0-b2ff-1f5586f5ade4,HA,HA1,REL,1,R2,ORG,3
20fa18e5-b8ef-42f0-b2ff-1f5586f5ade4,HA,HA1,REL,1,R2,USER,2
20fa18e5-b8ef-42f0-b2ff-1f5586f5ade4,HA,HA1,COL,2,R1,CTRL,1
20fa18e5-b8ef-42f0-b2ff-1f5586f5ade4,HA,HA1,COL,2,R1,AI,3
20fa18e5-b8ef-42f0-b2ff-1f5586f5ade4,HA,HA1,COL,2,R1,ORG,4
20fa18e5-b8ef-42f0-b2ff-1f5586f5ade4,HA,HA1,COL,2,R1,USER,2
20fa18e5-b8ef-42f0-b2ff-1f5586f5ade4,HA,HA1,COL,2,R2,CTRL,1
20fa18e5-b8ef-42f0-b2ff-1f5586f5ade4,HA,HA1,COL,2,R2,AI,3
20fa18e5-b8ef-42f0-b2ff-1f5586f5ade4,HA,HA1,COL,2,R2,ORG,4
20fa18e5-b8ef-42f0-b2ff-1f5586f5ade4,HA,HA1,COL,2,R2,USER,2
20fa18e5-b8ef-42f0-b2ff-1f5586f5ade4,HA,HA1,ADV,3,R1,CTRL,1
20fa18e5-b8ef-42f0-b2ff-1f5586f5ade4,HA,HA1,ADV,3,R1,AI,3
20fa18e5-b8ef-42f0-b2ff-1f5586f5ade4,HA,HA1,ADV,3,R1,ORG,4
20fa18e5-b8ef-42f0-b2ff-1f5586f5ade4,HA,HA1,ADV,3,R1,USER,2
20fa18e5-b8ef-42f0-b2ff-1f5586f5ade4,HA,HA1,ADV,3,R2,CTRL,1
20fa18e5-b8ef-42f0-b2ff-1f5586f5ade4,HA,HA1,ADV,3,R2,AI,2
20fa18e5-b8ef-42f0-b2ff-1f5586f5ade4,HA,HA1,ADV,3,R2,ORG,4
20fa18e5-b8ef-42f0-b2ff-1f5586f5ade4,HA,HA1,ADV,3,R2,USER,3
92bee81a-e574-4799-a437-fc31274cabe6,HA,HA3,COL,1,R1,CTRL,3
92bee81a-e574-4799-a437-fc31274cabe6,HA,HA3,COL,1,R1,AI,4
92bee81a-e574-4799-a437-fc31274cabe6,HA,HA3,COL,1,R1,ORG,2
92bee81a-e574-4799-a437-fc31274cabe6,HA,HA3,COL,1,R1,USER,1
92bee81a-e574-4799-a437-fc31274cabe6,HA,HA3,COL,1,R2,CTRL,2
92bee81a-e574-4799-a437-fc31274cabe6,HA,HA3,COL,1,R2,AI,3
92bee81a-e574-4799-a437-fc31274cabe6,HA,HA3,COL,1,R2,ORG,4
92bee81a-e574-4799-a437-fc31274cabe6,HA,HA3,COL,1,R2,USER,1
92bee81a-e574-4799-a437-fc31274cabe6,HA,HA3,REL,2,R1,CTRL,2
92bee81a-e574-4799-a437-fc31274cabe6,HA,HA3,REL,2,R1,AI,3
92bee81a-e574-4799-a437-fc31274cabe6,HA,HA3,REL,2,R1,ORG,4
92bee81a-e574-4799-a437-fc31274cabe6,HA,HA3,REL,2,R1,USER,1
92bee81a-e574-4799-a437-fc31274cabe6,HA,HA3,REL,2,R2,CTRL,2
92bee81a-e574-4799-a437-fc31274cabe6,HA,HA3,REL,2,R2,AI,3
92bee81a-e574-4799-a437-fc31274cabe6,HA,HA3,REL,2,R2,ORG,4
92bee81a-e574-4799-a437-fc31274cabe6,HA,HA3,REL,2,R2,USER,1
92bee81a-e574-4799-a437-fc31274cabe6,HA,HA3,ADV,3,R1,CTRL,2
92bee81a-e574-4799-a437-fc31274cabe6,HA,HA3,ADV,3,R1,AI,3
92bee81a-e574-4799-a437-fc31274cabe6,HA,HA3,ADV,3,R1,ORG,4
92bee81a-e574-4799-a437-fc31274cabe6,HA,HA3,ADV,3,R1,USER,1
92bee81a-e574-4799-a437-fc31274cabe6,HA,HA3,ADV,3,R2,CTRL,2
92bee81a-e574-4799-a437-fc31274cabe6,HA,HA3,ADV,3,R2,AI,3
92bee81a-e574-4799-a437-fc31274cabe6,HA,HA3,ADV,3,R2,ORG,4
92bee81a-e574-4799-a437-fc31274cabe6,HA,HA3,ADV,3,R2,USER,1
6764b118-1853-4259-8db8-aa556a159c03,H,H1,COL,1,R1,CTRL,1
6764b118-1853-4259-8db8-aa556a159c03,H,H1,COL,1,R1,ORG,2
6764b118-1853-4259-8db8-aa556a159c03,H,H1,COL,1,R1,USER,3
6764b118-1853-4259-8db8-aa556a159c03,H,H1,COL,1,R2,CTRL,1
6764b118-1853-4259-8db8-aa556a159c03,H,H1,COL,1,R2,ORG,3
6764b118-1853-4259-8db8-aa556a159c03,H,H1,COL,1,R2,USER,2
6764b118-1853-4259-8db8-aa556a159c03,H,H1,ADV,2,R1,CTRL,2
6764b118-1853-4259-8db8-aa556a159c03,H,H1,ADV,2,R1,ORG,3
6764b118-1853-4259-8db8-aa556a159c03,H,H1,ADV,2,R1,USER,1
6764b118-1853-4259-8db8-aa556a159c03,H,H1,ADV,2,R2,CTRL,1
6764b118-1853-4259-8db8-aa556a159c03,H,H1,ADV,2,R2,ORG,3
6764b118-1853-4259-8db8-aa556a159c03,H,H1,ADV,2,R2,USER,2
6764b118-1853-4259-8db8-aa556a159c03,H,H1,REL,3,R1,CTRL,2
6764b118-1853-4259-8db8-aa556a159c03,H,H1,REL,3,R1,ORG,3
6764b118-1853-4259-8db8-aa556a159c03,H,H1,REL,3,R1,USER,1
6764b118-1853-4259-8db8-aa556a159c03,H,H1,REL,3,R2,CTRL,2
6764b118-1853-4259-8db8-aa556a159c03,H,H1,REL,3,R2,ORG,3
6764b118-1853-4259-8db8-aa556a159c03,H,H1,REL,3,R2,USER,1
4915c0fa-f664-4cd9-ba14-5fa017238808,H,H3,REL,1,R1,CTRL,1
4915c0fa-f664-4cd9-ba14-5fa017238808,H,H3,REL,1,R1,ORG,3
4915c0fa-f664-4cd9-ba14-5fa017238808,H,H3,REL,1,R1,USER,2
4915c0fa-f664-4cd9-ba14-5fa017238808,H,H3,REL,1,R2,CTRL,1
4915c0fa-f664-4cd9-ba14-5fa017238808,H,H3,REL,1,R2,ORG,2
4915c0fa-f664-4cd9-ba14-5fa017238808,H,H3,REL,1,R2,USER,3
4915c0fa-f664-4cd9-ba14-5fa017238808,H,H3,COL,2,R1,CTRL,1
4915c0fa-f664-4cd9-ba14-5fa017238808,H,H3,COL,2,R1,ORG,3
4915c0fa-f664-4cd9-ba14-5fa017238808,H,H3,COL,2,R1,USER,2
4915c0fa-f664-4cd9-ba14-5fa017238808,H,H3,COL,2,R2,CTRL,1
4915c0fa-f664-4cd9-ba14-5fa017238808,H,H3,COL,2,R2,ORG,2
4915c0fa-f664-4cd9-ba14-5fa017238808,H,H3,COL,2,R2,USER,3
4915c0fa-f664-4cd9-ba14-5fa017238808,H,H3,ADV,3,R1,CTRL,2
4915c0fa-f664-4cd9-ba14-5fa017238808,H,H3,ADV,3,R1,ORG,3
4915c0fa-f664-4cd9-ba14-5fa017238808,H,H3,ADV,3,R1,USER,1
4915c0fa-f664-4cd9-ba14-5fa017238808,H,H3,ADV,3,R2,CTRL,1
4915c0fa-f664-4cd9-ba14-5fa017238808,H,H3,ADV,3,R2,ORG,2
4915c0fa-f664-4cd9-ba14-5fa017238808,H,H3,ADV,3,R2,USER,3
55470eb6-c469-4a05-8d39-f338ad8b3b09,HA,HA3,COL,1,R1,CTRL,1
55470eb6-c469-4a05-8d39-f338ad8b3b09,HA,HA3,COL,1,R1,AI,2
55470eb6-c469-4a05-8d39-f338ad8b3b09,HA,HA3,COL,1,R1,ORG,4
55470eb6-c469-4a05-8d39-f338ad8b3b09,HA,HA3,COL,1,R1,USER,3
55470eb6-c469-4a05-8d39-f338ad8b3b09,HA,HA3,COL,1,R2,CTRL,1
55470eb6-c469-4a05-8d39-f338ad8b3b09,HA,HA3,COL,1,R2,AI,3
55470eb6-c469-4a05-8d39-f338ad8b3b09,HA,HA3,COL,1,R2,ORG,2
55470eb6-c469-4a05-8d39-f338ad8b3b09,HA,HA3,COL,1,R2,USER,4
55470eb6-c469-4a05-8d39-f338ad8b3b09,HA,HA3,ADV,2,R1,CTRL,3
55470eb6-c469-4a05-8d39-f338ad8b3b09,HA,HA3,ADV,2,R1,AI,2
55470eb6-c469-4a05-8d39-f338ad8b3b09,HA,HA3,ADV,2,R1,ORG,4
55470eb6-c469-4a05-8d39-f338ad8b3b09,HA,HA3,ADV,2,R1,USER,1
55470eb6-c469-4a05-8d39-f338ad8b3b09,HA,HA3,ADV,2,R2,CTRL,4
55470eb6-c469-4a05-8d39-f338ad8b3b09,HA,HA3,ADV,2,R2,AI,2
55470eb6-c469-4a05-8d39-f338ad8b3b09,HA,HA3,ADV,2,R2,ORG,3
55470eb6-c469-4a05-8d39-f338ad8b3b09,HA,HA3,ADV,2,R2,USER,1
55470eb6-c469-4a05-8d39-f338ad8b3b09,HA,HA3,REL,3,R1,CTRL,4
55470eb6-c469-4a05-8d39-f338ad8b3b09,HA,HA3,REL,3,R1,AI,2
55470eb6-c469-4a05-8d39-f338ad8b3b09,HA,HA3,REL,3,R1,ORG,1
55470eb6-c469-4a05-8d39-f338ad8b3b09,HA,HA3,REL,3,R1,USER,3
55470eb6-c469-4a05-8d39-f338ad8b3b09,HA,HA3,REL,3,R2,CTRL,4
55470eb6-c469-4a05-8d39-f338ad8b3b09,HA,HA3,REL,3,R2,AI,2
55470eb6-c469-4a05-8d39-f338ad8b3b09,HA,HA3,REL,3,R2,ORG,1
55470eb6-c469-4a05-8d39-f338ad8b3b09,HA,HA3,REL,3,R2,USER,3
882e8ec7-e758-4bfe-9bb1-0bc1810d413d,H,H3,COL,1,R1,CTRL,1
882e8ec7-e758-4bfe-9bb1-0bc1810d413d,H,H3,COL,1,R1,ORG,2
882e8ec7-e758-4bfe-9bb1-0bc1810d413d,H,H3,COL,1,R1,USER,3
882e8ec7-e758-4bfe-9bb1-0bc1810d413d,H,H3,COL,1,R2,CTRL,1
882e8ec7-e758-4bfe-9bb1-0bc1810d413d,H,H3,COL,1,R2,ORG,3
882e8ec7-e758-4bfe-9bb1-0bc1810d413d,H,H3,COL,1,R2,USER,2
882e8ec7-e758-4bfe-9bb1-0bc1810d413d,H,H3,ADV,2,R1,CTRL,1
882e8ec7-e758-4bfe-9bb1-0bc1810d413d,H,H3,ADV,2,R1,ORG,3
882e8ec7-e758-4bfe-9bb1-0bc1810d413d,H,H3,ADV,2,R1,USER,2
882e8ec7-e758-4bfe-9bb1-0bc1810d413d,H,H3,ADV,2,R2,CTRL,1
882e8ec7-e758-4bfe-9bb1-0bc1810d413d,H,H3,ADV,2,R2,ORG,3
882e8ec7-e758-4bfe-9bb1-0bc1810d413d,H,H3,ADV,2,R2,USER,2
882e8ec7-e758-4bfe-9bb1-0bc1810d413d,H,H3,REL,3,R1,CTRL,1
882e8ec7-e758-4bfe-9bb1-0bc1810d413d,H,H3,REL,3,R1,ORG,2
882e8ec7-e758-4bfe-9bb1-0bc1810d413d,H,H3,REL,3,R1,USER,3
882e8ec7-e758-4bfe-9bb1-0bc1810d413d,H,H3,REL,3,R2,CTRL,1
882e8ec7-e758-4bfe-9bb1-0bc1810d413d,H,H3,REL,3,R2,ORG,3
882e8ec7-e758-4bfe-9bb1-0bc1810d413d,H,H3,REL,3,R2,USER,2
83cd3ada-a908-4ffe-8c88-2805d82ce704,HA,HA1,REL,1,R1,CTRL,1
83cd3ada-a908-4ffe-8c88-2805d82ce704,HA,HA1,REL,1,R1,AI,4
83cd3ada-a908-4ffe-8c88-2805d82ce704,HA,HA1,REL,1,R1,ORG,3
83cd3ada-a908-4ffe-8c88-2805d82ce704,HA,HA1,REL,1,R1,USER,2
83cd3ada-a908-4ffe-8c88-2805d82ce704,HA,HA1,REL,1,R2,CTRL,1
83cd3ada-a908-4ffe-8c88-2805d82ce704,HA,HA1,REL,1,R2,AI,3
83cd3ada-a908-4ffe-8c88-2805d82ce704,HA,HA1,REL,1,R2,ORG,2
83cd3ada-a908-4ffe-8c88-2805d82ce704,HA,HA1,REL,1,R2,USER,4
83cd3ada-a908-4ffe-8c88-2805d82ce704,HA,HA1,ADV,2,R1,CTRL,1
83cd3ada-a908-4ffe-8c88-2805d82ce704,HA,HA1,ADV,2,R1,AI,3
83cd3ada-a908-4ffe-8c88-2805d82ce704,HA,HA1,ADV,2,R1,ORG,2
83cd3ada-a908-4ffe-8c88-2805d82ce704,HA,HA1,ADV,2,R1,USER,4
83cd3ada-a908-4ffe-8c88-2805d82ce704,HA,HA1,ADV,2,R2,CTRL,1
83cd3ada-a908-4ffe-8c88-2805d82ce704,HA,HA1,ADV,2,R2,AI,3
83cd3ada-a908-4ffe-8c88-2805d82ce704,HA,HA1,ADV,2,R2,ORG,2
83cd3ada-a908-4ffe-8c88-2805d82ce704,HA,HA1,ADV,2,R2,USER,4
83cd3ada-a908-4ffe-8c88-2805d82ce704,HA,HA1,COL,3,R1,CTRL,1
83cd3ada-a908-4ffe-8c88-2805d82ce704,HA,HA1,COL,3,R1,AI,3
83cd3ada-a908-4ffe-8c88-2805d82ce704,HA,HA1,COL,3,R1,ORG,2
83cd3ada-a908-4ffe-8c88-2805d82ce704,HA,HA1,COL,3,R1,USER,4
83cd3ada-a908-4ffe-8c88-2805d82ce704,HA,HA1,COL,3,R2,CTRL,1
83cd3ada-a908-4ffe-8c88-2805d82ce704,HA,HA1,COL,3,R2,AI,3
83cd3ada-a908-4ffe-8c88-2805d82ce704,HA,HA1,COL,3,R2,ORG,2
83cd3ada-a908-4ffe-8c88-2805d82ce704,HA,HA1,COL,3,R2,USER,4
64fef622-281c-430a-b551-1fef8dabf0bf,A,A,REL,1,R1,AI,3
64fef622-281c-430a-b551-1fef8dabf0bf,A,A,REL,1,R1,ORG,2
64fef622-281c-430a-b551-1fef8dabf0bf,A,A,REL,1,R1,USER,1
64fef622-281c-430a-b551-1fef8dabf0bf,A,A,REL,1,R2,AI,2
64fef622-281c-430a-b551-1fef8dabf0bf,A,A,REL,1,R2,ORG,3
64fef622-281c-430a-b551-1fef8dabf0bf,A,A,REL,1,R2,USER,1
64fef622-281c-430a-b551-1fef8dabf0bf,A,A,COL,2,R1,AI,3
64fef622-281c-430a-b551-1fef8dabf0bf,A,A,COL,2,R1,ORG,2
64fef622-281c-430a-b551-1fef8dabf0bf,A,A,COL,2,R1,USER,1
64fef622-281c-430a-b551-1fef8dabf0bf,A,A,COL,2,R2,AI,3
64fef622-281c-430a-b551-1fef8dabf0bf,A,A,COL,2,R2,ORG,2
64fef622-281c-430a-b551-1fef8dabf0bf,A,A,COL,2,R2,USER,1
64fef622-281c-430a-b551-1fef8dabf0bf,A,A,ADV,3,R1,AI,3
64fef622-281c-430a-b551-1fef8dabf0bf,A,A,ADV,3,R1,ORG,2
64fef622-281c-430a-b551-1fef8dabf0bf,A,A,ADV,3,R1,USER,1
64fef622-281c-430a-b551-1fef8dabf0bf,A,A,ADV,3,R2,AI,3
64fef622-281c-430a-b551-1fef8dabf0bf,A,A,ADV,3,R2,ORG,2
64fef622-281c-430a-b551-1fef8dabf0bf,A,A,ADV,3,R2,USER,1
d26d94ac-4113-4662-9aed-1a7869bb84dd,H,H2,REL,1,R1,CTRL,3
d26d94ac-4113-4662-9aed-1a7869bb84dd,H,H2,REL,1,R1,ORG,2
d26d94ac-4113-4662-9aed-1a7869bb84dd,H,H2,REL,1,R1,USER,1
d26d94ac-4113-4662-9aed-1a7869bb84dd,H,H2,REL,1,R2,CTRL,3
d26d94ac-4113-4662-9aed-1a7869bb84dd,H,H2,REL,1,R2,ORG,1
d26d94ac-4113-4662-9aed-1a7869bb84dd,H,H2,REL,1,R2,USER,2
d26d94ac-4113-4662-9aed-1a7869bb84dd,H,H2,ADV,2,R1,CTRL,2
d26d94ac-4113-4662-9aed-1a7869bb84dd,H,H2,ADV,2,R1,ORG,1
d26d94ac-4113-4662-9aed-1a7869bb84dd,H,H2,ADV,2,R1,USER,3
d26d94ac-4113-4662-9aed-1a7869bb84dd,H,H2,ADV,2,R2,CTRL,3
d26d94ac-4113-4662-9aed-1a7869bb84dd,H,H2,ADV,2,R2,ORG,1
d26d94ac-4113-4662-9aed-1a7869bb84dd,H,H2,ADV,2,R2,USER,2
d26d94ac-4113-4662-9aed-1a7869bb84dd,H,H2,COL,3,R1,CTRL,2
d26d94ac-4113-4662-9aed-1a7869bb84dd,H,H2,COL,3,R1,ORG,3
d26d94ac-4113-4662-9aed-1a7869bb84dd,H,H2,COL,3,R1,USER,1
d26d94ac-4113-4662-9aed-1a7869bb84dd,H,H2,COL,3,R2,CTRL,3
d26d94ac-4113-4662-9aed-1a7869bb84dd,H,H2,COL,3,R2,ORG,1
d26d94ac-4113-4662-9aed-1a7869bb84dd,H,H2,COL,3,R2,USER,2
d7533ef3-f374-428e-be04-e0f1e2b72ec0,HA,HA1,ADV,1,R1,CTRL,1
d7533ef3-f374-428e-be04-e0f1e2b72ec0,HA,HA1,ADV,1,R1,AI,3
d7533ef3-f374-428e-be04-e0f1e2b72ec0,HA,HA1,ADV,1,R1,ORG,2
d7533ef3-f374-428e-be04-e0f1e2b72ec0,HA,HA1,ADV,1,R1,USER,4
d7533ef3-f374-428e-be04-e0f1e2b72ec0,HA,HA1,ADV,1,R2,CTRL,1
d7533ef3-f374-428e-be04-e0f1e2b72ec0,HA,HA1,ADV,1,R2,AI,3
d7533ef3-f374-428e-be04-e0f1e2b72ec0,HA,HA1,ADV,1,R2,ORG,2
d7533ef3-f374-428e-be04-e0f1e2b72ec0,HA,HA1,ADV,1,R2,USER,4
d7533ef3-f374-428e-be04-e0f1e2b72ec0,HA,HA1,COL,2,R1,CTRL,1
d7533ef3-f374-428e-be04-e0f1e2b72ec0,HA,HA1,COL,2,R1,AI,3
d7533ef3-f374-428e-be04-e0f1e2b72ec0,HA,HA1,COL,2,R1,ORG,2
d7533ef3-f374-428e-be04-e0f1e2b72ec0,HA,HA1,COL,2,R1,USER,4
d7533ef3-f374-428e-be04-e0f1e2b72ec0,HA,HA1,COL,2,R2,CTRL,1
d7533ef3-f374-428e-be04-e0f1e2b72ec0,HA,HA1,COL,2,R2,AI,3
d7533ef3-f374-428e-be04-e0f1e2b72ec0,HA,HA1,COL,2,R2,ORG,2
d7533ef3-f374-428e-be04-e0f1e2b72ec0,HA,HA1,COL,2,R2,USER,4
d7533ef3-f374-428e-be04-e0f1e2b72ec0,HA,HA1,REL,3,R1,CTRL,1
d7533ef3-f374-428e-be04-e0f1e2b72ec0,HA,HA1,REL,3,R1,AI,3
d7533ef3-f374-428e-be04-e0f1e2b72ec0,HA,HA1,REL,3,R1,ORG,2
d7533ef3-f374-428e-be04-e0f1e2b72ec0,HA,HA1,REL,3,R1,USER,4
d7533ef3-f374-428e-be04-e0f1e2b72ec0,HA,HA1,REL,3,R2,CTRL,1
d7533ef3-f374-428e-be04-e0f1e2b72ec0,HA,HA1,REL,3,R2,AI,3
d7533ef3-f374-428e-be04-e0f1e2b72ec0,HA,HA1,REL,3,R2,ORG,2
d7533ef3-f374-428e-be04-e0f1e2b72ec0,HA,HA1,REL,3,R2,USER,4
8a637a82-c14e-49fe-ba54-5bd69cddef0c,A,A,REL,1,R1,AI,1
8a637a82-c14e-49fe-ba54-5bd69cddef0c,A,A,REL,1,R1,ORG,2
8a637a82-c14e-49fe-ba54-5bd69cddef0c,A,A,REL,1,R1,USER,3
8a637a82-c14e-49fe-ba54-5bd69cddef0c,A,A,REL,1,R2,AI,1
8a637a82-c14e-49fe-ba54-5bd69cddef0c,A,A,REL,1,R2,ORG,2
8a637a82-c14e-49fe-ba54-5bd69cddef0c,A,A,REL,1,R2,USER,3
8a637a82-c14e-49fe-ba54-5bd69cddef0c,A,A,ADV,2,R1,AI,1
8a637a82-c14e-49fe-ba54-5bd69cddef0c,A,A,ADV,2,R1,ORG,2
8a637a82-c14e-49fe-ba54-5bd69cddef0c,A,A,ADV,2,R1,USER,3
8a637a82-c14e-49fe-ba54-5bd69cddef0c,A,A,ADV,2,R2,AI,1
8a637a82-c14e-49fe-ba54-5bd69cddef0c,A,A,ADV,2,R2,ORG,2
8a637a82-c14e-49fe-ba54-5bd69cddef0c,A,A,ADV,2,R2,USER,3
8a637a82-c14e-49fe-ba54-5bd69cddef0c,A,A,COL,3,R1,AI,1
8a637a82-c14e-49fe-ba54-5bd69cddef0c,A,A,COL,3,R1,ORG,2
8a637a82-c14e-49fe-ba54-5bd69cddef0c,A,A,COL,3,R1,USER,3
8a637a82-c14e-49fe-ba54-5bd69cddef0c,A,A,COL,3,R2,AI,1
8a637a82-c14e-49fe-ba54-5bd69cddef0c,A,A,COL,3,R2,ORG,2
8a637a82-c14e-49fe-ba54-5bd69cddef0c,A,A,COL,3,R2,USER,3
33d953e0-fc61-4347-a663-46f0378b8244,H,H2,ADV,1,R1,CTRL,1
33d953e0-fc61-4347-a663-46f0378b8244,H,H2,ADV,1,R1,ORG,2
33d953e0-fc61-4347-a663-46f0378b8244,H,H2,ADV,1,R1,USER,3
33d953e0-fc61-4347-a663-46f0378b8244,H,H2,ADV,1,R2,CTRL,2
33d953e0-fc61-4347-a663-46f0378b8244,H,H2,ADV,1,R2,ORG,1
33d953e0-fc61-4347-a663-46f0378b8244,H,H2,ADV,1,R2,USER,3
33d953e0-fc61-4347-a663-46f0378b8244,H,H2,COL,2,R1,CTRL,1
33d953e0-fc61-4347-a663-46f0378b8244,H,H2,COL,2,R1,ORG,2
33d953e0-fc61-4347-a663-46f0378b8244,H,H2,COL,2,R1,USER,3
33d953e0-fc61-4347-a663-46f0378b8244,H,H2,COL,2,R2,CTRL,2
33d953e0-fc61-4347-a663-46f0378b8244,H,H2,COL,2,R2,ORG,3
33d953e0-fc61-4347-a663-46f0378b8244,H,H2,COL,2,R2,USER,1
33d953e0-fc61-4347-a663-46f0378b8244,H,H2,REL,3,R1,CTRL,1
33d953e0-fc61-4347-a663-46f0378b8244,H,H2,REL,3,R1,ORG,3
33d953e0-fc61-4347-a663-46f0378b8244,H,H2,REL,3,R1,USER,2
33d953e0-fc61-4347-a663-46f0378b8244,H,H2,REL,3,R2,CTRL,1
33d953e0-fc61-4347-a663-46f0378b8244,H,H2,REL,3,R2,ORG,3
33d953e0-fc61-4347-a663-46f0378b8244,H,H2,REL,3,R2,USER,2
6d57f440-4499-4289-a44d-78a1b5947ed5,H,H3,COL,1,R1,CTRL,1
6d57f440-4499-4289-a44d-78a1b5947ed5,H,H3,COL,1,R1,ORG,2
6d57f440-4499-4289-a44d-78a1b5947ed5,H,H3,COL,1,R1,USER,3
6d57f440-4499-4289-a44d-78a1b5947ed5,H,H3,COL,1,R2,CTRL,1
6d57f440-4499-4289-a44d-78a1b5947ed5,H,H3,COL,1,R2,ORG,2
6d57f440-4499-4289-a44d-78a1b5947ed5,H,H3,COL,1,R2,USER,3
6d57f440-4499-4289-a44d-78a1b5947ed5,H,H3,REL,2,R1,CTRL,1
6d57f440-4499-4289-a44d-78a1b5947ed5,H,H3,REL,2,R1,ORG,2
6d57f440-4499-4289-a44d-78a1b5947ed5,H,H3,REL,2,R1,USER,3
6d57f440-4499-4289-a44d-78a1b5947ed5,H,H3,REL,2,R2,CTRL,1
6d57f440-4499-4289-a44d-78a1b5947ed5,H,H3,REL,2,R2,ORG,2
6d57f440-4499-4289-a44d-78a1b5947ed5,H,H3,REL,2,R2,USER,3
6d57f440-4499-4289-a44d-78a1b5947ed5,H,H3,ADV,3,R1,CTRL,1
6d57f440-4499-4289-a44d-78a1b5947ed5,H,H3,ADV,3,R1,ORG,2
6d57f440-4499-4289-a44d-78a1b5947ed5,H,H3,ADV,3,R1,USER,3
6d57f440-4499-4289-a44d-78a1b5947ed5,H,H3,ADV,3,R2,CTRL,1
6d57f440-4499-4289-a44d-78a1b5947ed5,H,H3,ADV,3,R2,ORG,2
6d57f440-4499-4289-a44d-78a1b5947ed5,H,H3,ADV,3,R2,USER,3
e779f93d-a23b-4b1d-932b-827ce9c321f2,HA,HA3,ADV,1,R1,CTRL,1
e779f93d-a23b-4b1d-932b-827ce9c321f2,HA,HA3,ADV,1,R1,AI,2
e779f93d-a23b-4b1d-932b-827ce9c321f2,HA,HA3,ADV,1,R1,ORG,4
e779f93d-a23b-4b1d-932b-827ce9c321f2,HA,HA3,ADV,1,R1,USER,3
e779f93d-a23b-4b1d-932b-827ce9c321f2,HA,HA3,ADV,1,R2,CTRL,1
e779f93d-a23b-4b1d-932b-827ce9c321f2,HA,HA3,ADV,1,R2,AI,3
e779f93d-a23b-4b1d-932b-827ce9c321f2,HA,HA3,ADV,1,R2,ORG,2
e779f93d-a23b-4b1d-932b-827ce9c321f2,HA,HA3,ADV,1,R2,USER,4
e779f93d-a23b-4b1d-932b-827ce9c321f2,HA,HA3,COL,2,R1,CTRL,1
e779f93d-a23b-4b1d-932b-827ce9c321f2,HA,HA3,COL,2,R1,AI,3
e779f93d-a23b-4b1d-932b-827ce9c321f2,HA,HA3,COL,2,R1,ORG,4
e779f93d-a23b-4b1d-932b-827ce9c321f2,HA,HA3,COL,2,R1,USER,2
e779f93d-a23b-4b1d-932b-827ce9c321f2,HA,HA3,COL,2,R2,CTRL,3
e779f93d-a23b-4b1d-932b-827ce9c321f2,HA,HA3,COL,2,R2,AI,2
e779f93d-a23b-4b1d-932b-827ce9c321f2,HA,HA3,COL,2,R2,ORG,4
e779f93d-a23b-4b1d-932b-827ce9c321f2,HA,HA3,COL,2,R2,USER,1
e779f93d-a23b-4b1d-932b-827ce9c321f2,HA,HA3,REL,3,R1,CTRL,3
e779f93d-a23b-4b1d-932b-827ce9c321f2,HA,HA3,REL,3,R1,AI,2
e779f93d-a23b-4b1d-932b-827ce9c321f2,HA,HA3,REL,3,R1,ORG,4
e779f93d-a23b-4b1d-932b-827ce9c321f2,HA,HA3,REL,3,R1,USER,1
e779f93d-a23b-4b1d-932b-827ce9c321f2,HA,HA3,REL,3,R2,CTRL,2
e779f93d-a23b-4b1d-932b-827ce9c321f2,HA,HA3,REL,3,R2,AI,1
e779f93d-a23b-4b1d-932b-827ce9c321f2,HA,HA3,REL,3,R2,ORG,4
e779f93d-a23b-4b1d-932b-827ce9c321f2,HA,HA3,REL,3,R2,USER,3
846bc3b9-d1bb-4b81-b03f-37a860b8baf6,H,H1,ADV,1,R1,CTRL,1
846bc3b9-d1bb-4b81-b03f-37a860b8baf6,H,H1,ADV,1,R1,ORG,3
846bc3b9-d1bb-4b81-b03f-37a860b8baf6,H,H1,ADV,1,R1,USER,2
846bc3b9-d1bb-4b81-b03f-37a860b8baf6,H,H1,ADV,1,R2,CTRL,1
846bc3b9-d1bb-4b81-b03f-37a860b8baf6,H,H1,ADV,1,R2,ORG,2
846bc3b9-d1bb-4b81-b03f-37a860b8baf6,H,H1,ADV,1,R2,USER,3
846bc3b9-d1bb-4b81-b03f-37a860b8baf6,H,H1,REL,2,R1,CTRL,1
846bc3b9-d1bb-4b81-b03f-37a860b8baf6,H,H1,REL,2,R1,ORG,2
846bc3b9-d1bb-4b81-b03f-37a860b8baf6,H,H1,REL,2,R1,USER,3
846bc3b9-d1bb-4b81-b03f-37a860b8baf6,H,H1,REL,2,R2,CTRL,1
846bc3b9-d1bb-4b81-b03f-37a860b8baf6,H,H1,REL,2,R2,ORG,2
846bc3b9-d1bb-4b81-b03f-37a860b8baf6,H,H1,REL,2,R2,USER,3
846bc3b9-d1bb-4b81-b03f-37a860b8baf6,H,H1,COL,3,R1,CTRL,1
846bc3b9-d1bb-4b81-b03f-37a860b8baf6,H,H1,COL,3,R1,ORG,2
846bc3b9-d1bb-4b81-b03f-37a860b8baf6,H,H1,COL,3,R1,USER,3
846bc3b9-d1bb-4b81-b03f-37a860b8baf6,H,H1,COL,3,R2,CTRL,1
846bc3b9-d1bb-4b81-b03f-37a860b8baf6,H,H1,COL,3,R2,ORG,2
846bc3b9-d1bb-4b81-b03f-37a860b8baf6,H,H1,COL,3,R2,USER,3
f920d823-5e0a-4f60-9a39-4e8f7d21ce4f,HA,HA1,COL,1,R1,CTRL,2
f920d823-5e0a-4f60-9a39-4e8f7d21ce4f,HA,HA1,COL,1,R1,AI,4
f920d823-5e0a-4f60-9a39-4e8f7d21ce4f,HA,HA1,COL,1,R1,ORG,1
f920d823-5e0a-4f60-9a39-4e8f7d21ce4f,HA,HA1,COL,1,R1,USER,3
f920d823-5e0a-4f60-9a39-4e8f7d21ce4f,HA,HA1,COL,1,R2,CTRL,2
f920d823-5e0a-4f60-9a39-4e8f7d21ce4f,HA,HA1,COL,1,R2,AI,4
f920d823-5e0a-4f60-9a39-4e8f7d21ce4f,HA,HA1,COL,1,R2,ORG,1
f920d823-5e0a-4f60-9a39-4e8f7d21ce4f,HA,HA1,COL,1,R2,USER,3
f920d823-5e0a-4f60-9a39-4e8f7d21ce4f,HA,HA1,ADV,2,R1,CTRL,2
f920d823-5e0a-4f60-9a39-4e8f7d21ce4f,HA,HA1,ADV,2,R1,AI,4
f920d823-5e0a-4f60-9a39-4e8f7d21ce4f,HA,HA1,ADV,2,R1,ORG,1
f920d823-5e0a-4f60-9a39-4e8f7d21ce4f,HA,HA1,ADV,2,R1,USER,3
f920d823-5e0a-4f60-9a39-4e8f7d21ce4f,HA,HA1,ADV,2,R2,CTRL,2
f920d823-5e0a-4f60-9a39-4e8f7d21ce4f,HA,HA1,ADV,2,R2,AI,4
f920d823-5e0a-4f60-9a39-4e8f7d21ce4f,HA,HA1,ADV,2,R2,ORG,1
f920d823-5e0a-4f60-9a39-4e8f7d21ce4f,HA,HA1,ADV,2,R2,USER,3
f920d823-5e0a-4f60-9a39-4e8f7d21ce4f,HA,HA1,REL,3,R1,CTRL,1
f920d823-5e0a-4f60-9a39-4e8f7d21ce4f,HA,HA1,REL,3,R1,AI,3
f920d823-5e0a-4f60-9a39-4e8f7d21ce4f,HA,HA1,REL,3,R1,ORG,2
f920d823-5e0a-4f60-9a39-4e8f7d21ce4f,HA,HA1,REL,3,R1,USER,4
f920d823-5e0a-4f60-9a39-4e8f7d21ce4f,HA,HA1,REL,3,R2,CTRL,1
f920d823-5e0a-4f60-9a39-4e8f7d21ce4f,HA,HA1,REL,3,R2,AI,3
f920d823-5e0a-4f60-9a39-4e8f7d21ce4f,HA,HA1,REL,3,R2,ORG,2
f920d823-5e0a-4f60-9a39-4e8f7d21ce4f,HA,HA1,REL,3,R2,USER,4
9cb9f483-d419-45dd-b7a1-eaf9d17c22c2,A,A,COL,1,R1,AI,1
9cb9f483-d419-45dd-b7a1-eaf9d17c22c2,A,A,COL,1,R1,ORG,2
9cb9f483-d419-45dd-b7a1-eaf9d17c22c2,A,A,COL,1,R1,USER,3
9cb9f483-d419-45dd-b7a1-eaf9d17c22c2,A,A,COL,1,R2,AI,1
9cb9f483-d419-45dd-b7a1-eaf9d17c22c2,A,A,COL,1,R2,ORG,2
9cb9f483-d419-45dd-b7a1-eaf9d17c22c2,A,A,COL,1,R2,USER,3
9cb9f483-d419-45dd-b7a1-eaf9d17c22c2,A,A,ADV,2,R1,AI,1
9cb9f483-d419-45dd-b7a1-eaf9d17c22c2,A,A,ADV,2,R1,ORG,2
9cb9f483-d419-45dd-b7a1-eaf9d17c22c2,A,A,ADV,2,R1,USER,3
9cb9f483-d419-45dd-b7a1-eaf9d17c22c2,A,A,ADV,2,R2,AI,1
9cb9f483-d419-45dd-b7a1-eaf9d17c22c2,A,A,ADV,2,R2,ORG,2
9cb9f483-d419-45dd-b7a1-eaf9d17c22c2,A,A,ADV,2,R2,USER,3
9cb9f483-d419-45dd-b7a1-eaf9d17c22c2,A,A,REL,3,R1,AI,1
9cb9f483-d419-45dd-b7a1-eaf9d17c22c2,A,A,REL,3,R1,ORG,2
9cb9f483-d419-45dd-b7a1-eaf9d17c22c2,A,A,REL,3,R1,USER,3
9cb9f483-d419-45dd-b7a1-eaf9d17c22c2,A,A,REL,3,R2,AI,1
9cb9f483-d419-45dd-b7a1-eaf9d17c22c2,A,A,REL,3,R2,ORG,2
9cb9f483-d419-45dd-b7a1-eaf9d17c22c2,A,A,REL,3,R2,USER,3
5048b7fb-cf86-47bc-928f-a7d1900a17a9,A,A,ADV,1,R1,AI,3
5048b7fb-cf86-47bc-928f-a7d1900a17a9,A,A,ADV,1,R1,ORG,2
5048b7fb-cf86-47bc-928f-a7d1900a17a9,A,A,ADV,1,R1,USER,1
5048b7fb-cf86-47bc-928f-a7d1900a17a9,A,A,ADV,1,R2,AI,3
5048b7fb-cf86-47bc-928f-a7d1900a17a9,A,A,ADV,1,R2,ORG,1
5048b7fb-cf86-47bc-928f-a7d1900a17a9,A,A,ADV,1,R2,USER,2
5048b7fb-cf86-47bc-928f-a7d1900a17a9,A,A,REL,2,R1,AI,3
5048b7fb-cf86-47bc-928f-a7d1900a17a9,A,A,REL,2,R1,ORG,2
5048b7fb-cf86-47bc-928f-a7d1900a17a9,A,A,REL,2,R1,USER,1
5048b7fb-cf86-47bc-928f-a7d1900a17a9,A,A,REL,2,R2,AI,3
5048b7fb-cf86-47bc-928f-a7d1900a17a9,A,A,REL,2,R2,ORG,1
5048b7fb-cf86-47bc-928f-a7d1900a17a9,A,A,REL,2,R2,USER,2
5048b7fb-cf86-47bc-928f-a7d1900a17a9,A,A,COL,3,R1,AI,2
5048b7fb-cf86-47bc-928f-a7d1900a17a9,A,A,COL,3,R1,ORG,3
5048b7fb-cf86-47bc-928f-a7d1900a17a9,A,A,COL,3,R1,USER,1
5048b7fb-cf86-47bc-928f-a7d1900a17a9,A,A,COL,3,R2,AI,3
5048b7fb-cf86-47bc-928f-a7d1900a17a9,A,A,COL,3,R2,ORG,2
5048b7fb-cf86-47bc-928f-a7d1900a17a9,A,A,COL,3,R2,USER,1
a3e4181d-74a5-4b63-9bcf-1645580dc07d,HA,HA2,COL,1,R1,CTRL,1
a3e4181d-74a5-4b63-9bcf-1645580dc07d,HA,HA2,COL,1,R1,AI,2
a3e4181d-74a5-4b63-9bcf-1645580dc07d,HA,HA2,COL,1,R1,ORG,3
a3e4181d-74a5-4b63-9bcf-1645580dc07d,HA,HA2,COL,1,R1,USER,4
a3e4181d-74a5-4b63-9bcf-1645580dc07d,HA,HA2,COL,1,R2,CTRL,1
a3e4181d-74a5-4b63-9bcf-1645580dc07d,HA,HA2,COL,1,R2,AI,2
a3e4181d-74a5-4b63-9bcf-1645580dc07d,HA,HA2,COL,1,R2,ORG,3
a3e4181d-74a5-4b63-9bcf-1645580dc07d,HA,HA2,COL,1,R2,USER,4
a3e4181d-74a5-4b63-9bcf-1645580dc07d,HA,HA2,ADV,2,R1,CTRL,1
a3e4181d-74a5-4b63-9bcf-1645580dc07d,HA,HA2,ADV,2,R1,AI,2
a3e4181d-74a5-4b63-9bcf-1645580dc07d,HA,HA2,ADV,2,R1,ORG,3
a3e4181d-74a5-4b63-9bcf-1645580dc07d,HA,HA2,ADV,2,R1,USER,4
a3e4181d-74a5-4b63-9bcf-1645580dc07d,HA,HA2,ADV,2,R2,CTRL,1
a3e4181d-74a5-4b63-9bcf-1645580dc07d,HA,HA2,ADV,2,R2,AI,2
a3e4181d-74a5-4b63-9bcf-1645580dc07d,HA,HA2,ADV,2,R2,ORG,3
a3e4181d-74a5-4b63-9bcf-1645580dc07d,HA,HA2,ADV,2,R2,USER,4
a3e4181d-74a5-4b63-9bcf-1645580dc07d,HA,HA2,REL,3,R1,CTRL,1
a3e4181d-74a5-4b63-9bcf-1645580dc07d,HA,HA2,REL,3,R1,AI,2
a3e4181d-74a5-4b63-9bcf-1645580dc07d,HA,HA2,REL,3,R1,ORG,3
a3e4181d-74a5-4b63-9bcf-1645580dc07d,HA,HA2,REL,3,R1,USER,4
a3e4181d-74a5-4b63-9bcf-1645580dc07d,HA,HA2,REL,3,R2,CTRL,1
a3e4181d-74a5-4b63-9bcf-1645580dc07d,HA,HA2,REL,3,R2,AI,2
a3e4181d-74a5-4b63-9bcf-1645580dc07d,HA,HA2,REL,3,R2,ORG,3
a3e4181d-74a5-4b63-9bcf-1645580dc07d,HA,HA2,REL,3,R2,USER,4
34b2805d-14a7-4a6c-9f1d-56a6e48e7318,HA,HA2,REL,1,R1,CTRL,3
34b2805d-14a7-4a6c-9f1d-56a6e48e7318,HA,HA2,REL,1,R1,AI,1
34b2805d-14a7-4a6c-9f1d-56a6e48e7318,HA,HA2,REL,1,R1,ORG,2
34b2805d-14a7-4a6c-9f1d-56a6e48e7318,HA,HA2,REL,1,R1,USER,4
34b2805d-14a7-4a6c-9f1d-56a6e48e7318,HA,HA2,REL,1,R2,CTRL,1
34b2805d-14a7-4a6c-9f1d-56a6e48e7318,HA,HA2,REL,1,R2,AI,2
34b2805d-14a7-4a6c-9f1d-56a6e48e7318,HA,HA2,REL,1,R2,ORG,3
34b2805d-14a7-4a6c-9f1d-56a6e48e7318,HA,HA2,REL,1,R2,USER,4
34b2805d-14a7-4a6c-9f1d-56a6e48e7318,HA,HA2,ADV,2,R1,CTRL,3
34b2805d-14a7-4a6c-9f1d-56a6e48e7318,HA,HA2,ADV,2,R1,AI,1
34b2805d-14a7-4a6c-9f1d-56a6e48e7318,HA,HA2,ADV,2,R1,ORG,2
34b2805d-14a7-4a6c-9f1d-56a6e48e7318,HA,HA2,ADV,2,R1,USER,4
34b2805d-14a7-4a6c-9f1d-56a6e48e7318,HA,HA2,ADV,2,R2,CTRL,3
34b2805d-14a7-4a6c-9f1d-56a6e48e7318,HA,HA2,ADV,2,R2,AI,1
34b2805d-14a7-4a6c-9f1d-56a6e48e7318,HA,HA2,ADV,2,R2,ORG,2
34b2805d-14a7-4a6c-9f1d-56a6e48e7318,HA,HA2,ADV,2,R2,USER,4
34b2805d-14a7-4a6c-9f1d-56a6e48e7318,HA,HA2,COL,3,R1,CTRL,4
34b2805d-14a7-4a6c-9f1d-56a6e48e7318,HA,HA2,COL,3,R1,AI,1
34b2805d-14a7-4a6c-9f1d-56a6e48e7318,HA,HA2,COL,3,R1,ORG,2
34b2805d-14a7-4a6c-9f1d-56a6e48e7318,HA,HA2,COL,3,R1,USER,3
34b2805d-14a7-4a6c-9f1d-56a6e48e7318,HA,HA2,COL,3,R2,CTRL,4
34b2805d-14a7-4a6c-9f1d-56a6e48e7318,HA,HA2,COL,3,R2,AI,2
34b2805d-14a7-4a6c-9f1d-56a6e48e7318,HA,HA2,COL,3,R2,ORG,1
34b2805d-14a7-4a6c-9f1d-56a6e48e7318,HA,HA2,COL,3,R2,USER,3
e66b687f-d519-4a2b-bc5d-e19bf34429b1,H,H1,REL,1,R1,CTRL,3
e66b687f-d519-4a2b-bc5d-e19bf34429b1,H,H1,REL,1,R1,ORG,2
e66b687f-d519-4a2b-bc5d-e19bf34429b1,H,H1,REL,1,R1,USER,1
e66b687f-d519-4a2b-bc5d-e19bf34429b1,H,H1,REL,1,R2,CTRL,3
e66b687f-d519-4a2b-bc5d-e19bf34429b1,H,H1,REL,1,R2,ORG,2
e66b687f-d519-4a2b-bc5d-e19bf34429b1,H,H1,REL,1,R2,USER,1
e66b687f-d519-4a2b-bc5d-e19bf34429b1,H,H1,ADV,2,R1,CTRL,3
e66b687f-d519-4a2b-bc5d-e19bf34429b1,H,H1,ADV,2,R1,ORG,2
e66b687f-d519-4a2b-bc5d-e19bf34429b1,H,H1,ADV,2,R1,USER,1
e66b687f-d519-4a2b-bc5d-e19bf34429b1,H,H1,ADV,2,R2,CTRL,3
e66b687f-d519-4a2b-bc5d-e19bf34429b1,H,H1,ADV,2,R2,ORG,2
e66b687f-d519-4a2b-bc5d-e19bf34429b1,H,H1,ADV,2,R2,USER,1
e66b687f-d519-4a2b-bc5d-e19bf34429b1,H,H1,COL,3,R1,CTRL,1
e66b687f-d519-4a2b-bc5d-e19bf34429b1,H,H1,COL,3,R1,ORG,3
e66b687f-d519-4a2b-bc5d-e19bf34429b1,H,H1,COL,3,R1,USER,2
e66b687f-d519-4a2b-bc5d-e19bf34429b1,H,H1,COL,3,R2,CTRL,1
e66b687f-d519-4a2b-bc5d-e19bf34429b1,H,H1,COL,3,R2,ORG,3
e66b687f-d519-4a2b-bc5d-e19bf34429b1,H,H1,COL,3,R2,USER,2
9b141cee-b7db-4aea-a468-852b5a06b764,H,H1,COL,1,R1,CTRL,1
9b141cee-b7db-4aea-a468-852b5a06b764,H,H1,COL,1,R1,ORG,3
9b141cee-b7db-4aea-a468-852b5a06b764,H,H1,COL,1,R1,USER,2
9b141cee-b7db-4aea-a468-852b5a06b764,H,H1,COL,1,R2,CTRL,1
9b141cee-b7db-4aea-a468-852b5a06b764,H,H1,COL,1,R2,ORG,2
9b141cee-b7db-4aea-a468-852b5a06b764,H,H1,COL,1,R2,USER,3
9b141cee-b7db-4aea-a468-852b5a06b764,H,H1,REL,2,R1,CTRL,1
9b141cee-b7db-4aea-a468-852b5a06b764,H,H1,REL,2,R1,ORG,2
9b141cee-b7db-4aea-a468-852b5a06b764,H,H1,REL,2,R1,USER,3
9b141cee-b7db-4aea-a468-852b5a06b764,H,H1,REL,2,R2,CTRL,1
9b141cee-b7db-4aea-a468-852b5a06b764,H,H1,REL,2,R2,ORG,2
9b141cee-b7db-4aea-a468-852b5a06b764,H,H1,REL,2,R2,USER,3
9b141cee-b7db-4aea-a468-852b5a06b764,H,H1,ADV,3,R1,CTRL,1
9b141cee-b7db-4aea-a468-852b5a06b764,H,H1,ADV,3,R1,ORG,2
9b141cee-b7db-4aea-a468-852b5a06b764,H,H1,ADV,3,R1,USER,3
9b141cee-b7db-4aea-a468-852b5a06b764,H,H1,ADV,3,R2,CTRL,1
9b141cee-b7db-4aea-a468-852b5a06b764,H,H1,ADV,3,R2,ORG,2
9b141cee-b7db-4aea-a468-852b5a06b764,H,H1,ADV,3,R2,USER,3
068422b4-c1f7-4809-9790-d3f0b4ca577b,H,H1,ADV,1,R1,CTRL,1
068422b4-c1f7-4809-9790-d3f0b4ca577b,H,H1,ADV,1,R1,ORG,2
068422b4-c1f7-4809-9790-d3f0b4ca577b,H,H1,ADV,1,R1,USER,3
068422b4-c1f7-4809-9790-d3f0b4ca577b,H,H1,ADV,1,R2,CTRL,1
068422b4-c1f7-4809-9790-d3f0b4ca577b,H,H1,ADV,1,R2,ORG,3
068422b4-c1f7-4809-9790-d3f0b4ca577b,H,H1,ADV,1,R2,USER,2
068422b4-c1f7-4809-9790-d3f0b4ca577b,H,H1,COL,2,R1,CTRL,1
068422b4-c1f7-4809-9790-d3f0b4ca577b,H,H1,COL,2,R1,ORG,3
068422b4-c1f7-4809-9790-d3f0b4ca577b,H,H1,COL,2,R1,USER,2
068422b4-c1f7-4809-9790-d3f0b4ca577b,H,H1,COL,2,R2,CTRL,1
068422b4-c1f7-4809-9790-d3f0b4ca577b,H,H1,COL,2,R2,ORG,3
068422b4-c1f7-4809-9790-d3f0b4ca577b,H,H1,COL,2,R2,USER,2
068422b4-c1f7-4809-9790-d3f0b4ca577b,H,H1,REL,3,R1,CTRL,1
068422b4-c1f7-4809-9790-d3f0b4ca577b,H,H1,REL,3,R1,ORG,2
068422b4-c1f7-4809-9790-d3f0b4ca577b,H,H1,REL,3,R1,USER,3
068422b4-c1f7-4809-9790-d3f0b4ca577b,H,H1,REL,3,R2,CTRL,1
068422b4-c1f7-4809-9790-d3f0b4ca577b,H,H1,REL,3,R2,ORG,3
068422b4-c1f7-4809-9790-d3f0b4ca577b,H,H1,REL,3,R2,USER,2
eab8ebf3-adc6-4b90-aab0-ec78ae3040d2,H,H2,COL,1,R1,CTRL,3
eab8ebf3-adc6-4b90-aab0-ec78ae3040d2,H,H2,COL,1,R1,ORG,1
eab8ebf3-adc6-4b90-aab0-ec78ae3040d2,H,H2,COL,1,R1,USER,2
eab8ebf3-adc6-4b90-aab0-ec78ae3040d2,H,H2,COL,1,R2,CTRL,2
eab8ebf3-adc6-4b90-aab0-ec78ae3040d2,H,H2,COL,1,R2,ORG,3
eab8ebf3-adc6-4b90-aab0-ec78ae3040d2,H,H2,COL,1,R2,USER,1
eab8ebf3-adc6-4b90-aab0-ec78ae3040d2,H,H2,REL,2,R1,CTRL,3
eab8ebf3-adc6-4b90-aab0-ec78ae3040d2,H,H2,REL,2,R1,ORG,1
eab8ebf3-adc6-4b90-aab0-ec78ae3040d2,H,H2,REL,2,R1,USER,2
eab8ebf3-adc6-4b90-aab0-ec78ae3040d2,H,H2,REL,2,R2,CTRL,2
eab8ebf3-adc6-4b90-aab0-ec78ae3040d2,H,H2,REL,2,R2,ORG,3
eab8ebf3-adc6-4b90-aab0-ec78ae3040d2,H,H2,REL,2,R2,USER,1
eab8ebf3-adc6-4b90-aab0-ec78ae3040d2,H,H2,ADV,3,R1,CTRL,3
eab8ebf3-adc6-4b90-aab0-ec78ae3040d2,H,H2,ADV,3,R1,ORG,2
eab8ebf3-adc6-4b90-aab0-ec78ae3040d2,H,H2,ADV,3,R1,USER,1
eab8ebf3-adc6-4b90-aab0-ec78ae3040d2,H,H2,ADV,3,R2,CTRL,2
eab8ebf3-adc6-4b90-aab0-ec78ae3040d2,H,H2,ADV,3,R2,ORG,3
eab8ebf3-adc6-4b90-aab0-ec78ae3040d2,H,H2,ADV,3,R2,USER,1
27ea0168-db89-4f6f-956d-e4f533b141c7,H,H2,REL,1,R1,CTRL,1
27ea0168-db89-4f6f-956d-e4f533b141c7,H,H2,REL,1,R1,ORG,2
27ea0168-db89-4f6f-956d-e4f533b141c7,H,H2,REL,1,R1,USER,3
27ea0168-db89-4f6f-956d-e4f533b141c7,H,H2,REL,1,R2,CTRL,1
27ea0168-db89-4f6f-956d-e4f533b141c7,H,H2,REL,1,R2,ORG,2
27ea0168-db89-4f6f-956d-e4f533b141c7,H,H2,REL,1,R2,USER,3
27ea0168-db89-4f6f-956d-e4f533b141c7,H,H2,COL,2,R1,CTRL,1
27ea0168-db89-4f6f-956d-e4f533b141c7,H,H2,COL,2,R1,ORG,3
27ea0168-db89-4f6f-956d-e4f533b141c7,H,H2,COL,2,R1,USER,2
27ea0168-db89-4f6f-956d-e4f533b141c7,H,H2,COL,2,R2,CTRL,1
27ea0168-db89-4f6f-956d-e4f533b141c7,H,H2,COL,2,R2,ORG,2
27ea0168-db89-4f6f-956d-e4f533b141c7,H,H2,COL,2,R2,USER,3
27ea0168-db89-4f6f-956d-e4f533b141c7,H,H2,ADV,3,R1,CTRL,1
27ea0168-db89-4f6f-956d-e4f533b141c7,H,H2,ADV,3,R1,ORG,3
27ea0168-db89-4f6f-956d-e4f533b141c7,H,H2,ADV,3,R1,USER,2
27ea0168-db89-4f6f-956d-e4f533b141c7,H,H2,ADV,3,R2,CTRL,1
27ea0168-db89-4f6f-956d-e4f533b141c7,H,H2,ADV,3,R2,ORG,3
27ea0168-db89-4f6f-956d-e4f533b141c7,H,H2,ADV,3,R2,USER,2
4b758692-7d3a-435c-bedc-4543ee3beb27,H,H2,ADV,1,R1,CTRL,1
4b758692-7d3a-435c-bedc-4543ee3beb27,H,H2,ADV,1,R1,ORG,2
4b758692-7d3a-435c-bedc-4543ee3beb27,H,H2,ADV,1,R1,USER,3
4b758692-7d3a-435c-bedc-4543ee3beb27,H,H2,ADV,1,R2,CTRL,1
4b758692-7d3a-435c-bedc-4543ee3beb27,H,H2,ADV,1,R2,ORG,2
4b758692-7d3a-435c-bedc-4543ee3beb27,H,H2,ADV,1,R2,USER,3
4b758692-7d3a-435c-bedc-4543ee3beb27,H,H2,REL,2,R1,CTRL,1
4b758692-7d3a-435c-bedc-4543ee3beb27,H,H2,REL,2,R1,ORG,2
4b758692-7d3a-435c-bedc-4543ee3beb27,H,H2,REL,2,R1,USER,3
4b758692-7d3a-435c-bedc-4543ee3beb27,H,H2,REL,2,R2,CTRL,1
4b758692-7d3a-435c-bedc-4543ee3beb27,H,H2,REL,2,R2,ORG,2
4b758692-7d3a-435c-bedc-4543ee3beb27,H,H2,REL,2,R2,USER,3
4b758692-7d3a-435c-bedc-4543ee3beb27,H,H2,COL,3,R1,CTRL,1
4b758692-7d3a-435c-bedc-4543ee3beb27,H,H2,COL,3,R1,ORG,2
4b758692-7d3a-435c-bedc-4543ee3beb27,H,H2,COL,3,R1,USER,3
4b758692-7d3a-435c-bedc-4543ee3beb27,H,H2,COL,3,R2,CTRL,1
4b758692-7d3a-435c-bedc-4543ee3beb27,H,H2,COL,3,R2,ORG,2
4b758692-7d3a-435c-bedc-4543ee3beb27,H,H2,COL,3,R2,USER,3
afbc00da-17ae-4201-b2dc-77de56f0a92e,HA,HA3,REL,1,R1,CTRL,1
afbc00da-17ae-4201-b2dc-77de56f0a92e,HA,HA3,REL,1,R1,AI,3
afbc00da-17ae-4201-b2dc-77de56f0a92e,HA,HA3,REL,1,R1,ORG,4
afbc00da-17ae-4201-b2dc-77de56f0a92e,HA,HA3,REL,1,R1,USER,2
afbc00da-17ae-4201-b2dc-77de56f0a92e,HA,HA3,REL,1,R2,CTRL,1
afbc00da-17ae-4201-b2dc-77de56f0a92e,HA,HA3,REL,1,R2,AI,2
afbc00da-17ae-4201-b2dc-77de56f0a92e,HA,HA3,REL,1,R2,ORG,3
afbc00da-17ae-4201-b2dc-77de56f0a92e,HA,HA3,REL,1,R2,USER,4
afbc00da-17ae-4201-b2dc-77de56f0a92e,HA,HA3,ADV,2,R1,CTRL,1
afbc00da-17ae-4201-b2dc-77de56f0a92e,HA,HA3,ADV,2,R1,AI,2
afbc00da-17ae-4201-b2dc-77de56f0a92e,HA,HA3,ADV,2,R1,ORG,3
afbc00da-17ae-4201-b2dc-77de56f0a92e,HA,HA3,ADV,2,R1,USER,4
afbc00da-17ae-4201-b2dc-77de56f0a92e,HA,HA3,ADV,2,R2,CTRL,1
afbc00da-17ae-4201-b2dc-77de56f0a92e,HA,HA3,ADV,2,R2,AI,2
afbc00da-17ae-4201-b2dc-77de56f0a92e,HA,HA3,ADV,2,R2,ORG,3
afbc00da-17ae-4201-b2dc-77de56f0a92e,HA,HA3,ADV,2,R2,USER,4
afbc00da-17ae-4201-b2dc-77de56f0a92e,HA,HA3,COL,3,R1,CTRL,1
afbc00da-17ae-4201-b2dc-77de56f0a92e,HA,HA3,COL,3,R1,AI,2
afbc00da-17ae-4201-b2dc-77de56f0a92e,HA,HA3,COL,3,R1,ORG,3
afbc00da-17ae-4201-b2dc-77de56f0a92e,HA,HA3,COL,3,R1,USER,4
afbc00da-17ae-4201-b2dc-77de56f0a92e,HA,HA3,COL,3,R2,CTRL,1
afbc00da-17ae-4201-b2dc-77de56f0a92e,HA,HA3,COL,3,R2,AI,2
afbc00da-17ae-4201-b2dc-77de56f0a92e,HA,HA3,COL,3,R2,ORG,3
afbc00da-17ae-4201-b2dc-77de56f0a92e,HA,HA3,COL,3,R2,USER,4
981d01e4-be90-4f83-832d-d439731ec53d,HA,HA3,ADV,1,R1,CTRL,2
981d01e4-be90-4f83-832d-d439731ec53d,HA,HA3,ADV,1,R1,AI,4
981d01e4-be90-4f83-832d-d439731ec53d,HA,HA3,ADV,1,R1,ORG,3
981d01e4-be90-4f83-832d-d439731ec53d,HA,HA3,ADV,1,R1,USER,1
981d01e4-be90-4f83-832d-d439731ec53d,HA,HA3,ADV,1,R2,CTRL,2
981d01e4-be90-4f83-832d-d439731ec53d,HA,HA3,ADV,1,R2,AI,4
981d01e4-be90-4f83-832d-d439731ec53d,HA,HA3,ADV,1,R2,ORG,3
981d01e4-be90-4f83-832d-d439731ec53d,HA,HA3,ADV,1,R2,USER,1
981d01e4-be90-4f83-832d-d439731ec53d,HA,HA3,REL,2,R1,CTRL,2
981d01e4-be90-4f83-832d-d439731ec53d,HA,HA3,REL,2,R1,AI,4
981d01e4-be90-4f83-832d-d439731ec53d,HA,HA3,REL,2,R1,ORG,3
981d01e4-be90-4f83-832d-d439731ec53d,HA,HA3,REL,2,R1,USER,1
981d01e4-be90-4f83-832d-d439731ec53d,HA,HA3,REL,2,R2,CTRL,2
981d01e4-be90-4f83-832d-d439731ec53d,HA,HA3,REL,2,R2,AI,4
981d01e4-be90-4f83-832d-d439731ec53d,HA,HA3,REL,2,R2,ORG,3
981d01e4-be90-4f83-832d-d439731ec53d,HA,HA3,REL,2,R2,USER,1
981d01e4-be90-4f83-832d-d439731ec53d,HA,HA3,COL,3,R1,CTRL,2
981d01e4-be90-4f83-832d-d439731ec53d,HA,HA3,COL,3,R1,AI,4
981d01e4-be90-4f83-832d-d439731ec53d,HA,HA3,COL,3,R1,ORG,3
981d01e4-be90-4f83-832d-d439731ec53d,HA,HA3,COL,3,R1,USER,1
981d01e4-be90-4f83-832d-d439731ec53d,HA,HA3,COL,3,R2,CTRL,2
981d01e4-be90-4f83-832d-d439731ec53d,HA,HA3,COL,3,R2,AI,4
981d01e4-be90-4f83-832d-d439731ec53d,HA,HA3,COL,3,R2,ORG,3
981d01e4-be90-4f83-832d-d439731ec53d,HA,HA3,COL,3,R2,USER,1
f07017ac-ae2d-42bd-b58a-5b9eaa1e6723,HA,HA3,REL,1,R1,CTRL,3
f07017ac-ae2d-42bd-b58a-5b9eaa1e6723,HA,HA3,REL,1,R1,AI,1
f07017ac-ae2d-42bd-b58a-5b9eaa1e6723,HA,HA3,REL,1,R1,ORG,2
f07017ac-ae2d-42bd-b58a-5b9eaa1e6723,HA,HA3,REL,1,R1,USER,4
f07017ac-ae2d-42bd-b58a-5b9eaa1e6723,HA,HA3,REL,1,R2,CTRL,3
f07017ac-ae2d-42bd-b58a-5b9eaa1e6723,HA,HA3,REL,1,R2,AI,1
f07017ac-ae2d-42bd-b58a-5b9eaa1e6723,HA,HA3,REL,1,R2,ORG,2
f07017ac-ae2d-42bd-b58a-5b9eaa1e6723,HA,HA3,REL,1,R2,USER,4
f07017ac-ae2d-42bd-b58a-5b9eaa1e6723,HA,HA3,COL,2,R1,CTRL,1
f07017ac-ae2d-42bd-b58a-5b9eaa1e6723,HA,HA3,COL,2,R1,AI,2
f07017ac-ae2d-42bd-b58a-5b9eaa1e6723,HA,HA3,COL,2,R1,ORG,4
f07017ac-ae2d-42bd-b58a-5b9eaa1e6723,HA,HA3,COL,2,R1,USER,3
f07017ac-ae2d-42bd-b58a-5b9eaa1e6723,HA,HA3,COL,2,R2,CTRL,3
f07017ac-ae2d-42bd-b58a-5b9eaa1e6723,HA,HA3,COL,2,R2,AI,1
f07017ac-ae2d-42bd-b58a-5b9eaa1e6723,HA,HA3,COL,2,R2,ORG,2
f07017ac-ae2d-42bd-b58a-5b9eaa1e6723,HA,HA3,COL,2,R2,USER,4
f07017ac-ae2d-42bd-b58a-5b9eaa1e6723,HA,HA3,ADV,3,R1,CTRL,1
f07017ac-ae2d-42bd-b58a-5b9eaa1e6723,HA,HA3,ADV,3,R1,AI,2
f07017ac-ae2d-42bd-b58a-5b9eaa1e6723,HA,HA3,ADV,3,R1,ORG,3
f07017ac-ae2d-42bd-b58a-5b9eaa1e6723,HA,HA3,ADV,3,R1,USER,4
f07017ac-ae2d-42bd-b58a-5b9eaa1e6723,HA,HA3,ADV,3,R2,CTRL,3
f07017ac-ae2d-42bd-b58a-5b9eaa1e6723,HA,HA3,ADV,3,R2,AI,1
f07017ac-ae2d-42bd-b58a-5b9eaa1e6723,HA,HA3,ADV,3,R2,ORG,2
f07017ac-ae2d-42bd-b58a-5b9eaa1e6723,HA,HA3,ADV,3,R2,USER,4
b2103958-8c62-409b-bc0f-c4f2f8800ae6,H,H2,COL,1,R1,CTRL,1
b2103958-8c62-409b-bc0f-c4f2f8800ae6,H,H2,COL,1,R1,ORG,2
b2103958-8c62-409b-bc0f-c4f2f8800ae6,H,H2,COL,1,R1,USER,3
b2103958-8c62-409b-bc0f-c4f2f8800ae6,H,H2,COL,1,R2,CTRL,1
b2103958-8c62-409b-bc0f-c4f2f8800ae6,H,H2,COL,1,R2,ORG,2
b2103958-8c62-409b-bc0f-c4f2f8800ae6,H,H2,COL,1,R2,USER,3
b2103958-8c62-409b-bc0f-c4f2f8800ae6,H,H2,ADV,2,R1,CTRL,1
b2103958-8c62-409b-bc0f-c4f2f8800ae6,H,H2,ADV,2,R1,ORG,2
b2103958-8c62-409b-bc0f-c4f2f8800ae6,H,H2,ADV,2,R1,USER,3
b2103958-8c62-409b-bc0f-c4f2f8800ae6,H,H2,ADV,2,R2,CTRL,1
b2103958-8c62-409b-bc0f-c4f2f8800ae6,H,H2,ADV,2,R2,ORG,3
b2103958-8c62-409b-bc0f-c4f2f8800ae6,H,H2,ADV,2,R2,USER,2
b2103958-8c62-409b-bc0f-c4f2f8800ae6,H,H2,REL,3,R1,CTRL,1
b2103958-8c62-409b-bc0f-c4f2f8800ae6,H,H2,REL,3,R1,ORG,2
b2103958-8c62-409b-bc0f-c4f2f8800ae6,H,H2,REL,3,R1,USER,3
b2103958-8c62-409b-bc0f-c4f2f8800ae6,H,H2,REL,3,R2,CTRL,1
b2103958-8c62-409b-bc0f-c4f2f8800ae6,H,H2,REL,3,R2,ORG,2
b2103958-8c62-409b-bc0f-c4f2f8800ae6,H,H2,REL,3,R2,USER,3
1417869b-cd15-45f2-b0ff-290ed4c8d468,A,A,COL,1,R1,AI,1
1417869b-cd15-45f2-b0ff-290ed4c8d468,A,A,COL,1,R1,ORG,3
1417869b-cd15-45f2-b0ff-290ed4c8d468,A,A,COL,1,R1,USER,2
1417869b-cd15-45f2-b0ff-290ed4c8d468,A,A,COL,1,R2,AI,3
1417869b-cd15-45f2-b0ff-290ed4c8d468,A,A,COL,1,R2,ORG,2
1417869b-cd15-45f2-b0ff-290ed4c8d468,A,A,COL,1,R2,USER,1
1417869b-cd15-45f2-b0ff-290ed4c8d468,A,A,ADV,2,R1,AI,1
1417869b-cd15-45f2-b0ff-290ed4c8d468,A,A,ADV,2,R1,ORG,2
1417869b-cd15-45f2-b0ff-290ed4c8d468,A,A,ADV,2,R1,USER,3
1417869b-cd15-45f2-b0ff-290ed4c8d468,A,A,ADV,2,R2,AI,1
1417869b-cd15-45f2-b0ff-290ed4c8d468,A,A,ADV,2,R2,ORG,2
1417869b-cd15-45f2-b0ff-290ed4c8d468,A,A,ADV,2,R2,USER,3
1417869b-cd15-45f2-b0ff-290ed4c8d468,A,A,REL,3,R1,AI,1
1417869b-cd15-45f2-b0ff-290ed4c8d468,A,A,REL,3,R1,ORG,3
1417869b-cd15-45f2-b0ff-290ed4c8d468,A,A,REL,3,R1,USER,2
1417869b-cd15-45f2-b0ff-290ed4c8d468,A,A,REL,3,R2,AI,1
1417869b-cd15-45f2-b0ff-290ed4c8d468,A,A,REL,3,R2,ORG,2
1417869b-cd15-45f2-b0ff-290ed4c8d468,A,A,REL,3,R2,USER,3
5210d691-ed84-4dac-aff9-d3c55e6c276b,HA,HA2,COL,1,R1,CTRL,3
5210d691-ed84-4dac-aff9-d3c55e6c276b,HA,HA2,COL,1,R1,AI,1
5210d691-ed84-4dac-aff9-d3c55e6c276b,HA,HA2,COL,1,R1,ORG,2
5210d691-ed84-4dac-aff9-d3c55e6c276b,HA,HA2,COL,1,R1,USER,4
5210d691-ed84-4dac-aff9-d3c55e6c276b,HA,HA2,COL,1,R2,CTRL,4
5210d691-ed84-4dac-aff9-d3c55e6c276b,HA,HA2,COL,1,R2,AI,1
5210d691-ed84-4dac-aff9-d3c55e6c276b,HA,HA2,COL,1,R2,ORG,2
5210d691-ed84-4dac-aff9-d3c55e6c276b,HA,HA2,COL,1,R2,USER,3
5210d691-ed84-4dac-aff9-d3c55e6c276b,HA,HA2,ADV,2,R1,CTRL,4
5210d691-ed84-4dac-aff9-d3c55e6c276b,HA,HA2,ADV,2,R1,AI,1
5210d691-ed84-4dac-aff9-d3c55e6c276b,HA,HA2,ADV,2,R1,ORG,3
5210d691-ed84-4dac-aff9-d3c55e6c276b,HA,HA2,ADV,2,R1,USER,2
5210d691-ed84-4dac-aff9-d3c55e6c276b,HA,HA2,ADV,2,R2,CTRL,3
5210d691-ed84-4dac-aff9-d3c55e6c276b,HA,HA2,ADV,2,R2,AI,2
5210d691-ed84-4dac-aff9-d3c55e6c276b,HA,HA2,ADV,2,R2,ORG,4
5210d691-ed84-4dac-aff9-d3c55e6c276b,HA,HA2,ADV,2,R2,USER,1
5210d691-ed84-4dac-aff9-d3c55e6c276b,HA,HA2,REL,3,R1,CTRL,2
5210d691-ed84-4dac-aff9-d3c55e6c276b,HA,HA2,REL,3,R1,AI,1
5210d691-ed84-4dac-aff9-d3c55e6c276b,HA,HA2,REL,3,R1,ORG,3
5210d691-ed84-4dac-aff9-d3c55e6c276b,HA,HA2,REL,3,R1,USER,4
5210d691-ed84-4dac-aff9-d3c55e6c276b,HA,HA2,REL,3,R2,CTRL,1
5210d691-ed84-4dac-aff9-d3c55e6c276b,HA,HA2,REL,3,R2,AI,2
5210d691-ed84-4dac-aff9-d3c55e6c276b,HA,HA2,REL,3,R2,ORG,3
5210d691-ed84-4dac-aff9-d3c55e6c276b,HA,HA2,REL,3,R2,USER,4
72c35965-d09c-49de-b0a0-a0235f943961,HA,HA2,REL,1,R1,CTRL,1
72c35965-d09c-49de-b0a0-a0235f943961,HA,HA2,REL,1,R1,AI,3
72c35965-d09c-49de-b0a0-a0235f943961,HA,HA2,REL,1,R1,ORG,2
72c35965-d09c-49de-b0a0-a0235f943961,HA,HA2,REL,1,R1,USER,4
72c35965-d09c-49de-b0a0-a0235f943961,HA,HA2,REL,1,R2,CTRL,1
72c35965-d09c-49de-b0a0-a0235f943961,HA,HA2,REL,1,R2,AI,3
72c35965-d09c-49de-b0a0-a0235f943961,HA,HA2,REL,1,R2,ORG,2
72c35965-d09c-49de-b0a0-a0235f943961,HA,HA2,REL,1,R2,USER,4
72c35965-d09c-49de-b0a0-a0235f943961,HA,HA2,ADV,2,R1,CTRL,1
72c35965-d09c-49de-b0a0-a0235f943961,HA,HA2,ADV,2,R1,AI,3
72c35965-d09c-49de-b0a0-a0235f943961,HA,HA2,ADV,2,R1,ORG,2
72c35965-d09c-49de-b0a0-a0235f943961,HA,HA2,ADV,2,R1,USER,4
72c35965-d09c-49de-b0a0-a0235f943961,HA,HA2,ADV,2,R2,CTRL,1
72c35965-d09c-49de-b0a0-a0235f943961,HA,HA2,ADV,2,R2,AI,4
72c35965-d09c-49de-b0a0-a0235f943961,HA,HA2,ADV,2,R2,ORG,2
72c35965-d09c-49de-b0a0-a0235f943961,HA,HA2,ADV,2,R2,USER,3
72c35965-d09c-49de-b0a0-a0235f943961,HA,HA2,COL,3,R1,CTRL,1
72c35965-d09c-49de-b0a0-a0235f943961,HA,HA2,COL,3,R1,AI,3
72c35965-d09c-49de-b0a0-a0235f943961,HA,HA2,COL,3,R1,ORG,2
72c35965-d09c-49de-b0a0-a0235f943961,HA,HA2,COL,3,R1,USER,4
72c35965-d09c-49de-b0a0-a0235f943961,HA,HA2,COL,3,R2,CTRL,1
72c35965-d09c-49de-b0a0-a0235f943961,HA,HA2,COL,3,R2,AI,4
72c35965-d09c-49de-b0a0-a0235f943961,HA,HA2,COL,3,R2,ORG,2
72c35965-d09c-49de-b0a0-a0235f943961,HA,HA2,COL,3,R2,USER,3
0dd79595-1caa-4d29-94fd-139d197b2b59,H,H2,COL,1,R1,CTRL,1
0dd79595-1caa-4d29-94fd-139d197b2b59,H,H2,COL,1,R1,ORG,3
0dd79595-1caa-4d29-94fd-139d197b2b59,H,H2,COL,1,R1,USER,2
0dd79595-1caa-4d29-94fd-139d197b2b59,H,H2,COL,1,R2,CTRL,1
0dd79595-1caa-4d29-94fd-139d197b2b59,H,H2,COL,1,R2,ORG,3
0dd79595-1caa-4d29-94fd-139d197b2b59,H,H2,COL,1,R2,USER,2
0dd79595-1caa-4d29-94fd-139d197b2b59,H,H2,ADV,2,R1,CTRL,2
0dd79595-1caa-4d29-94fd-139d197b2b59,H,H2,ADV,2,R1,ORG,3
0dd79595-1caa-4d29-94fd-139d197b2b59,H,H2,ADV,2,R1,USER,1
0dd79595-1caa-4d29-94fd-139d197b2b59,H,H2,ADV,2,R2,CTRL,2
0dd79595-1caa-4d29-94fd-139d197b2b59,H,H2,ADV,2,R2,ORG,3
0dd79595-1caa-4d29-94fd-139d197b2b59,H,H2,ADV,2,R2,USER,1
0dd79595-1caa-4d29-94fd-139d197b2b59,H,H2,REL,3,R1,CTRL,1
0dd79595-1caa-4d29-94fd-139d197b2b59,H,H2,REL,3,R1,ORG,2
0dd79595-1caa-4d29-94fd-139d197b2b59,H,H2,REL,3,R1,USER,3
0dd79595-1caa-4d29-94fd-139d197b2b59,H,H2,REL,3,R2,CTRL,1
0dd79595-1caa-4d29-94fd-139d197b2b59,H,H2,REL,3,R2,ORG,3
0dd79595-1caa-4d29-94fd-139d197b2b59,H,H2,REL,3,R2,USER,2
e9303d5c-9c4f-4093-9689-c09b27586e47,HA,HA3,ADV,1,R1,CTRL,1
e9303d5c-9c4f-4093-9689-c09b27586e47,HA,HA3,ADV,1,R1,AI,3
e9303d5c-9c4f-4093-9689-c09b27586e47,HA,HA3,ADV,1,R1,ORG,2
e9303d5c-9c4f-4093-9689-c09b27586e47,HA,HA3,ADV,1,R1,USER,4
e9303d5c-9c4f-4093-9689-c09b27586e47,HA,HA3,ADV,1,R2,CTRL,2
e9303d5c-9c4f-4093-9689-c09b27586e47,HA,HA3,ADV,1,R2,AI,1
e9303d5c-9c4f-4093-9689-c09b27586e47,HA,HA3,ADV,1,R2,ORG,3
e9303d5c-9c4f-4093-9689-c09b27586e47,HA,HA3,ADV,1,R2,USER,4
e9303d5c-9c4f-4093-9689-c09b27586e47,HA,HA3,REL,2,R1,CTRL,1
e9303d5c-9c4f-4093-9689-c09b27586e47,HA,HA3,REL,2,R1,AI,2
e9303d5c-9c4f-4093-9689-c09b27586e47,HA,HA3,REL,2,R1,ORG,3
e9303d5c-9c4f-4093-9689-c09b27586e47,HA,HA3,REL,2,R1,USER,4
e9303d5c-9c4f-4093-9689-c09b27586e47,HA,HA3,REL,2,R2,CTRL,1
e9303d5c-9c4f-4093-9689-c09b27586e47,HA,HA3,REL,2,R2,AI,2
e9303d5c-9c4f-4093-9689-c09b27586e47,HA,HA3,REL,2,R2,ORG,4
e9303d5c-9c4f-4093-9689-c09b27586e47,HA,HA3,REL,2,R2,USER,3
e9303d5c-9c4f-4093-9689-c09b27586e47,HA,HA3,COL,3,R1,CTRL,1
e9303d5c-9c4f-4093-9689-c09b27586e47,HA,HA3,COL,3,R1,AI,2
e9303d5c-9c4f-4093-9689-c09b27586e47,HA,HA3,COL,3,R1,ORG,4
e9303d5c-9c4f-4093-9689-c09b27586e47,HA,HA3,COL,3,R1,USER,3
e9303d5c-9c4f-4093-9689-c09b27586e47,HA,HA3,COL,3,R2,CTRL,1
e9303d5c-9c4f-4093-9689-c09b27586e47,HA,HA3,COL,3,R2,AI,2
e9303d5c-9c4f-4093-9689-c09b27586e47,HA,HA3,COL,3,R2,ORG,4
e9303d5c-9c4f-4093-9689-c09b27586e47,HA,HA3,COL,3,R2,USER,3
ae8730c3-df05-4888-a235-8125d752f3d5,H,H1,REL,1,R1,CTRL,1
ae8730c3-df05-4888-a235-8125d752f3d5,H,H1,REL,1,R1,ORG,2
ae8730c3-df05-4888-a235-8125d752f3d5,H,H1,REL,1,R1,USER,3
ae8730c3-df05-4888-a235-8125d752f3d5,H,H1,REL,1,R2,CTRL,1
ae8730c3-df05-4888-a235-8125d752f3d5,H,H1,REL,1,R2,ORG,2
ae8730c3-df05-4888-a235-8125d752f3d5,H,H1,REL,1,R2,USER,3
ae8730c3-df05-4888-a235-8125d752f3d5,H,H1,ADV,2,R1,CTRL,1
ae8730c3-df05-4888-a235-8125d752f3d5,H,H1,ADV,2,R1,ORG,2
ae8730c3-df05-4888-a235-8125d752f3d5,H,H1,ADV,2,R1,USER,3
ae8730c3-df05-4888-a235-8125d752f3d5,H,H1,ADV,2,R2,CTRL,1
ae8730c3-df05-4888-a235-8125d752f3d5,H,H1,ADV,2,R2,ORG,2
ae8730c3-df05-4888-a235-8125d752f3d5,H,H1,ADV,2,R2,USER,3
ae8730c3-df05-4888-a235-8125d752f3d5,H,H1,COL,3,R1,CTRL,1
ae8730c3-df05-4888-a235-8125d752f3d5,H,H1,COL,3,R1,ORG,2
ae8730c3-df05-4888-a235-8125d752f3d5,H,H1,COL,3,R1,USER,3
ae8730c3-df05-4888-a235-8125d752f3d5,H,H1,COL,3,R2,CTRL,1
ae8730c3-df05-4888-a235-8125d752f3d5,H,H1,COL,3,R2,ORG,2
ae8730c3-df05-4888-a235-8125d752f3d5,H,H1,COL,3,R2,USER,3
70679c8c-980c-4736-9b43-a77f3ade2b1a,H,H2,REL,1,R1,CTRL,1
70679c8c-980c-4736-9b43-a77f3ade2b1a,H,H2,REL,1,R1,ORG,2
70679c8c-980c-4736-9b43-a77f3ade2b1a,H,H2,REL,1,R1,USER,3
70679c8c-980c-4736-9b43-a77f3ade2b1a,H,H2,REL,1,R2,CTRL,1
70679c8c-980c-4736-9b43-a77f3ade2b1a,H,H2,REL,1,R2,ORG,2
70679c8c-980c-4736-9b43-a77f3ade2b1a,H,H2,REL,1,R2,USER,3
70679c8c-980c-4736-9b43-a77f3ade2b1a,H,H2,ADV,2,R1,CTRL,1
70679c8c-980c-4736-9b43-a77f3ade2b1a,H,H2,ADV,2,R1,ORG,2
70679c8c-980c-4736-9b43-a77f3ade2b1a,H,H2,ADV,2,R1,USER,3
70679c8c-980c-4736-9b43-a77f3ade2b1a,H,H2,ADV,2,R2,CTRL,1
70679c8c-980c-4736-9b43-a77f3ade2b1a,H,H2,ADV,2,R2,ORG,2
70679c8c-980c-4736-9b43-a77f3ade2b1a,H,H2,ADV,2,R2,USER,3
70679c8c-980c-4736-9b43-a77f3ade2b1a,H,H2,COL,3,R1,CTRL,1
70679c8c-980c-4736-9b43-a77f3ade2b1a,H,H2,COL,3,R1,ORG,2
70679c8c-980c-4736-9b43-a77f3ade2b1a,H,H2,COL,3,R1,USER,3
70679c8c-980c-4736-9b43-a77f3ade2b1a,H,H2,COL,3,R2,CTRL,1
70679c8c-980c-4736-9b43-a77f3ade2b1a,H,H2,COL,3,R2,ORG,2
70679c8c-980c-4736-9b43-a77f3ade2b1a,H,H2,COL,3,R2,USER,3
8decf5a0-9d8a-4ef0-b47c-a45787b9230a,H,H1,REL,1,R1,CTRL,2
8decf5a0-9d8a-4ef0-b47c-a45787b9230a,H,H1,REL,1,R1,ORG,3
8decf5a0-9d8a-4ef0-b47c-a45787b9230a,H,H1,REL,1,R1,USER,1
8decf5a0-9d8a-4ef0-b47c-a45787b9230a,H,H1,REL,1,R2,CTRL,1
8decf5a0-9d8a-4ef0-b47c-a45787b9230a,H,H1,REL,1,R2,ORG,3
8decf5a0-9d8a-4ef0-b47c-a45787b9230a,H,H1,REL,1,R2,USER,2
8decf5a0-9d8a-4ef0-b47c-a45787b9230a,H,H1,COL,2,R1,CTRL,1
8decf5a0-9d8a-4ef0-b47c-a45787b9230a,H,H1,COL,2,R1,ORG,2
8decf5a0-9d8a-4ef0-b47c-a45787b9230a,H,H1,COL,2,R1,USER,3
8decf5a0-9d8a-4ef0-b47c-a45787b9230a,H,H1,COL,2,R2,CTRL,1
8decf5a0-9d8a-4ef0-b47c-a45787b9230a,H,H1,COL,2,R2,ORG,3
8decf5a0-9d8a-4ef0-b47c-a45787b9230a,H,H1,COL,2,R2,USER,2
8decf5a0-9d8a-4ef0-b47c-a45787b9230a,H,H1,ADV,3,R1,CTRL,2
8decf5a0-9d8a-4ef0-b47c-a45787b9230a,H,H1,ADV,3,R1,ORG,3
8decf5a0-9d8a-4ef0-b47c-a45787b9230a,H,H1,ADV,3,R1,USER,1
8decf5a0-9d8a-4ef0-b47c-a45787b9230a,H,H1,ADV,3,R2,CTRL,1
8decf5a0-9d8a-4ef0-b47c-a45787b9230a,H,H1,ADV,3,R2,ORG,3
8decf5a0-9d8a-4ef0-b47c-a45787b9230a,H,H1,ADV,3,R2,USER,2
ecba1927-0620-49d0-8402-3884bbd5a6e7,HA,HA1,COL,1,R1,CTRL,3
ecba1927-0620-49d0-8402-3884bbd5a6e7,HA,HA1,COL,1,R1,AI,2
ecba1927-0620-49d0-8402-3884bbd5a6e7,HA,HA1,COL,1,R1,ORG,4
ecba1927-0620-49d0-8402-3884bbd5a6e7,HA,HA1,COL,1,R1,USER,1
ecba1927-0620-49d0-8402-3884bbd5a6e7,HA,HA1,COL,1,R2,CTRL,4
ecba1927-0620-49d0-8402-3884bbd5a6e7,HA,HA1,COL,1,R2,AI,2
ecba1927-0620-49d0-8402-3884bbd5a6e7,HA,HA1,COL,1,R2,ORG,3
ecba1927-0620-49d0-8402-3884bbd5a6e7,HA,HA1,COL,1,R2,USER,1
ecba1927-0620-49d0-8402-3884bbd5a6e7,HA,HA1,REL,2,R1,CTRL,4
ecba1927-0620-49d0-8402-3884bbd5a6e7,HA,HA1,REL,2,R1,AI,2
ecba1927-0620-49d0-8402-3884bbd5a6e7,HA,HA1,REL,2,R1,ORG,3
ecba1927-0620-49d0-8402-3884bbd5a6e7,HA,HA1,REL,2,R1,USER,1
ecba1927-0620-49d0-8402-3884bbd5a6e7,HA,HA1,REL,2,R2,CTRL,3
ecba1927-0620-49d0-8402-3884bbd5a6e7,HA,HA1,REL,2,R2,AI,2
ecba1927-0620-49d0-8402-3884bbd5a6e7,HA,HA1,REL,2,R2,ORG,4
ecba1927-0620-49d0-8402-3884bbd5a6e7,HA,HA1,REL,2,R2,USER,1
ecba1927-0620-49d0-8402-3884bbd5a6e7,HA,HA1,ADV,3,R1,CTRL,4
ecba1927-0620-49d0-8402-3884bbd5a6e7,HA,HA1,ADV,3,R1,AI,2
ecba1927-0620-49d0-8402-3884bbd5a6e7,HA,HA1,ADV,3,R1,ORG,3
ecba1927-0620-49d0-8402-3884bbd5a6e7,HA,HA1,ADV,3,R1,USER,1
ecba1927-0620-49d0-8402-3884bbd5a6e7,HA,HA1,ADV,3,R2,CTRL,3
ecba1927-0620-49d0-8402-3884bbd5a6e7,HA,HA1,ADV,3,R2,AI,2
ecba1927-0620-49d0-8402-3884bbd5a6e7,HA,HA1,ADV,3,R2,ORG,4
ecba1927-0620-49d0-8402-3884bbd5a6e7,HA,HA1,ADV,3,R2,USER,1
4bbd1124-b48e-4578-ad1d-9a5d52438a4b,A,A,REL,1,R1,AI,1
4bbd1124-b48e-4578-ad1d-9a5d52438a4b,A,A,REL,1,R1,ORG,2
4bbd1124-b48e-4578-ad1d-9a5d52438a4b,A,A,REL,1,R1,USER,3
4bbd1124-b48e-4578-ad1d-9a5d52438a4b,A,A,REL,1,R2,AI,3
4bbd1124-b48e-4578-ad1d-9a5d52438a4b,A,A,REL,1,R2,ORG,2
4bbd1124-b48e-4578-ad1d-9a5d52438a4b,A,A,REL,1,R2,USER,1
4bbd1124-b48e-4578-ad1d-9a5d52438a4b,A,A,COL,2,R1,AI,1
4bbd1124-b48e-4578-ad1d-9a5d52438a4b,A,A,COL,2,R1,ORG,3
4bbd1124-b48e-4578-ad1d-9a5d52438a4b,A,A,COL,2,R1,USER,2
4bbd1124-b48e-4578-ad1d-9a5d52438a4b,A,A,COL,2,R2,AI,1
4bbd1124-b48e-4578-ad1d-9a5d52438a4b,A,A,COL,2,R2,ORG,2
4bbd1124-b48e-4578-ad1d-9a5d52438a4b,A,A,COL,2,R2,USER,3
4bbd1124-b48e-4578-ad1d-9a5d52438a4b,A,A,ADV,3,R1,AI,2
4bbd1124-b48e-4578-ad1d-9a5d52438a4b,A,A,ADV,3,R1,ORG,3
4bbd1124-b48e-4578-ad1d-9a5d52438a4b,A,A,ADV,3,R1,USER,1
4bbd1124-b48e-4578-ad1d-9a5d52438a4b,A,A,ADV,3,R2,AI,3
4bbd1124-b48e-4578-ad1d-9a5d52438a4b,A,A,ADV,3,R2,ORG,1
4bbd1124-b48e-4578-ad1d-9a5d52438a4b,A,A,ADV,3,R2,USER,2
e2bbc2eb-7606-4d5f-90e0-5e7a7c28b864,HA,HA3,REL,1,R1,CTRL,1
e2bbc2eb-7606-4d5f-90e0-5e7a7c28b864,HA,HA3,REL,1,R1,AI,2
e2bbc2eb-7606-4d5f-90e0-5e7a7c28b864,HA,HA3,REL,1,R1,ORG,3
e2bbc2eb-7606-4d5f-90e0-5e7a7c28b864,HA,HA3,REL,1,R1,USER,4
e2bbc2eb-7606-4d5f-90e0-5e7a7c28b864,HA,HA3,REL,1,R2,CTRL,1
e2bbc2eb-7606-4d5f-90e0-5e7a7c28b864,HA,HA3,REL,1,R2,AI,2
e2bbc2eb-7606-4d5f-90e0-5e7a7c28b864,HA,HA3,REL,1,R2,ORG,3
e2bbc2eb-7606-4d5f-90e0-5e7a7c28b864,HA,HA3,REL,1,R2,USER,4
e2bbc2eb-7606-4d5f-90e0-5e7a7c28b864,HA,HA3,ADV,2,R1,CTRL,1
e2bbc2eb-7606-4d5f-90e0-5e7a7c28b864,HA,HA3,ADV,2,R1,AI,2
e2bbc2eb-7606-4d5f-90e0-5e7a7c28b864,HA,HA3,ADV,2,R1,ORG,3
e2bbc2eb-7606-4d5f-90e0-5e7a7c28b864,HA,HA3,ADV,2,R1,USER,4
e2bbc2eb-7606-4d5f-90e0-5e7a7c28b864,HA,HA3,ADV,2,R2,CTRL,1
e2bbc2eb-7606-4d5f-90e0-5e7a7c28b864,HA,HA3,ADV,2,R2,AI,2
e2bbc2eb-7606-4d5f-90e0-5e7a7c28b864,HA,HA3,ADV,2,R2,ORG,3
e2bbc2eb-7606-4d5f-90e0-5e7a7c28b864,HA,HA3,ADV,2,R2,USER,4
e2bbc2eb-7606-4d5f-90e0-5e7a7c28b864,HA,HA3,COL,3,R1,CTRL,1
e2bbc2eb-7606-4d5f-90e0-5e7a7c28b864,HA,HA3,COL,3,R1,AI,2
e2bbc2eb-7606-4d5f-90e0-5e7a7c28b864,HA,HA3,COL,3,R1,ORG,3
e2bbc2eb-7606-4d5f-90e0-5e7a7c28b864,HA,HA3,COL,3,R1,USER,4
e2bbc2eb-7606-4d5f-90e0-5e7a7c28b864,HA,HA3,COL,3,R2,CTRL,1
e2bbc2eb-7606-4d5f-90e0-5e7a7c28b864,HA,HA3,COL,3,R2,AI,2
e2bbc2eb-7606-4d5f-90e0-5e7a7c28b864,HA,HA3,COL,3,R2,ORG,3
e2bbc2eb-7606-4d5f-90e0-5e7a7c28b864,HA,HA3,COL,3,R2,USER,4
beb11c56-9f70-41c1-8a81-bcd2ad334e83,HA,HA3,REL,1,R1,CTRL,1
beb11c56-9f70-41c1-8a81-bcd2ad334e83,HA,HA3,REL,1,R1,AI,3
beb11c56-9f70-41c1-8a81-bcd2ad334e83,HA,HA3,REL,1,R1,ORG,2
beb11c56-9f70-41c1-8a81-bcd2ad334e83,HA,HA3,REL,1,R1,USER,4
beb11c56-9f70-41c1-8a81-bcd2ad334e83,HA,HA3,REL,1,R2,CTRL,1
beb11c56-9f70-41c1-8a81-bcd2ad334e83,HA,HA3,REL,1,R2,AI,2
beb11c56-9f70-41c1-8a81-bcd2ad334e83,HA,HA3,REL,1,R2,ORG,3
beb11c56-9f70-41c1-8a81-bcd2ad334e83,HA,HA3,REL,1,R2,USER,4
beb11c56-9f70-41c1-8a81-bcd2ad334e83,HA,HA3,COL,2,R1,CTRL,2
beb11c56-9f70-41c1-8a81-bcd2ad334e83,HA,HA3,COL,2,R1,AI,1
beb11c56-9f70-41c1-8a81-bcd2ad334e83,HA,HA3,COL,2,R1,ORG,4
beb11c56-9f70-41c1-8a81-bcd2ad334e83,HA,HA3,COL,2,R1,USER,3
beb11c56-9f70-41c1-8a81-bcd2ad334e83,HA,HA3,COL,2,R2,CTRL,2
beb11c56-9f70-41c1-8a81-bcd2ad334e83,HA,HA3,COL,2,R2,AI,1
beb11c56-9f70-41c1-8a81-bcd2ad334e83,HA,HA3,COL,2,R2,ORG,4
beb11c56-9f70-41c1-8a81-bcd2ad334e83,HA,HA3,COL,2,R2,USER,3
beb11c56-9f70-41c1-8a81-bcd2ad334e83,HA,HA3,ADV,3,R1,CTRL,2
beb11c56-9f70-41c1-8a81-bcd2ad334e83,HA,HA3,ADV,3,R1,AI,1
beb11c56-9f70-41c1-8a81-bcd2ad334e83,HA,HA3,ADV,3,R1,ORG,4
beb11c56-9f70-41c1-8a81-bcd2ad334e83,HA,HA3,ADV,3,R1,USER,3
beb11c56-9f70-41c1-8a81-bcd2ad334e83,HA,HA3,ADV,3,R2,CTRL,2
beb11c56-9f70-41c1-8a81-bcd2ad334e83,HA,HA3,ADV,3,R2,AI,1
beb11c56-9f70-41c1-8a81-bcd2ad334e83,HA,HA3,ADV,3,R2,ORG,4
beb11c56-9f70-41c1-8a81-bcd2ad334e83,HA,HA3,ADV,3,R2,USER,3
d00970ec-7b89-4399-b158-59f07d4bec1b,H,H2,REL,1,R1,CTRL,3
d00970ec-7b89-4399-b158-59f07d4bec1b,H,H2,REL,1,R1,ORG,2
d00970ec-7b89-4399-b158-59f07d4bec1b,H,H2,REL,1,R1,USER,1
d00970ec-7b89-4399-b158-59f07d4bec1b,H,H2,REL,1,R2,CTRL,3
d00970ec-7b89-4399-b158-59f07d4bec1b,H,H2,REL,1,R2,ORG,2
d00970ec-7b89-4399-b158-59f07d4bec1b,H,H2,REL,1,R2,USER,1
d00970ec-7b89-4399-b158-59f07d4bec1b,H,H2,COL,2,R1,CTRL,3
d00970ec-7b89-4399-b158-59f07d4bec1b,H,H2,COL,2,R1,ORG,2
d00970ec-7b89-4399-b158-59f07d4bec1b,H,H2,COL,2,R1,USER,1
d00970ec-7b89-4399-b158-59f07d4bec1b,H,H2,COL,2,R2,CTRL,1
d00970ec-7b89-4399-b158-59f07d4bec1b,H,H2,COL,2,R2,ORG,2
d00970ec-7b89-4399-b158-59f07d4bec1b,H,H2,COL,2,R2,USER,3
d00970ec-7b89-4399-b158-59f07d4bec1b,H,H2,ADV,3,R1,CTRL,3
d00970ec-7b89-4399-b158-59f07d4bec1b,H,H2,ADV,3,R1,ORG,2
d00970ec-7b89-4399-b158-59f07d4bec1b,H,H2,ADV,3,R1,USER,1
d00970ec-7b89-4399-b158-59f07d4bec1b,H,H2,ADV,3,R2,CTRL,3
d00970ec-7b89-4399-b158-59f07d4bec1b,H,H2,ADV,3,R2,ORG,2
d00970ec-7b89-4399-b158-59f07d4bec1b,H,H2,ADV,3,R2,USER,1
35057e43-6ca8-424f-b560-1a428ffe56c0,H,H1,ADV,1,R1,CTRL,2
35057e43-6ca8-424f-b560-1a428ffe56c0,H,H1,ADV,1,R1,ORG,3
35057e43-6ca8-424f-b560-1a428ffe56c0,H,H1,ADV,1,R1,USER,1
35057e43-6ca8-424f-b560-1a428ffe56c0,H,H1,ADV,1,R2,CTRL,1
35057e43-6ca8-424f-b560-1a428ffe56c0,H,H1,ADV,1,R2,ORG,3
35057e43-6ca8-424f-b560-1a428ffe56c0,H,H1,ADV,1,R2,USER,2
35057e43-6ca8-424f-b560-1a428ffe56c0,H,H1,REL,2,R1,CTRL,1
35057e43-6ca8-424f-b560-1a428ffe56c0,H,H1,REL,2,R1,ORG,2
35057e43-6ca8-424f-b560-1a428ffe56c0,H,H1,REL,2,R1,USER,3
35057e43-6ca8-424f-b560-1a428ffe56c0,H,H1,REL,2,R2,CTRL,1
35057e43-6ca8-424f-b560-1a428ffe56c0,H,H1,REL,2,R2,ORG,2
35057e43-6ca8-424f-b560-1a428ffe56c0,H,H1,REL,2,R2,USER,3
35057e43-6ca8-424f-b560-1a428ffe56c0,H,H1,COL,3,R1,CTRL,2
35057e43-6ca8-424f-b560-1a428ffe56c0,H,H1,COL,3,R1,ORG,3
35057e43-6ca8-424f-b560-1a428ffe56c0,H,H1,COL,3,R1,USER,1
35057e43-6ca8-424f-b560-1a428ffe56c0,H,H1,COL,3,R2,CTRL,2
35057e43-6ca8-424f-b560-1a428ffe56c0,H,H1,COL,3,R2,ORG,3
35057e43-6ca8-424f-b560-1a428ffe56c0,H,H1,COL,3,R2,USER,1
8c01457f-fd4b-4cac-b1e8-df525cf494c8,A,A,ADV,1,R1,AI,1
8c01457f-fd4b-4cac-b1e8-df525cf494c8,A,A,ADV,1,R1,ORG,3
8c01457f-fd4b-4cac-b1e8-df525cf494c8,A,A,ADV,1,R1,USER,2
8c01457f-fd4b-4cac-b1e8-df525cf494c8,A,A,ADV,1,R2,AI,2
8c01457f-fd4b-4cac-b1e8-df525cf494c8,A,A,ADV,1,R2,ORG,3
8c01457f-fd4b-4cac-b1e8-df525cf494c8,A,A,ADV,1,R2,USER,1
8c01457f-fd4b-4cac-b1e8-df525cf494c8,A,A,COL,2,R1,AI,1
8c01457f-fd4b-4cac-b1e8-df525cf494c8,A,A,COL,2,R1,ORG,2
8c01457f-fd4b-4cac-b1e8-df525cf494c8,A,A,COL,2,R1,USER,3
8c01457f-fd4b-4cac-b1e8-df525cf494c8,A,A,COL,2,R2,AI,1
8c01457f-fd4b-4cac-b1e8-df525cf494c8,A,A,COL,2,R2,ORG,2
8c01457f-fd4b-4cac-b1e8-df525cf494c8,A,A,COL,2,R2,USER,3
8c01457f-fd4b-4cac-b1e8-df525cf494c8,A,A,REL,3,R1,AI,1
8c01457f-fd4b-4cac-b1e8-df525cf494c8,A,A,REL,3,R1,ORG,2
8c01457f-fd4b-4cac-b1e8-df525cf494c8,A,A,REL,3,R1,USER,3
8c01457f-fd4b-4cac-b1e8-df525cf494c8,A,A,REL,3,R2,AI,1
8c01457f-fd4b-4cac-b1e8-df525cf494c8,A,A,REL,3,R2,ORG,2
8c01457f-fd4b-4cac-b1e8-df525cf494c8,A,A,REL,3,R2,USER,3
32c0e1d1-7e14-4e7e-9a34-79c267424973,HA,HA1,ADV,1,R1,CTRL,1
32c0e1d1-7e14-4e7e-9a34-79c267424973,HA,HA1,ADV,1,R1,AI,2
32c0e1d1-7e14-4e7e-9a34-79c267424973,HA,HA1,ADV,1,R1,ORG,3
32c0e1d1-7e14-4e7e-9a34-79c267424973,HA,HA1,ADV,1,R1,USER,4
32c0e1d1-7e14-4e7e-9a34-79c267424973,HA,HA1,ADV,1,R2,CTRL,1
32c0e1d1-7e14-4e7e-9a34-79c267424973,HA,HA1,ADV,1,R2,AI,2
32c0e1d1-7e14-4e7e-9a34-79c267424973,HA,HA1,ADV,1,R2,ORG,3
32c0e1d1-7e14-4e7e-9a34-79c267424973,HA,HA1,ADV,1,R2,USER,4
32c0e1d1-7e14-4e7e-9a34-79c267424973,HA,HA1,REL,2,R1,CTRL,2
32c0e1d1-7e14-4e7e-9a34-79c267424973,HA,HA1,REL,2,R1,AI,3
32c0e1d1-7e14-4e7e-9a34-79c267424973,HA,HA1,REL,2,R1,ORG,1
32c0e1d1-7e14-4e7e-9a34-79c267424973,HA,HA1,REL,2,R1,USER,4
32c0e1d1-7e14-4e7e-9a34-79c267424973,HA,HA1,REL,2,R2,CTRL,2
32c0e1d1-7e14-4e7e-9a34-79c267424973,HA,HA1,REL,2,R2,AI,3
32c0e1d1-7e14-4e7e-9a34-79c267424973,HA,HA1,REL,2,R2,ORG,1
32c0e1d1-7e14-4e7e-9a34-79c267424973,HA,HA1,REL,2,R2,USER,4
32c0e1d1-7e14-4e7e-9a34-79c267424973,HA,HA1,COL,3,R1,CTRL,1
32c0e1d1-7e14-4e7e-9a34-79c267424973,HA,HA1,COL,3,R1,AI,2
32c0e1d1-7e14-4e7e-9a34-79c267424973,HA,HA1,COL,3,R1,ORG,3
32c0e1d1-7e14-4e7e-9a34-79c267424973,HA,HA1,COL,3,R1,USER,4
32c0e1d1-7e14-4e7e-9a34-79c267424973,HA,HA1,COL,3,R2,CTRL,2
32c0e1d1-7e14-4e7e-9a34-79c267424973,HA,HA1,COL,3,R2,AI,1
32c0e1d1-7e14-4e7e-9a34-79c267424973,HA,HA1,COL,3,R2,ORG,3
32c0e1d1-7e14-4e7e-9a34-79c267424973,HA,HA1,COL,3,R2,USER,4
dee4a69a-fa41-4488-8460-e94bcc7fcec0,HA,HA2,REL,1,R1,CTRL,3
dee4a69a-fa41-4488-8460-e94bcc7fcec0,HA,HA2,REL,1,R1,AI,2
dee4a69a-fa41-4488-8460-e94bcc7fcec0,HA,HA2,REL,1,R1,ORG,1
dee4a69a-fa41-4488-8460-e94bcc7fcec0,HA,HA2,REL,1,R1,USER,4
dee4a69a-fa41-4488-8460-e94bcc7fcec0,HA,HA2,REL,1,R2,CTRL,1
dee4a69a-fa41-4488-8460-e94bcc7fcec0,HA,HA2,REL,1,R2,AI,3
dee4a69a-fa41-4488-8460-e94bcc7fcec0,HA,HA2,REL,1,R2,ORG,2
dee4a69a-fa41-4488-8460-e94bcc7fcec0,HA,HA2,REL,1,R2,USER,4
dee4a69a-fa41-4488-8460-e94bcc7fcec0,HA,HA2,COL,2,R1,CTRL,1
dee4a69a-fa41-4488-8460-e94bcc7fcec0,HA,HA2,COL,2,R1,AI,2
dee4a69a-fa41-4488-8460-e94bcc7fcec0,HA,HA2,COL,2,R1,ORG,3
dee4a69a-fa41-4488-8460-e94bcc7fcec0,HA,HA2,COL,2,R1,USER,4
dee4a69a-fa41-4488-8460-e94bcc7fcec0,HA,HA2,COL,2,R2,CTRL,3
dee4a69a-fa41-4488-8460-e94bcc7fcec0,HA,HA2,COL,2,R2,AI,2
dee4a69a-fa41-4488-8460-e94bcc7fcec0,HA,HA2,COL,2,R2,ORG,1
dee4a69a-fa41-4488-8460-e94bcc7fcec0,HA,HA2,COL,2,R2,USER,4
dee4a69a-fa41-4488-8460-e94bcc7fcec0,HA,HA2,ADV,3,R1,CTRL,2
dee4a69a-fa41-4488-8460-e94bcc7fcec0,HA,HA2,ADV,3,R1,AI,3
dee4a69a-fa41-4488-8460-e94bcc7fcec0,HA,HA2,ADV,3,R1,ORG,1
dee4a69a-fa41-4488-8460-e94bcc7fcec0,HA,HA2,ADV,3,R1,USER,4
dee4a69a-fa41-4488-8460-e94bcc7fcec0,HA,HA2,ADV,3,R2,CTRL,3
dee4a69a-fa41-4488-8460-e94bcc7fcec0,HA,HA2,ADV,3,R2,AI,2
dee4a69a-fa41-4488-8460-e94bcc7fcec0,HA,HA2,ADV,3,R2,ORG,1
dee4a69a-fa41-4488-8460-e94bcc7fcec0,HA,HA2,ADV,3,R2,USER,4
037e2cc2-250c-40bb-bc6f-4a8ca92fa73d,HA,HA3,ADV,1,R1,CTRL,2
037e2cc2-250c-40bb-bc6f-4a8ca92fa73d,HA,HA3,ADV,1,R1,AI,3
037e2cc2-250c-40bb-bc6f-4a8ca92fa73d,HA,HA3,ADV,1,R1,ORG,4
037e2cc2-250c-40bb-bc6f-4a8ca92fa73d,HA,HA3,ADV,1,R1,USER,1
037e2cc2-250c-40bb-bc6f-4a8ca92fa73d,HA,HA3,ADV,1,R2,CTRL,2
037e2cc2-250c-40bb-bc6f-4a8ca92fa73d,HA,HA3,ADV,1,R2,AI,3
037e2cc2-250c-40bb-bc6f-4a8ca92fa73d,HA,HA3,ADV,1,R2,ORG,4
037e2cc2-250c-40bb-bc6f-4a8ca92fa73d,HA,HA3,ADV,1,R2,USER,1
037e2cc2-250c-40bb-bc6f-4a8ca92fa73d,HA,HA3,COL,2,R1,CTRL,1
037e2cc2-250c-40bb-bc6f-4a8ca92fa73d,HA,HA3,COL,2,R1,AI,2
037e2cc2-250c-40bb-bc6f-4a8ca92fa73d,HA,HA3,COL,2,R1,ORG,4
037e2cc2-250c-40bb-bc6f-4a8ca92fa73d,HA,HA3,COL,2,R1,USER,3
037e2cc2-250c-40bb-bc6f-4a8ca92fa73d,HA,HA3,COL,2,R2,CTRL,1
037e2cc2-250c-40bb-bc6f-4a8ca92fa73d,HA,HA3,COL,2,R2,AI,2
037e2cc2-250c-40bb-bc6f-4a8ca92fa73d,HA,HA3,COL,2,R2,ORG,4
037e2cc2-250c-40bb-bc6f-4a8ca92fa73d,HA,HA3,COL,2,R2,USER,3
037e2cc2-250c-40bb-bc6f-4a8ca92fa73d,HA,HA3,REL,3,R1,CTRL,1
037e2cc2-250c-40bb-bc6f-4a8ca92fa73d,HA,HA3,REL,3,R1,AI,2
037e2cc2-250c-40bb-bc6f-4a8ca92fa73d,HA,HA3,REL,3,R1,ORG,3
037e2cc2-250c-40bb-bc6f-4a8ca92fa73d,HA,HA3,REL,3,R1,USER,4
037e2cc2-250c-40bb-bc6f-4a8ca92fa73d,HA,HA3,REL,3,R2,CTRL,1
037e2cc2-250c-40bb-bc6f-4a8ca92fa73d,HA,HA3,REL,3,R2,AI,2
037e2cc2-250c-40bb-bc6f-4a8ca92fa73d,HA,HA3,REL,3,R2,ORG,3
037e2cc2-250c-40bb-bc6f-4a8ca92fa73d,HA,HA3,REL,3,R2,USER,4
36254981-6b14-48df-8f4e-e6f469e3936d,HA,HA2,ADV,1,R1,CTRL,1
36254981-6b14-48df-8f4e-e6f469e3936d,HA,HA2,ADV,1,R1,AI,2
36254981-6b14-48df-8f4e-e6f469e3936d,HA,HA2,ADV,1,R1,ORG,3
36254981-6b14-48df-8f4e-e6f469e3936d,HA,HA2,ADV,1,R1,USER,4
36254981-6b14-48df-8f4e-e6f469e3936d,HA,HA2,ADV,1,R2,CTRL,1
36254981-6b14-48df-8f4e-e6f469e3936d,HA,HA2,ADV,1,R2,AI,2
36254981-6b14-48df-8f4e-e6f469e3936d,HA,HA2,ADV,1,R2,ORG,3
36254981-6b14-48df-8f4e-e6f469e3936d,HA,HA2,ADV,1,R2,USER,4
36254981-6b14-48df-8f4e-e6f469e3936d,HA,HA2,REL,2,R1,CTRL,1
36254981-6b14-48df-8f4e-e6f469e3936d,HA,HA2,REL,2,R1,AI,2
36254981-6b14-48df-8f4e-e6f469e3936d,HA,HA2,REL,2,R1,ORG,3
36254981-6b14-48df-8f4e-e6f469e3936d,HA,HA2,REL,2,R1,USER,4
36254981-6b14-48df-8f4e-e6f469e3936d,HA,HA2,REL,2,R2,CTRL,1
36254981-6b14-48df-8f4e-e6f469e3936d,HA,HA2,REL,2,R2,AI,2
36254981-6b14-48df-8f4e-e6f469e3936d,HA,HA2,REL,2,R2,ORG,3
36254981-6b14-48df-8f4e-e6f469e3936d,HA,HA2,REL,2,R2,USER,4
36254981-6b14-48df-8f4e-e6f469e3936d,HA,HA2,COL,3,R1,CTRL,1
36254981-6b14-48df-8f4e-e6f469e3936d,HA,HA2,COL,3,R1,AI,2
36254981-6b14-48df-8f4e-e6f469e3936d,HA,HA2,COL,3,R1,ORG,3
36254981-6b14-48df-8f4e-e6f469e3936d,HA,HA2,COL,3,R1,USER,4
36254981-6b14-48df-8f4e-e6f469e3936d,HA,HA2,COL,3,R2,CTRL,1
36254981-6b14-48df-8f4e-e6f469e3936d,HA,HA2,COL,3,R2,AI,2
36254981-6b14-48df-8f4e-e6f469e3936d,HA,HA2,COL,3,R2,ORG,3
36254981-6b14-48df-8f4e-e6f469e3936d,HA,HA2,COL,3,R2,USER,4
09299d61-82dd-4739-b4cc-98cc77e3d3b8,H,H1,COL,1,R1,CTRL,2
09299d61-82dd-4739-b4cc-98cc77e3d3b8,H,H1,COL,1,R1,ORG,1
09299d61-82dd-4739-b4cc-98cc77e3d3b8,H,H1,COL,1,R1,USER,3
09299d61-82dd-4739-b4cc-98cc77e3d3b8,H,H1,COL,1,R2,CTRL,2
09299d61-82dd-4739-b4cc-98cc77e3d3b8,H,H1,COL,1,R2,ORG,1
09299d61-82dd-4739-b4cc-98cc77e3d3b8,H,H1,COL,1,R2,USER,3
09299d61-82dd-4739-b4cc-98cc77e3d3b8,H,H1,ADV,2,R1,CTRL,1
09299d61-82dd-4739-b4cc-98cc77e3d3b8,H,H1,ADV,2,R1,ORG,2
09299d61-82dd-4739-b4cc-98cc77e3d3b8,H,H1,ADV,2,R1,USER,3
09299d61-82dd-4739-b4cc-98cc77e3d3b8,H,H1,ADV,2,R2,CTRL,2
09299d61-82dd-4739-b4cc-98cc77e3d3b8,H,H1,ADV,2,R2,ORG,3
09299d61-82dd-4739-b4cc-98cc77e3d3b8,H,H1,ADV,2,R2,USER,1
09299d61-82dd-4739-b4cc-98cc77e3d3b8,H,H1,REL,3,R1,CTRL,1
09299d61-82dd-4739-b4cc-98cc77e3d3b8,H,H1,REL,3,R1,ORG,2
09299d61-82dd-4739-b4cc-98cc77e3d3b8,H,H1,REL,3,R1,USER,3
09299d61-82dd-4739-b4cc-98cc77e3d3b8,H,H1,REL,3,R2,CTRL,1
09299d61-82dd-4739-b4cc-98cc77e3d3b8,H,H1,REL,3,R2,ORG,2
09299d61-82dd-4739-b4cc-98cc77e3d3b8,H,H1,REL,3,R2,USER,3
e1a45651-cb37-43e9-ab4a-70ea7659edb2,A,A,ADV,1,R1,AI,1
e1a45651-cb37-43e9-ab4a-70ea7659edb2,A,A,ADV,1,R1,ORG,2
e1a45651-cb37-43e9-ab4a-70ea7659edb2,A,A,ADV,1,R1,USER,3
e1a45651-cb37-43e9-ab4a-70ea7659edb2,A,A,ADV,1,R2,AI,1
e1a45651-cb37-43e9-ab4a-70ea7659edb2,A,A,ADV,1,R2,ORG,2
e1a45651-cb37-43e9-ab4a-70ea7659edb2,A,A,ADV,1,R2,USER,3
e1a45651-cb37-43e9-ab4a-70ea7659edb2,A,A,REL,2,R1,AI,1
e1a45651-cb37-43e9-ab4a-70ea7659edb2,A,A,REL,2,R1,ORG,2
e1a45651-cb37-43e9-ab4a-70ea7659edb2,A,A,REL,2,R1,USER,3
e1a45651-cb37-43e9-ab4a-70ea7659edb2,A,A,REL,2,R2,AI,1
e1a45651-cb37-43e9-ab4a-70ea7659edb2,A,A,REL,2,R2,ORG,2
e1a45651-cb37-43e9-ab4a-70ea7659edb2,A,A,REL,2,R2,USER,3
e1a45651-cb37-43e9-ab4a-70ea7659edb2,A,A,COL,3,R1,AI,1
e1a45651-cb37-43e9-ab4a-70ea7659edb2,A,A,COL,3,R1,ORG,2
e1a45651-cb37-43e9-ab4a-70ea7659edb2,A,A,COL,3,R1,USER,3
e1a45651-cb37-43e9-ab4a-70ea7659edb2,A,A,COL,3,R2,AI,1
e1a45651-cb37-43e9-ab4a-70ea7659edb2,A,A,COL,3,R2,ORG,2
e1a45651-cb37-43e9-ab4a-70ea7659edb2,A,A,COL,3,R2,USER,3
a51241bc-bab2-45cd-b646-bf70aeba897a,H,H3,REL,1,R1,CTRL,1
a51241bc-bab2-45cd-b646-bf70aeba897a,H,H3,REL,1,R1,ORG,2
a51241bc-bab2-45cd-b646-bf70aeba897a,H,H3,REL,1,R1,USER,3
a51241bc-bab2-45cd-b646-bf70aeba897a,H,H3,REL,1,R2,CTRL,1
a51241bc-bab2-45cd-b646-bf70aeba897a,H,H3,REL,1,R2,ORG,3
a51241bc-bab2-45cd-b646-bf70aeba897a,H,H3,REL,1,R2,USER,2
a51241bc-bab2-45cd-b646-bf70aeba897a,H,H3,COL,2,R1,CTRL,1
a51241bc-bab2-45cd-b646-bf70aeba897a,H,H3,COL,2,R1,ORG,3
a51241bc-bab2-45cd-b646-bf70aeba897a,H,H3,COL,2,R1,USER,2
a51241bc-bab2-45cd-b646-bf70aeba897a,H,H3,COL,2,R2,CTRL,1
a51241bc-bab2-45cd-b646-bf70aeba897a,H,H3,COL,2,R2,ORG,3
a51241bc-bab2-45cd-b646-bf70aeba897a,H,H3,COL,2,R2,USER,2
a51241bc-bab2-45cd-b646-bf70aeba897a,H,H3,ADV,3,R1,CTRL,1
a51241bc-bab2-45cd-b646-bf70aeba897a,H,H3,ADV,3,R1,ORG,3
a51241bc-bab2-45cd-b646-bf70aeba897a,H,H3,ADV,3,R1,USER,2
a51241bc-bab2-45cd-b646-bf70aeba897a,H,H3,ADV,3,R2,CTRL,1
a51241bc-bab2-45cd-b646-bf70aeba897a,H,H3,ADV,3,R2,ORG,2
a51241bc-bab2-45cd-b646-bf70aeba897a,H,H3,ADV,3,R2,USER,3
183aa168-7931-4cf4-827e-cd6cff0472b8,HA,HA1,ADV,1,R1,CTRL,1
183aa168-7931-4cf4-827e-cd6cff0472b8,HA,HA1,ADV,1,R1,AI,4
183aa168-7931-4cf4-827e-cd6cff0472b8,HA,HA1,ADV,1,R1,ORG,3
183aa168-7931-4cf4-827e-cd6cff0472b8,HA,HA1,ADV,1,R1,USER,2
183aa168-7931-4cf4-827e-cd6cff0472b8,HA,HA1,ADV,1,R2,CTRL,1
183aa168-7931-4cf4-827e-cd6cff0472b8,HA,HA1,ADV,1,R2,AI,4
183aa168-7931-4cf4-827e-cd6cff0472b8,HA,HA1,ADV,1,R2,ORG,2
183aa168-7931-4cf4-827e-cd6cff0472b8,HA,HA1,ADV,1,R2,USER,3
183aa168-7931-4cf4-827e-cd6cff0472b8,HA,HA1,COL,2,R1,CTRL,2
183aa168-7931-4cf4-827e-cd6cff0472b8,HA,HA1,COL,2,R1,AI,3
183aa168-7931-4cf4-827e-cd6cff0472b8,HA,HA1,COL,2,R1,ORG,4
183aa168-7931-4cf4-827e-cd6cff0472b8,HA,HA1,COL,2,R1,USER,1
183aa168-7931-4cf4-827e-cd6cff0472b8,HA,HA1,COL,2,R2,CTRL,1
183aa168-7931-4cf4-827e-cd6cff0472b8,HA,HA1,COL,2,R2,AI,2
183aa168-7931-4cf4-827e-cd6cff0472b8,HA,HA1,COL,2,R2,ORG,4
183aa168-7931-4cf4-827e-cd6cff0472b8,HA,HA1,COL,2,R2,USER,3
183aa168-7931-4cf4-827e-cd6cff0472b8,HA,HA1,REL,3,R1,CTRL,1
183aa168-7931-4cf4-827e-cd6cff0472b8,HA,HA1,REL,3,R1,AI,2
183aa168-7931-4cf4-827e-cd6cff0472b8,HA,HA1,REL,3,R1,ORG,3
183aa168-7931-4cf4-827e-cd6cff0472b8,HA,HA1,REL,3,R1,USER,4
183aa168-7931-4cf4-827e-cd6cff0472b8,HA,HA1,REL,3,R2,CTRL,1
183aa168-7931-4cf4-827e-cd6cff0472b8,HA,HA1,REL,3,R2,AI,2
183aa168-7931-4cf4-827e-cd6cff0472b8,HA,HA1,REL,3,R2,ORG,3
183aa168-7931-4cf4-827e-cd6cff0472b8,HA,HA1,REL,3,R2,USER,4
1af49545-f786-4c76-9b5e-85ad9453db7e,HA,HA1,REL,1,R1,CTRL,3
1af49545-f786-4c76-9b5e-85ad9453db7e,HA,HA1,REL,1,R1,AI,1
1af49545-f786-4c76-9b5e-85ad9453db7e,HA,HA1,REL,1,R1,ORG,2
1af49545-f786-4c76-9b5e-85ad9453db7e,HA,HA1,REL,1,R1,USER,4
1af49545-f786-4c76-9b5e-85ad9453db7e,HA,HA1,REL,1,R2,CTRL,2
1af49545-f786-4c76-9b5e-85ad9453db7e,HA,HA1,REL,1,R2,AI,1
1af49545-f786-4c76-9b5e-85ad9453db7e,HA,HA1,REL,1,R2,ORG,3
1af49545-f786-4c76-9b5e-85ad9453db7e,HA,HA1,REL,1,R2,USER,4
1af49545-f786-4c76-9b5e-85ad9453db7e,HA,HA1,ADV,2,R1,CTRL,3
1af49545-f786-4c76-9b5e-85ad9453db7e,HA,HA1,ADV,2,R1,AI,1
1af49545-f786-4c76-9b5e-85ad9453db7e,HA,HA1,ADV,2,R1,ORG,2
1af49545-f786-4c76-9b5e-85ad9453db7e,HA,HA1,ADV,2,R1,USER,4
1af49545-f786-4c76-9b5e-85ad9453db7e,HA,HA1,ADV,2,R2,CTRL,2
1af49545-f786-4c76-9b5e-85ad9453db7e,HA,HA1,ADV,2,R2,AI,1
1af49545-f786-4c76-9b5e-85ad9453db7e,HA,HA1,ADV,2,R2,ORG,3
1af49545-f786-4c76-9b5e-85ad9453db7e,HA,HA1,ADV,2,R2,USER,4
1af49545-f786-4c76-9b5e-85ad9453db7e,HA,HA1,COL,3,R1,CTRL,3
1af49545-f786-4c76-9b5e-85ad9453db7e,HA,HA1,COL,3,R1,AI,1
1af49545-f786-4c76-9b5e-85ad9453db7e,HA,HA1,COL,3,R1,ORG,2
1af49545-f786-4c76-9b5e-85ad9453db7e,HA,HA1,COL,3,R1,USER,4
1af49545-f786-4c76-9b5e-85ad9453db7e,HA,HA1,COL,3,R2,CTRL,2
1af49545-f786-4c76-9b5e-85ad9453db7e,HA,HA1,COL,3,R2,AI,1
1af49545-f786-4c76-9b5e-85ad9453db7e,HA,HA1,COL,3,R2,ORG,3
1af49545-f786-4c76-9b5e-85ad9453db7e,HA,HA1,COL,3,R2,USER,4
f0f1f334-0813-4391-a751-f43866380806,H,H3,REL,1,R1,CTRL,1
f0f1f334-0813-4391-a751-f43866380806,H,H3,REL,1,R1,ORG,3
f0f1f334-0813-4391-a751-f43866380806,H,H3,REL,1,R1,USER,2
f0f1f334-0813-4391-a751-f43866380806,H,H3,REL,1,R2,CTRL,2
f0f1f334-0813-4391-a751-f43866380806,H,H3,REL,1,R2,ORG,3
f0f1f334-0813-4391-a751-f43866380806,H,H3,REL,1,R2,USER,1
f0f1f334-0813-4391-a751-f43866380806,H,H3,ADV,2,R1,CTRL,1
f0f1f334-0813-4391-a751-f43866380806,H,H3,ADV,2,R1,ORG,2
f0f1f334-0813-4391-a751-f43866380806,H,H3,ADV,2,R1,USER,3
f0f1f334-0813-4391-a751-f43866380806,H,H3,ADV,2,R2,CTRL,1
f0f1f334-0813-4391-a751-f43866380806,H,H3,ADV,2,R2,ORG,2
f0f1f334-0813-4391-a751-f43866380806,H,H3,ADV,2,R2,USER,3
f0f1f334-0813-4391-a751-f43866380806,H,H3,COL,3,R1,CTRL,1
f0f1f334-0813-4391-a751-f43866380806,H,H3,COL,3,R1,ORG,2
f0f1f334-0813-4391-a751-f43866380806,H,H3,COL,3,R1,USER,3
f0f1f334-0813-4391-a751-f43866380806,H,H3,COL,3,R2,CTRL,1
f0f1f334-0813-4391-a751-f43866380806,H,H3,COL,3,R2,ORG,2
f0f1f334-0813-4391-a751-f43866380806,H,H3,COL,3,R2,USER,3
fc74d7ce-2818-4bb0-aa42-e9002d717c03,H,H1,COL,1,R1,CTRL,2
fc74d7ce-2818-4bb0-aa42-e9002d717c03,H,H1,COL,1,R1,ORG,3
fc74d7ce-2818-4bb0-aa42-e9002d717c03,H,H1,COL,1,R1,USER,1
fc74d7ce-2818-4bb0-aa42-e9002d717c03,H,H1,COL,1,R2,CTRL,2
fc74d7ce-2818-4bb0-aa42-e9002d717c03,H,H1,COL,1,R2,ORG,3
fc74d7ce-2818-4bb0-aa42-e9002d717c03,H,H1,COL,1,R2,USER,1
fc74d7ce-2818-4bb0-aa42-e9002d717c03,H,H1,REL,2,R1,CTRL,1
fc74d7ce-2818-4bb0-aa42-e9002d717c03,H,H1,REL,2,R1,ORG,3
fc74d7ce-2818-4bb0-aa42-e9002d717c03,H,H1,REL,2,R1,USER,2
fc74d7ce-2818-4bb0-aa42-e9002d717c03,H,H1,REL,2,R2,CTRL,1
fc74d7ce-2818-4bb0-aa42-e9002d717c03,H,H1,REL,2,R2,ORG,3
fc74d7ce-2818-4bb0-aa42-e9002d717c03,H,H1,REL,2,R2,USER,2
fc74d7ce-2818-4bb0-aa42-e9002d717c03,H,H1,ADV,3,R1,CTRL,2
fc74d7ce-2818-4bb0-aa42-e9002d717c03,H,H1,ADV,3,R1,ORG,3
fc74d7ce-2818-4bb0-aa42-e9002d717c03,H,H1,ADV,3,R1,USER,1
fc74d7ce-2818-4bb0-aa42-e9002d717c03,H,H1,ADV,3,R2,CTRL,2
fc74d7ce-2818-4bb0-aa42-e9002d717c03,H,H1,ADV,3,R2,ORG,3
fc74d7ce-2818-4bb0-aa42-e9002d717c03,H,H1,ADV,3,R2,USER,1
087e2941-50e2-4040-b28e-4a6bc2fda26d,H,H3,COL,1,R1,CTRL,1
087e2941-50e2-4040-b28e-4a6bc2fda26d,H,H3,COL,1,R1,ORG,2
087e2941-50e2-4040-b28e-4a6bc2fda26d,H,H3,COL,1,R1,USER,3
087e2941-50e2-4040-b28e-4a6bc2fda26d,H,H3,COL,1,R2,CTRL,2
087e2941-50e2-4040-b28e-4a6bc2fda26d,H,H3,COL,1,R2,ORG,1
087e2941-50e2-4040-b28e-4a6bc2fda26d,H,H3,COL,1,R2,USER,3
087e2941-50e2-4040-b28e-4a6bc2fda26d,H,H3,ADV,2,R1,CTRL,3
087e2941-50e2-4040-b28e-4a6bc2fda26d,H,H3,ADV,2,R1,ORG,2
087e2941-50e2-4040-b28e-4a6bc2fda26d,H,H3,ADV,2,R1,USER,1
087e2941-50e2-4040-b28e-4a6bc2fda26d,H,H3,ADV,2,R2,CTRL,2
087e2941-50e2-4040-b28e-4a6bc2fda26d,H,H3,ADV,2,R2,ORG,1
087e2941-50e2-4040-b28e-4a6bc2fda26d,H,H3,ADV,2,R2,USER,3
087e2941-50e2-4040-b28e-4a6bc2fda26d,H,H3,REL,3,R1,CTRL,2
087e2941-50e2-4040-b28e-4a6bc2fda26d,H,H3,REL,3,R1,ORG,1
087e2941-50e2-4040-b28e-4a6bc2fda26d,H,H3,REL,3,R1,USER,3
087e2941-50e2-4040-b28e-4a6bc2fda26d,H,H3,REL,3,R2,CTRL,2
087e2941-50e2-4040-b28e-4a6bc2fda26d,H,H3,REL,3,R2,ORG,1
087e2941-50e2-4040-b28e-4a6bc2fda26d,H,H3,REL,3,R2,USER,3
09d7687a-d4e3-4019-a688-dc877b72cee9,HA,HA2,COL,1,R1,CTRL,4
09d7687a-d4e3-4019-a688-dc877b72cee9,HA,HA2,COL,1,R1,AI,2
09d7687a-d4e3-4019-a688-dc877b72cee9,HA,HA2,COL,1,R1,ORG,3
09d7687a-d4e3-4019-a688-dc877b72cee9,HA,HA2,COL,1,R1,USER,1
09d7687a-d4e3-4019-a688-dc877b72cee9,HA,HA2,COL,1,R2,CTRL,3
09d7687a-d4e3-4019-a688-dc877b72cee9,HA,HA2,COL,1,R2,AI,4
09d7687a-d4e3-4019-a688-dc877b72cee9,HA,HA2,COL,1,R2,ORG,2
09d7687a-d4e3-4019-a688-dc877b72cee9,HA,HA2,COL,1,R2,USER,1
09d7687a-d4e3-4019-a688-dc877b72cee9,HA,HA2,REL,2,R1,CTRL,4
09d7687a-d4e3-4019-a688-dc877b72cee9,HA,HA2,REL,2,R1,AI,3
09d7687a-d4e3-4019-a688-dc877b72cee9,HA,HA2,REL,2,R1,ORG,2
09d7687a-d4e3-4019-a688-dc877b72cee9,HA,HA2,REL,2,R1,USER,1
09d7687a-d4e3-4019-a688-dc877b72cee9,HA,HA2,REL,2,R2,CTRL,3
09d7687a-d4e3-4019-a688-dc877b72cee9,HA,HA2,REL,2,R2,AI,4
09d7687a-d4e3-4019-a688-dc877b72cee9,HA,HA2,REL,2,R2,ORG,2
09d7687a-d4e3-4019-a688-dc877b72cee9,HA,HA2,REL,2,R2,USER,1
09d7687a-d4e3-4019-a688-dc877b72cee9,HA,HA2,ADV,3,R1,CTRL,3
09d7687a-d4e3-4019-a688-dc877b72cee9,HA,HA2,ADV,3,R1,AI,4
09d7687a-d4e3-4019-a688-dc877b72cee9,HA,HA2,ADV,3,R1,ORG,2
09d7687a-d4e3-4019-a688-dc877b72cee9,HA,HA2,ADV,3,R1,USER,1
09d7687a-d4e3-4019-a688-dc877b72cee9,HA,HA2,ADV,3,R2,CTRL,3
09d7687a-d4e3-4019-a688-dc877b72cee9,HA,HA2,ADV,3,R2,AI,4
09d7687a-d4e3-4019-a688-dc877b72cee9,HA,HA2,ADV,3,R2,ORG,2
09d7687a-d4e3-4019-a688-dc877b72cee9,HA,HA2,ADV,3,R2,USER,1
79be0c22-08c8-47ab-a65e-8c45e2e73ffb,H,H2,ADV,1,R1,CTRL,2
79be0c22-08c8-47ab-a65e-8c45e2e73ffb,H,H2,ADV,1,R1,ORG,3
79be0c22-08c8-47ab-a65e-8c45e2e73ffb,H,H2,ADV,1,R1,USER,1
79be0c22-08c8-47ab-a65e-8c45e2e73ffb,H,H2,ADV,1,R2,CTRL,2
79be0c22-08c8-47ab-a65e-8c45e2e73ffb,H,H2,ADV,1,R2,ORG,3
79be0c22-08c8-47ab-a65e-8c45e2e73ffb,H,H2,ADV,1,R2,USER,1
79be0c22-08c8-47ab-a65e-8c45e2e73ffb,H,H2,COL,2,R1,CTRL,1
79be0c22-08c8-47ab-a65e-8c45e2e73ffb,H,H2,COL,2,R1,ORG,3
79be0c22-08c8-47ab-a65e-8c45e2e73ffb,H,H2,COL,2,R1,USER,2
79be0c22-08c8-47ab-a65e-8c45e2e73ffb,H,H2,COL,2,R2,CTRL,1
79be0c22-08c8-47ab-a65e-8c45e2e73ffb,H,H2,COL,2,R2,ORG,3
79be0c22-08c8-47ab-a65e-8c45e2e73ffb,H,H2,COL,2,R2,USER,2
79be0c22-08c8-47ab-a65e-8c45e2e73ffb,H,H2,REL,3,R1,CTRL,1
79be0c22-08c8-47ab-a65e-8c45e2e73ffb,H,H2,REL,3,R1,ORG,2
79be0c22-08c8-47ab-a65e-8c45e2e73ffb,H,H2,REL,3,R1,USER,3
79be0c22-08c8-47ab-a65e-8c45e2e73ffb,H,H2,REL,3,R2,CTRL,1
79be0c22-08c8-47ab-a65e-8c45e2e73ffb,H,H2,REL,3,R2,ORG,2
79be0c22-08c8-47ab-a65e-8c45e2e73ffb,H,H2,REL,3,R2,USER,3
133187e9-2dfe-487d-b155-2fc9fac5cabc,HA,HA3,COL,1,R1,CTRL,1
133187e9-2dfe-487d-b155-2fc9fac5cabc,HA,HA3,COL,1,R1,AI,2
133187e9-2dfe-487d-b155-2fc9fac5cabc,HA,HA3,COL,1,R1,ORG,3
133187e9-2dfe-487d-b155-2fc9fac5cabc,HA,HA3,COL,1,R1,USER,4
133187e9-2dfe-487d-b155-2fc9fac5cabc,HA,HA3,COL,1,R2,CTRL,1
133187e9-2dfe-487d-b155-2fc9fac5cabc,HA,HA3,COL,1,R2,AI,2
133187e9-2dfe-487d-b155-2fc9fac5cabc,HA,HA3,COL,1,R2,ORG,3
133187e9-2dfe-487d-b155-2fc9fac5cabc,HA,HA3,COL,1,R2,USER,4
133187e9-2dfe-487d-b155-2fc9fac5cabc,HA,HA3,REL,2,R1,CTRL,1
133187e9-2dfe-487d-b155-2fc9fac5cabc,HA,HA3,REL,2,R1,AI,2
133187e9-2dfe-487d-b155-2fc9fac5cabc,HA,HA3,REL,2,R1,ORG,3
133187e9-2dfe-487d-b155-2fc9fac5cabc,HA,HA3,REL,2,R1,USER,4
133187e9-2dfe-487d-b155-2fc9fac5cabc,HA,HA3,REL,2,R2,CTRL,2
133187e9-2dfe-487d-b155-2fc9fac5cabc,HA,HA3,REL,2,R2,AI,3
133187e9-2dfe-487d-b155-2fc9fac5cabc,HA,HA3,REL,2,R2,ORG,4
133187e9-2dfe-487d-b155-2fc9fac5cabc,HA,HA3,REL,2,R2,USER,1
133187e9-2dfe-487d-b155-2fc9fac5cabc,HA,HA3,ADV,3,R1,CTRL,1
133187e9-2dfe-487d-b155-2fc9fac5cabc,HA,HA3,ADV,3,R1,AI,4
133187e9-2dfe-487d-b155-2fc9fac5cabc,HA,HA3,ADV,3,R1,ORG,3
133187e9-2dfe-487d-b155-2fc9fac5cabc,HA,HA3,ADV,3,R1,USER,2
133187e9-2dfe-487d-b155-2fc9fac5cabc,HA,HA3,ADV,3,R2,CTRL,1
133187e9-2dfe-487d-b155-2fc9fac5cabc,HA,HA3,ADV,3,R2,AI,2
133187e9-2dfe-487d-b155-2fc9fac5cabc,HA,HA3,ADV,3,R2,ORG,3
133187e9-2dfe-487d-b155-2fc9fac5cabc,HA,HA3,ADV,3,R2,USER,4
fea1a703-d871-4f3c-9641-c717db442567,H,H3,COL,1,R1,CTRL,1
fea1a703-d871-4f3c-9641-c717db442567,H,H3,COL,1,R1,ORG,3
fea1a703-d871-4f3c-9641-c717db442567,H,H3,COL,1,R1,USER,2
fea1a703-d871-4f3c-9641-c717db442567,H,H3,COL,1,R2,CTRL,1
fea1a703-d871-4f3c-9641-c717db442567,H,H3,COL,1,R2,ORG,3
fea1a703-d871-4f3c-9641-c717db442567,H,H3,COL,1,R2,USER,2
fea1a703-d871-4f3c-9641-c717db442567,H,H3,REL,2,R1,CTRL,1
fea1a703-d871-4f3c-9641-c717db442567,H,H3,REL,2,R1,ORG,2
fea1a703-d871-4f3c-9641-c717db442567,H,H3,REL,2,R1,USER,3
fea1a703-d871-4f3c-9641-c717db442567,H,H3,REL,2,R2,CTRL,1
fea1a703-d871-4f3c-9641-c717db442567,H,H3,REL,2,R2,ORG,2
fea1a703-d871-4f3c-9641-c717db442567,H,H3,REL,2,R2,USER,3
fea1a703-d871-4f3c-9641-c717db442567,H,H3,ADV,3,R1,CTRL,1
fea1a703-d871-4f3c-9641-c717db442567,H,H3,ADV,3,R1,ORG,3
fea1a703-d871-4f3c-9641-c717db442567,H,H3,ADV,3,R1,USER,2
fea1a703-d871-4f3c-9641-c717db442567,H,H3,ADV,3,R2,CTRL,1
fea1a703-d871-4f3c-9641-c717db442567,H,H3,ADV,3,R2,ORG,3
fea1a703-d871-4f3c-9641-c717db442567,H,H3,ADV,3,R2,USER,2
351f34d4-ce9d-4b16-a2cb-30d07ab1071a,H,H2,COL,1,R1,CTRL,1
351f34d4-ce9d-4b16-a2cb-30d07ab1071a,H,H2,COL,1,R1,ORG,2
351f34d4-ce9d-4b16-a2cb-30d07ab1071a,H,H2,COL,1,R1,USER,3
351f34d4-ce9d-4b16-a2cb-30d07ab1071a,H,H2,COL,1,R2,CTRL,2
351f34d4-ce9d-4b16-a2cb-30d07ab1071a,H,H2,COL,1,R2,ORG,3
351f34d4-ce9d-4b16-a2cb-30d07ab1071a,H,H2,COL,1,R2,USER,1
351f34d4-ce9d-4b16-a2cb-30d07ab1071a,H,H2,REL,2,R1,CTRL,1
351f34d4-ce9d-4b16-a2cb-30d07ab1071a,H,H2,REL,2,R1,ORG,2
351f34d4-ce9d-4b16-a2cb-30d07ab1071a,H,H2,REL,2,R1,USER,3
351f34d4-ce9d-4b16-a2cb-30d07ab1071a,H,H2,REL,2,R2,CTRL,1
351f34d4-ce9d-4b16-a2cb-30d07ab1071a,H,H2,REL,2,R2,ORG,2
351f34d4-ce9d-4b16-a2cb-30d07ab1071a,H,H2,REL,2,R2,USER,3
351f34d4-ce9d-4b16-a2cb-30d07ab1071a,H,H2,ADV,3,R1,CTRL,1
351f34d4-ce9d-4b16-a2cb-30d07ab1071a,H,H2,ADV,3,R1,ORG,2
351f34d4-ce9d-4b16-a2cb-30d07ab1071a,H,H2,ADV,3,R1,USER,3
351f34d4-ce9d-4b16-a2cb-30d07ab1071a,H,H2,ADV,3,R2,CTRL,1
351f34d4-ce9d-4b16-a2cb-30d07ab1071a,H,H2,ADV,3,R2,ORG,2
351f34d4-ce9d-4b16-a2cb-30d07ab1071a,H,H2,ADV,3,R2,USER,3
0fb51607-9df0-435d-a47f-8551478277f0,HA,HA1,REL,1,R1,CTRL,1
0fb51607-9df0-435d-a47f-8551478277f0,HA,HA1,REL,1,R1,AI,2
0fb51607-9df0-435d-a47f-8551478277f0,HA,HA1,REL,1,R1,ORG,3
0fb51607-9df0-435d-a47f-8551478277f0,HA,HA1,REL,1,R1,USER,4
0fb51607-9df0-435d-a47f-8551478277f0,HA,HA1,REL,1,R2,CTRL,2
0fb51607-9df0-435d-a47f-8551478277f0,HA,HA1,REL,1,R2,AI,1
0fb51607-9df0-435d-a47f-8551478277f0,HA,HA1,REL,1,R2,ORG,3
0fb51607-9df0-435d-a47f-8551478277f0,HA,HA1,REL,1,R2,USER,4
0fb51607-9df0-435d-a47f-8551478277f0,HA,HA1,COL,2,R1,CTRL,1
0fb51607-9df0-435d-a47f-8551478277f0,HA,HA1,COL,2,R1,AI,2
0fb51607-9df0-435d-a47f-8551478277f0,HA,HA1,COL,2,R1,ORG,3
0fb51607-9df0-435d-a47f-8551478277f0,HA,HA1,COL,2,R1,USER,4
0fb51607-9df0-435d-a47f-8551478277f0,HA,HA1,COL,2,R2,CTRL,1
0fb51607-9df0-435d-a47f-8551478277f0,HA,HA1,COL,2,R2,AI,2
0fb51607-9df0-435d-a47f-8551478277f0,HA,HA1,COL,2,R2,ORG,3
0fb51607-9df0-435d-a47f-8551478277f0,HA,HA1,COL,2,R2,USER,4
0fb51607-9df0-435d-a47f-8551478277f0,HA,HA1,ADV,3,R1,CTRL,2
0fb51607-9df0-435d-a47f-8551478277f0,HA,HA1,ADV,3,R1,AI,1
0fb51607-9df0-435d-a47f-8551478277f0,HA,HA1,ADV,3,R1,ORG,3
0fb51607-9df0-435d-a47f-8551478277f0,HA,HA1,ADV,3,R1,USER,4
0fb51607-9df0-435d-a47f-8551478277f0,HA,HA1,ADV,3,R2,CTRL,2
0fb51607-9df0-435d-a47f-8551478277f0,HA,HA1,ADV,3,R2,AI,1
0fb51607-9df0-435d-a47f-8551478277f0,HA,HA1,ADV,3,R2,ORG,3
0fb51607-9df0-435d-a47f-8551478277f0,HA,HA1,ADV,3,R2,USER,4
5f461175-9338-49a7-8223-c132b07b2417,H,H3,ADV,1,R1,CTRL,2
5f461175-9338-49a7-8223-c132b07b2417,H,H3,ADV,1,R1,ORG,3
5f461175-9338-49a7-8223-c132b07b2417,H,H3,ADV,1,R1,USER,1
5f461175-9338-49a7-8223-c132b07b2417,H,H3,ADV,1,R2,CTRL,2
5f461175-9338-49a7-8223-c132b07b2417,H,H3,ADV,1,R2,ORG,3
5f461175-9338-49a7-8223-c132b07b2417,H,H3,ADV,1,R2,USER,1
5f461175-9338-49a7-8223-c132b07b2417,H,H3,REL,2,R1,CTRL,1
5f461175-9338-49a7-8223-c132b07b2417,H,H3,REL,2,R1,ORG,3
5f461175-9338-49a7-8223-c132b07b2417,H,H3,REL,2,R1,USER,2
5f461175-9338-49a7-8223-c132b07b2417,H,H3,REL,2,R2,CTRL,1
5f461175-9338-49a7-8223-c132b07b2417,H,H3,REL,2,R2,ORG,3
5f461175-9338-49a7-8223-c132b07b2417,H,H3,REL,2,R2,USER,2
5f461175-9338-49a7-8223-c132b07b2417,H,H3,COL,3,R1,CTRL,2
5f461175-9338-49a7-8223-c132b07b2417,H,H3,COL,3,R1,ORG,3
5f461175-9338-49a7-8223-c132b07b2417,H,H3,COL,3,R1,USER,1
5f461175-9338-49a7-8223-c132b07b2417,H,H3,COL,3,R2,CTRL,2
5f461175-9338-49a7-8223-c132b07b2417,H,H3,COL,3,R2,ORG,3
5f461175-9338-49a7-8223-c132b07b2417,H,H3,COL,3,R2,USER,1
bf19a146-5fa9-4035-bf22-ffe804ccd6fe,A,A,COL,1,R1,AI,1
bf19a146-5fa9-4035-bf22-ffe804ccd6fe,A,A,COL,1,R1,ORG,2
bf19a146-5fa9-4035-bf22-ffe804ccd6fe,A,A,COL,1,R1,USER,3
bf19a146-5fa9-4035-bf22-ffe804ccd6fe,A,A,COL,1,R2,AI,1
bf19a146-5fa9-4035-bf22-ffe804ccd6fe,A,A,COL,1,R2,ORG,2
bf19a146-5fa9-4035-bf22-ffe804ccd6fe,A,A,COL,1,R2,USER,3
bf19a146-5fa9-4035-bf22-ffe804ccd6fe,A,A,REL,2,R1,AI,1
bf19a146-5fa9-4035-bf22-ffe804ccd6fe,A,A,REL,2,R1,ORG,2
bf19a146-5fa9-4035-bf22-ffe804ccd6fe,A,A,REL,2,R1,USER,3
bf19a146-5fa9-4035-bf22-ffe804ccd6fe,A,A,REL,2,R2,AI,1
bf19a146-5fa9-4035-bf22-ffe804ccd6fe,A,A,REL,2,R2,ORG,2
bf19a146-5fa9-4035-bf22-ffe804ccd6fe,A,A,REL,2,R2,USER,3
bf19a146-5fa9-4035-bf22-ffe804ccd6fe,A,A,ADV,3,R1,AI,1
bf19a146-5fa9-4035-bf22-ffe804ccd6fe,A,A,ADV,3,R1,ORG,2
bf19a146-5fa9-4035-bf22-ffe804ccd6fe,A,A,ADV,3,R1,USER,3
bf19a146-5fa9-4035-bf22-ffe804ccd6fe,A,A,ADV,3,R2,AI,1
bf19a146-5fa9-4035-bf22-ffe804ccd6fe,A,A,ADV,3,R2,ORG,2
bf19a146-5fa9-4035-bf22-ffe804ccd6fe,A,A,ADV,3,R2,USER,3
1f826613-ad43-4e5e-b234-7e9d84e6ad61,HA,HA2,ADV,1,R1,CTRL,2
1f826613-ad43-4e5e-b234-7e9d84e6ad61,HA,HA2,ADV,1,R1,AI,4
1f826613-ad43-4e5e-b234-7e9d84e6ad61,HA,HA2,ADV,1,R1,ORG,1
1f826613-ad43-4e5e-b234-7e9d84e6ad61,HA,HA2,ADV,1,R1,USER,3
1f826613-ad43-4e5e-b234-7e9d84e6ad61,HA,HA2,ADV,1,R2,CTRL,3
1f826613-ad43-4e5e-b234-7e9d84e6ad61,HA,HA2,ADV,1,R2,AI,4
1f826613-ad43-4e5e-b234-7e9d84e6ad61,HA,HA2,ADV,1,R2,ORG,1
1f826613-ad43-4e5e-b234-7e9d84e6ad61,HA,HA2,ADV,1,R2,USER,2
1f826613-ad43-4e5e-b234-7e9d84e6ad61,HA,HA2,COL,2,R1,CTRL,2
1f826613-ad43-4e5e-b234-7e9d84e6ad61,HA,HA2,COL,2,R1,AI,4
1f826613-ad43-4e5e-b234-7e9d84e6ad61,HA,HA2,COL,2,R1,ORG,1
1f826613-ad43-4e5e-b234-7e9d84e6ad61,HA,HA2,COL,2,R1,USER,3
1f826613-ad43-4e5e-b234-7e9d84e6ad61,HA,HA2,COL,2,R2,CTRL,2
1f826613-ad43-4e5e-b234-7e9d84e6ad61,HA,HA2,COL,2,R2,AI,3
1f826613-ad43-4e5e-b234-7e9d84e6ad61,HA,HA2,COL,2,R2,ORG,1
1f826613-ad43-4e5e-b234-7e9d84e6ad61,HA,HA2,COL,2,R2,USER,4
1f826613-ad43-4e5e-b234-7e9d84e6ad61,HA,HA2,REL,3,R1,CTRL,1
1f826613-ad43-4e5e-b234-7e9d84e6ad61,HA,HA2,REL,3,R1,AI,3
1f826613-ad43-4e5e-b234-7e9d84e6ad61,HA,HA2,REL,3,R1,ORG,2
1f826613-ad43-4e5e-b234-7e9d84e6ad61,HA,HA2,REL,3,R1,USER,4
1f826613-ad43-4e5e-b234-7e9d84e6ad61,HA,HA2,REL,3,R2,CTRL,1
1f826613-ad43-4e5e-b234-7e9d84e6ad61,HA,HA2,REL,3,R2,AI,2
1f826613-ad43-4e5e-b234-7e9d84e6ad61,HA,HA2,REL,3,R2,ORG,3
1f826613-ad43-4e5e-b234-7e9d84e6ad61,HA,HA2,REL,3,R2,USER,4
e076d156-e431-4ffd-b72b-c502d04647a7,H,H2,ADV,1,R1,CTRL,1
e076d156-e431-4ffd-b72b-c502d04647a7,H,H2,ADV,1,R1,ORG,3
e076d156-e431-4ffd-b72b-c502d04647a7,H,H2,ADV,1,R1,USER,2
e076d156-e431-4ffd-b72b-c502d04647a7,H,H2,ADV,1,R2,CTRL,1
e076d156-e431-4ffd-b72b-c502d04647a7,H,H2,ADV,1,R2,ORG,3
e076d156-e431-4ffd-b72b-c502d04647a7,H,H2,ADV,1,R2,USER,2
e076d156-e431-4ffd-b72b-c502d04647a7,H,H2,REL,2,R1,CTRL,1
e076d156-e431-4ffd-b72b-c502d04647a7,H,H2,REL,2,R1,ORG,3
e076d156-e431-4ffd-b72b-c502d04647a7,H,H2,REL,2,R1,USER,2
e076d156-e431-4ffd-b72b-c502d04647a7,H,H2,REL,2,R2,CTRL,1
e076d156-e431-4ffd-b72b-c502d04647a7,H,H2,REL,2,R2,ORG,3
e076d156-e431-4ffd-b72b-c502d04647a7,H,H2,REL,2,R2,USER,2
e076d156-e431-4ffd-b72b-c502d04647a7,H,H2,COL,3,R1,CTRL,1
e076d156-e431-4ffd-b72b-c502d04647a7,H,H2,COL,3,R1,ORG,3
e076d156-e431-4ffd-b72b-c502d04647a7,H,H2,COL,3,R1,USER,2
e076d156-e431-4ffd-b72b-c502d04647a7,H,H2,COL,3,R2,CTRL,1
e076d156-e431-4ffd-b72b-c502d04647a7,H,H2,COL,3,R2,ORG,3
e076d156-e431-4ffd-b72b-c502d04647a7,H,H2,COL,3,R2,USER,2
ae0c7d21-68c4-4f88-958b-1f03a1513833,A,A,REL,1,R1,AI,1
ae0c7d21-68c4-4f88-958b-1f03a1513833,A,A,REL,1,R1,ORG,2
ae0c7d21-68c4-4f88-958b-1f03a1513833,A,A,REL,1,R1,USER,3
ae0c7d21-68c4-4f88-958b-1f03a1513833,A,A,REL,1,R2,AI,1
ae0c7d21-68c4-4f88-958b-1f03a1513833,A,A,REL,1,R2,ORG,2
ae0c7d21-68c4-4f88-958b-1f03a1513833,A,A,REL,1,R2,USER,3
ae0c7d21-68c4-4f88-958b-1f03a1513833,A,A,ADV,2,R1,AI,1
ae0c7d21-68c4-4f88-958b-1f03a1513833,A,A,ADV,2,R1,ORG,2
ae0c7d21-68c4-4f88-958b-1f03a1513833,A,A,ADV,2,R1,USER,3
ae0c7d21-68c4-4f88-958b-1f03a1513833,A,A,ADV,2,R2,AI,1
ae0c7d21-68c4-4f88-958b-1f03a1513833,A,A,ADV,2,R2,ORG,2
ae0c7d21-68c4-4f88-958b-1f03a1513833,A,A,ADV,2,R2,USER,3
ae0c7d21-68c4-4f88-958b-1f03a1513833,A,A,COL,3,R1,AI,1
ae0c7d21-68c4-4f88-958b-1f03a1513833,A,A,COL,3,R1,ORG,2
ae0c7d21-68c4-4f88-958b-1f03a1513833,A,A,COL,3,R1,USER,3
ae0c7d21-68c4-4f88-958b-1f03a1513833,A,A,COL,3,R2,AI,1
ae0c7d21-68c4-4f88-958b-1f03a1513833,A,A,COL,3,R2,ORG,2
ae0c7d21-68c4-4f88-958b-1f03a1513833,A,A,COL,3,R2,USER,3
d9accccd-7093-4913-b4cf-2104ea995f99,H,H1,ADV,1,R1,CTRL,1
d9accccd-7093-4913-b4cf-2104ea995f99,H,H1,ADV,1,R1,ORG,2
d9accccd-7093-4913-b4cf-2104ea995f99,H,H1,ADV,1,R1,USER,3
d9accccd-7093-4913-b4cf-2104ea995f99,H,H1,ADV,1,R2,CTRL,1
d9accccd-7093-4913-b4cf-2104ea995f99,H,H1,ADV,1,R2,ORG,2
d9accccd-7093-4913-b4cf-2104ea995f99,H,H1,ADV,1,R2,USER,3
d9accccd-7093-4913-b4cf-2104ea995f99,H,H1,COL,2,R1,CTRL,1
d9accccd-7093-4913-b4cf-2104ea995f99,H,H1,COL,2,R1,ORG,2
d9accccd-7093-4913-b4cf-2104ea995f99,H,H1,COL,2,R1,USER,3
d9accccd-7093-4913-b4cf-2104ea995f99,H,H1,COL,2,R2,CTRL,1
d9accccd-7093-4913-b4cf-2104ea995f99,H,H1,COL,2,R2,ORG,2
d9accccd-7093-4913-b4cf-2104ea995f99,H,H1,COL,2,R2,USER,3
d9accccd-7093-4913-b4cf-2104ea995f99,H,H1,REL,3,R1,CTRL,1
d9accccd-7093-4913-b4cf-2104ea995f99,H,H1,REL,3,R1,ORG,2
d9accccd-7093-4913-b4cf-2104ea995f99,H,H1,REL,3,R1,USER,3
d9accccd-7093-4913-b4cf-2104ea995f99,H,H1,REL,3,R2,CTRL,1
d9accccd-7093-4913-b4cf-2104ea995f99,H,H1,REL,3,R2,ORG,2
d9accccd-7093-4913-b4cf-2104ea995f99,H,H1,REL,3,R2,USER,3
4745d6d9-b5cb-4408-a0f7-744f8b304f77,H,H3,ADV,1,R1,CTRL,2
4745d6d9-b5cb-4408-a0f7-744f8b304f77,H,H3,ADV,1,R1,ORG,3
4745d6d9-b5cb-4408-a0f7-744f8b304f77,H,H3,ADV,1,R1,USER,1
4745d6d9-b5cb-4408-a0f7-744f8b304f77,H,H3,ADV,1,R2,CTRL,2
4745d6d9-b5cb-4408-a0f7-744f8b304f77,H,H3,ADV,1,R2,ORG,3
4745d6d9-b5cb-4408-a0f7-744f8b304f77,H,H3,ADV,1,R2,USER,1
4745d6d9-b5cb-4408-a0f7-744f8b304f77,H,H3,COL,2,R1,CTRL,1
4745d6d9-b5cb-4408-a0f7-744f8b304f77,H,H3,COL,2,R1,ORG,3
4745d6d9-b5cb-4408-a0f7-744f8b304f77,H,H3,COL,2,R1,USER,2
4745d6d9-b5cb-4408-a0f7-744f8b304f77,H,H3,COL,2,R2,CTRL,1
4745d6d9-b5cb-4408-a0f7-744f8b304f77,H,H3,COL,2,R2,ORG,3
4745d6d9-b5cb-4408-a0f7-744f8b304f77,H,H3,COL,2,R2,USER,2
4745d6d9-b5cb-4408-a0f7-744f8b304f77,H,H3,REL,3,R1,CTRL,1
4745d6d9-b5cb-4408-a0f7-744f8b304f77,H,H3,REL,3,R1,ORG,2
4745d6d9-b5cb-4408-a0f7-744f8b304f77,H,H3,REL,3,R1,USER,3
4745d6d9-b5cb-4408-a0f7-744f8b304f77,H,H3,REL,3,R2,CTRL,1
4745d6d9-b5cb-4408-a0f7-744f8b304f77,H,H3,REL,3,R2,ORG,2
4745d6d9-b5cb-4408-a0f7-744f8b304f77,H,H3,REL,3,R2,USER,3
99d2c234-4113-4add-9a84-8dee9e36f1f9,HA,HA2,COL,1,R1,CTRL,1
99d2c234-4113-4add-9a84-8dee9e36f1f9,HA,HA2,COL,1,R1,AI,3
99d2c234-4113-4add-9a84-8dee9e36f1f9,HA,HA2,COL,1,R1,ORG,4
99d2c234-4113-4add-9a84-8dee9e36f1f9,HA,HA2,COL,1,R1,USER,2
99d2c234-4113-4add-9a84-8dee9e36f1f9,HA,HA2,COL,1,R2,CTRL,1
99d2c234-4113-4add-9a84-8dee9e36f1f9,HA,HA2,COL,1,R2,AI,2
99d2c234-4113-4add-9a84-8dee9e36f1f9,HA,HA2,COL,1,R2,ORG,4
99d2c234-4113-4add-9a84-8dee9e36f1f9,HA,HA2,COL,1,R2,USER,3
99d2c234-4113-4add-9a84-8dee9e36f1f9,HA,HA2,REL,2,R1,CTRL,2
99d2c234-4113-4add-9a84-8dee9e36f1f9,HA,HA2,REL,2,R1,AI,1
99d2c234-4113-4add-9a84-8dee9e36f1f9,HA,HA2,REL,2,R1,ORG,3
99d2c234-4113-4add-9a84-8dee9e36f1f9,HA,HA2,REL,2,R1,USER,4
99d2c234-4113-4add-9a84-8dee9e36f1f9,HA,HA2,REL,2,R2,CTRL,2
99d2c234-4113-4add-9a84-8dee9e36f1f9,HA,HA2,REL,2,R2,AI,1
99d2c234-4113-4add-9a84-8dee9e36f1f9,HA,HA2,REL,2,R2,ORG,3
99d2c234-4113-4add-9a84-8dee9e36f1f9,HA,HA2,REL,2,R2,USER,4
99d2c234-4113-4add-9a84-8dee9e36f1f9,HA,HA2,ADV,3,R1,CTRL,3
99d2c234-4113-4add-9a84-8dee9e36f1f9,HA,HA2,ADV,3,R1,AI,1
99d2c234-4113-4add-9a84-8dee9e36f1f9,HA,HA2,ADV,3,R1,ORG,4
99d2c234-4113-4add-9a84-8dee9e36f1f9,HA,HA2,ADV,3,R1,USER,2
99d2c234-4113-4add-9a84-8dee9e36f1f9,HA,HA2,ADV,3,R2,CTRL,1
99d2c234-4113-4add-9a84-8dee9e36f1f9,HA,HA2,ADV,3,R2,AI,2
99d2c234-4113-4add-9a84-8dee9e36f1f9,HA,HA2,ADV,3,R2,ORG,3
99d2c234-4113-4add-9a84-8dee9e36f1f9,HA,HA2,ADV,3,R2,USER,4
fda98ee8-39ec-44b8-a0cc-b862209547ee,A,A,ADV,1,R1,AI,1
fda98ee8-39ec-44b8-a0cc-b862209547ee,A,A,ADV,1,R1,ORG,2
fda98ee8-39ec-44b8-a0cc-b862209547ee,A,A,ADV,1,R1,USER,3
fda98ee8-39ec-44b8-a0cc-b862209547ee,A,A,ADV,1,R2,AI,1
fda98ee8-39ec-44b8-a0cc-b862209547ee,A,A,ADV,1,R2,ORG,2
fda98ee8-39ec-44b8-a0cc-b862209547ee,A,A,ADV,1,R2,USER,3
fda98ee8-39ec-44b8-a0cc-b862209547ee,A,A,COL,2,R1,AI,1
fda98ee8-39ec-44b8-a0cc-b862209547ee,A,A,COL,2,R1,ORG,2
fda98ee8-39ec-44b8-a0cc-b862209547ee,A,A,COL,2,R1,USER,3
fda98ee8-39ec-44b8-a0cc-b862209547ee,A,A,COL,2,R2,AI,1
fda98ee8-39ec-44b8-a0cc-b862209547ee,A,A,COL,2,R2,ORG,2
fda98ee8-39ec-44b8-a0cc-b862209547ee,A,A,COL,2,R2,USER,3
fda98ee8-39ec-44b8-a0cc-b862209547ee,A,A,REL,3,R1,AI,1
fda98ee8-39ec-44b8-a0cc-b862209547ee,A,A,REL,3,R1,ORG,2
fda98ee8-39ec-44b8-a0cc-b862209547ee,A,A,REL,3,R1,USER,3
fda98ee8-39ec-44b8-a0cc-b862209547ee,A,A,REL,3,R2,AI,1
fda98ee8-39ec-44b8-a0cc-b862209547ee,A,A,REL,3,R2,ORG,2
fda98ee8-39ec-44b8-a0cc-b862209547ee,A,A,REL,3,R2,USER,3
51377a27-e6f2-40ff-ac8f-cdb6b230c95c,HA,HA3,ADV,1,R1,CTRL,2
51377a27-e6f2-40ff-ac8f-cdb6b230c95c,HA,HA3,ADV,1,R1,AI,4
51377a27-e6f2-40ff-ac8f-cdb6b230c95c,HA,HA3,ADV,1,R1,ORG,3
51377a27-e6f2-40ff-ac8f-cdb6b230c95c,HA,HA3,ADV,1,R1,USER,1
51377a27-e6f2-40ff-ac8f-cdb6b230c95c,HA,HA3,ADV,1,R2,CTRL,3
51377a27-e6f2-40ff-ac8f-cdb6b230c95c,HA,HA3,ADV,1,R2,AI,4
51377a27-e6f2-40ff-ac8f-cdb6b230c95c,HA,HA3,ADV,1,R2,ORG,2
51377a27-e6f2-40ff-ac8f-cdb6b230c95c,HA,HA3,ADV,1,R2,USER,1
51377a27-e6f2-40ff-ac8f-cdb6b230c95c,HA,HA3,REL,2,R1,CTRL,2
51377a27-e6f2-40ff-ac8f-cdb6b230c95c,HA,HA3,REL,2,R1,AI,4
51377a27-e6f2-40ff-ac8f-cdb6b230c95c,HA,HA3,REL,2,R1,ORG,3
51377a27-e6f2-40ff-ac8f-cdb6b230c95c,HA,HA3,REL,2,R1,USER,1
51377a27-e6f2-40ff-ac8f-cdb6b230c95c,HA,HA3,REL,2,R2,CTRL,2
51377a27-e6f2-40ff-ac8f-cdb6b230c95c,HA,HA3,REL,2,R2,AI,4
51377a27-e6f2-40ff-ac8f-cdb6b230c95c,HA,HA3,REL,2,R2,ORG,3
51377a27-e6f2-40ff-ac8f-cdb6b230c95c,HA,HA3,REL,2,R2,USER,1
51377a27-e6f2-40ff-ac8f-cdb6b230c95c,HA,HA3,COL,3,R1,CTRL,2
51377a27-e6f2-40ff-ac8f-cdb6b230c95c,HA,HA3,COL,3,R1,AI,4
51377a27-e6f2-40ff-ac8f-cdb6b230c95c,HA,HA3,COL,3,R1,ORG,3
51377a27-e6f2-40ff-ac8f-cdb6b230c95c,HA,HA3,COL,3,R1,USER,1
51377a27-e6f2-40ff-ac8f-cdb6b230c95c,HA,HA3,COL,3,R2,CTRL,2
51377a27-e6f2-40ff-ac8f-cdb6b230c95c,HA,HA3,COL,3,R2,AI,4
51377a27-e6f2-40ff-ac8f-cdb6b230c95c,HA,HA3,COL,3,R2,ORG,3
51377a27-e6f2-40ff-ac8f-cdb6b230c95c,HA,HA3,COL,3,R2,USER,1
d7b5463c-7d4e-47b5-96c5-d759d7153bc1,HA,HA2,COL,1,R1,CTRL,2
d7b5463c-7d4e-47b5-96c5-d759d7153bc1,HA,HA2,COL,1,R1,AI,1
d7b5463c-7d4e-47b5-96c5-d759d7153bc1,HA,HA2,COL,1,R1,ORG,3
d7b5463c-7d4e-47b5-96c5-d759d7153bc1,HA,HA2,COL,1,R1,USER,4
d7b5463c-7d4e-47b5-96c5-d759d7153bc1,HA,HA2,COL,1,R2,CTRL,2
d7b5463c-7d4e-47b5-96c5-d759d7153bc1,HA,HA2,COL,1,R2,AI,1
d7b5463c-7d4e-47b5-96c5-d759d7153bc1,HA,HA2,COL,1,R2,ORG,3
d7b5463c-7d4e-47b5-96c5-d759d7153bc1,HA,HA2,COL,1,R2,USER,4
d7b5463c-7d4e-47b5-96c5-d759d7153bc1,HA,HA2,ADV,2,R1,CTRL,1
d7b5463c-7d4e-47b5-96c5-d759d7153bc1,HA,HA2,ADV,2,R1,AI,3
d7b5463c-7d4e-47b5-96c5-d759d7153bc1,HA,HA2,ADV,2,R1,ORG,2
d7b5463c-7d4e-47b5-96c5-d759d7153bc1,HA,HA2,ADV,2,R1,USER,4
d7b5463c-7d4e-47b5-96c5-d759d7153bc1,HA,HA2,ADV,2,R2,CTRL,4
d7b5463c-7d4e-47b5-96c5-d759d7153bc1,HA,HA2,ADV,2,R2,AI,3
d7b5463c-7d4e-47b5-96c5-d759d7153bc1,HA,HA2,ADV,2,R2,ORG,1
d7b5463c-7d4e-47b5-96c5-d759d7153bc1,HA,HA2,ADV,2,R2,USER,2
d7b5463c-7d4e-47b5-96c5-d759d7153bc1,HA,HA2,REL,3,R1,CTRL,4
d7b5463c-7d4e-47b5-96c5-d759d7153bc1,HA,HA2,REL,3,R1,AI,2
d7b5463c-7d4e-47b5-96c5-d759d7153bc1,HA,HA2,REL,3,R1,ORG,1
d7b5463c-7d4e-47b5-96c5-d759d7153bc1,HA,HA2,REL,3,R1,USER,3
d7b5463c-7d4e-47b5-96c5-d759d7153bc1,HA,HA2,REL,3,R2,CTRL,3
d7b5463c-7d4e-47b5-96c5-d759d7153bc1,HA,HA2,REL,3,R2,AI,2
d7b5463c-7d4e-47b5-96c5-d759d7153bc1,HA,HA2,REL,3,R2,ORG,1
d7b5463c-7d4e-47b5-96c5-d759d7153bc1,HA,HA2,REL,3,R2,USER,4
cd3e80ff-9445-4d6e-9f4a-2c0ff7fdce1b,HA,HA3,REL,1,R1,CTRL,1
cd3e80ff-9445-4d6e-9f4a-2c0ff7fdce1b,HA,HA3,REL,1,R1,AI,3
cd3e80ff-9445-4d6e-9f4a-2c0ff7fdce1b,HA,HA3,REL,1,R1,ORG,4
cd3e80ff-9445-4d6e-9f4a-2c0ff7fdce1b,HA,HA3,REL,1,R1,USER,2
cd3e80ff-9445-4d6e-9f4a-2c0ff7fdce1b,HA,HA3,REL,1,R2,CTRL,1
cd3e80ff-9445-4d6e-9f4a-2c0ff7fdce1b,HA,HA3,REL,1,R2,AI,3
cd3e80ff-9445-4d6e-9f4a-2c0ff7fdce1b,HA,HA3,REL,1,R2,ORG,4
cd3e80ff-9445-4d6e-9f4a-2c0ff7fdce1b,HA,HA3,REL,1,R2,USER,2
cd3e80ff-9445-4d6e-9f4a-2c0ff7fdce1b,HA,HA3,COL,2,R1,CTRL,1
cd3e80ff-9445-4d6e-9f4a-2c0ff7fdce1b,HA,HA3,COL,2,R1,AI,3
cd3e80ff-9445-4d6e-9f4a-2c0ff7fdce1b,HA,HA3,COL,2,R1,ORG,4
cd3e80ff-9445-4d6e-9f4a-2c0ff7fdce1b,HA,HA3,COL,2,R1,USER,2
cd3e80ff-9445-4d6e-9f4a-2c0ff7fdce1b,HA,HA3,COL,2,R2,CTRL,1
cd3e80ff-9445-4d6e-9f4a-2c0ff7fdce1b,HA,HA3,COL,2,R2,AI,3
cd3e80ff-9445-4d6e-9f4a-2c0ff7fdce1b,HA,HA3,COL,2,R2,ORG,4
cd3e80ff-9445-4d6e-9f4a-2c0ff7fdce1b,HA,HA3,COL,2,R2,USER,2
cd3e80ff-9445-4d6e-9f4a-2c0ff7fdce1b,HA,HA3,ADV,3,R1,CTRL,1
cd3e80ff-9445-4d6e-9f4a-2c0ff7fdce1b,HA,HA3,ADV,3,R1,AI,3
cd3e80ff-9445-4d6e-9f4a-2c0ff7fdce1b,HA,HA3,ADV,3,R1,ORG,4
cd3e80ff-9445-4d6e-9f4a-2c0ff7fdce1b,HA,HA3,ADV,3,R1,USER,2
cd3e80ff-9445-4d6e-9f4a-2c0ff7fdce1b,HA,HA3,ADV,3,R2,CTRL,1
cd3e80ff-9445-4d6e-9f4a-2c0ff7fdce1b,HA,HA3,ADV,3,R2,AI,3
cd3e80ff-9445-4d6e-9f4a-2c0ff7fdce1b,HA,HA3,ADV,3,R2,ORG,4
cd3e80ff-9445-4d6e-9f4a-2c0ff7fdce1b,HA,HA3,ADV,3,R2,USER,2
84b47000-1187-49b8-adab-b5664820d330,HA,HA1,ADV,1,R1,CTRL,1
84b47000-1187-49b8-adab-b5664820d330,HA,HA1,ADV,1,R1,AI,2
84b47000-1187-49b8-adab-b5664820d330,HA,HA1,ADV,1,R1,ORG,3
84b47000-1187-49b8-adab-b5664820d330,HA,HA1,ADV,1,R1,USER,4
84b47000-1187-49b8-adab-b5664820d330,HA,HA1,ADV,1,R2,CTRL,1
84b47000-1187-49b8-adab-b5664820d330,HA,HA1,ADV,1,R2,AI,3
84b47000-1187-49b8-adab-b5664820d330,HA,HA1,ADV,1,R2,ORG,2
84b47000-1187-49b8-adab-b5664820d330,HA,HA1,ADV,1,R2,USER,4
84b47000-1187-49b8-adab-b5664820d330,HA,HA1,COL,2,R1,CTRL,1
84b47000-1187-49b8-adab-b5664820d330,HA,HA1,COL,2,R1,AI,2
84b47000-1187-49b8-adab-b5664820d330,HA,HA1,COL,2,R1,ORG,3
84b47000-1187-49b8-adab-b5664820d330,HA,HA1,COL,2,R1,USER,4
84b47000-1187-49b8-adab-b5664820d330,HA,HA1,COL,2,R2,CTRL,1
84b47000-1187-49b8-adab-b5664820d330,HA,HA1,COL,2,R2,AI,4
84b47000-1187-49b8-adab-b5664820d330,HA,HA1,COL,2,R2,ORG,2
84b47000-1187-49b8-adab-b5664820d330,HA,HA1,COL,2,R2,USER,3
84b47000-1187-49b8-adab-b5664820d330,HA,HA1,REL,3,R1,CTRL,1
84b47000-1187-49b8-adab-b5664820d330,HA,HA1,REL,3,R1,AI,3
84b47000-1187-49b8-adab-b5664820d330,HA,HA1,REL,3,R1,ORG,2
84b47000-1187-49b8-adab-b5664820d330,HA,HA1,REL,3,R1,USER,4
84b47000-1187-49b8-adab-b5664820d330,HA,HA1,REL,3,R2,CTRL,1
84b47000-1187-49b8-adab-b5664820d330,HA,HA1,REL,3,R2,AI,3
84b47000-1187-49b8-adab-b5664820d330,HA,HA1,REL,3,R2,ORG,2
84b47000-1187-49b8-adab-b5664820d330,HA,HA1,REL,3,R2,USER,4
8ddb013a-7fb9-4ea3-b5fa-8e1a790eef92,A,A,COL,1,R1,AI,2
8ddb013a-7fb9-4ea3-b5fa-8e1a790eef92,A,A,COL,1,R1,ORG,3
8ddb013a-7fb9-4ea3-b5fa-8e1a790eef92,A,A,COL,1,R1,USER,1
8ddb013a-7fb9-4ea3-b5fa-8e1a790eef92,A,A,COL,1,R2,AI,1
8ddb013a-7fb9-4ea3-b5fa-8e1a790eef92,A,A,COL,1,R2,ORG,2
8ddb013a-7fb9-4ea3-b5fa-8e1a790eef92,A,A,COL,1,R2,USER,3
8ddb013a-7fb9-4ea3-b5fa-8e1a790eef92,A,A,REL,2,R1,AI,1
8ddb013a-7fb9-4ea3-b5fa-8e1a790eef92,A,A,REL,2,R1,ORG,2
8ddb013a-7fb9-4ea3-b5fa-8e1a790eef92,A,A,REL,2,R1,USER,3
8ddb013a-7fb9-4ea3-b5fa-8e1a790eef92,A,A,REL,2,R2,AI,1
8ddb013a-7fb9-4ea3-b5fa-8e1a790eef92,A,A,REL,2,R2,ORG,2
8ddb013a-7fb9-4ea3-b5fa-8e1a790eef92,A,A,REL,2,R2,USER,3
8ddb013a-7fb9-4ea3-b5fa-8e1a790eef92,A,A,ADV,3,R1,AI,2
8ddb013a-7fb9-4ea3-b5fa-8e1a790eef92,A,A,ADV,3,R1,ORG,3
8ddb013a-7fb9-4ea3-b5fa-8e1a790eef92,A,A,ADV,3,R1,USER,1
8ddb013a-7fb9-4ea3-b5fa-8e1a790eef92,A,A,ADV,3,R2,AI,1
8ddb013a-7fb9-4ea3-b5fa-8e1a790eef92,A,A,ADV,3,R2,ORG,3
8ddb013a-7fb9-4ea3-b5fa-8e1a790eef92,A,A,ADV,3,R2,USER,2
1226333f-de2d-4520-998a-105cf7abd0c3,H,H2,REL,1,R1,CTRL,1
1226333f-de2d-4520-998a-105cf7abd0c3,H,H2,REL,1,R1,ORG,2
1226333f-de2d-4520-998a-105cf7abd0c3,H,H2,REL,1,R1,USER,3
1226333f-de2d-4520-998a-105cf7abd0c3,H,H2,REL,1,R2,CTRL,1
1226333f-de2d-4520-998a-105cf7abd0c3,H,H2,REL,1,R2,ORG,2
1226333f-de2d-4520-998a-105cf7abd0c3,H,H2,REL,1,R2,USER,3
1226333f-de2d-4520-998a-105cf7abd0c3,H,H2,ADV,2,R1,CTRL,1
1226333f-de2d-4520-998a-105cf7abd0c3,H,H2,ADV,2,R1,ORG,2
1226333f-de2d-4520-998a-105cf7abd0c3,H,H2,ADV,2,R1,USER,3
1226333f-de2d-4520-998a-105cf7abd0c3,H,H2,ADV,2,R2,CTRL,1
1226333f-de2d-4520-998a-105cf7abd0c3,H,H2,ADV,2,R2,ORG,2
1226333f-de2d-4520-998a-105cf7abd0c3,H,H2,ADV,2,R2,USER,3
1226333f-de2d-4520-998a-105cf7abd0c3,H,H2,COL,3,R1,CTRL,1
1226333f-de2d-4520-998a-105cf7abd0c3,H,H2,COL,3,R1,ORG,2
1226333f-de2d-4520-998a-105cf7abd0c3,H,H2,COL,3,R1,USER,3
1226333f-de2d-4520-998a-105cf7abd0c3,H,H2,COL,3,R2,CTRL,1
1226333f-de2d-4520-998a-105cf7abd0c3,H,H2,COL,3,R2,ORG,2
1226333f-de2d-4520-998a-105cf7abd0c3,H,H2,COL,3,R2,USER,3
9bb2a9d9-6ba5-4ae4-9a6c-89decc58032b,HA,HA1,COL,1,R1,CTRL,3
9bb2a9d9-6ba5-4ae4-9a6c-89decc58032b,HA,HA1,COL,1,R1,AI,1
9bb2a9d9-6ba5-4ae4-9a6c-89decc58032b,HA,HA1,COL,1,R1,ORG,2
9bb2a9d9-6ba5-4ae4-9a6c-89decc58032b,HA,HA1,COL,1,R1,USER,4
9bb2a9d9-6ba5-4ae4-9a6c-89decc58032b,HA,HA1,COL,1,R2,CTRL,1
9bb2a9d9-6ba5-4ae4-9a6c-89decc58032b,HA,HA1,COL,1,R2,AI,2
9bb2a9d9-6ba5-4ae4-9a6c-89decc58032b,HA,HA1,COL,1,R2,ORG,3
9bb2a9d9-6ba5-4ae4-9a6c-89decc58032b,HA,HA1,COL,1,R2,USER,4
9bb2a9d9-6ba5-4ae4-9a6c-89decc58032b,HA,HA1,ADV,2,R1,CTRL,3
9bb2a9d9-6ba5-4ae4-9a6c-89decc58032b,HA,HA1,ADV,2,R1,AI,2
9bb2a9d9-6ba5-4ae4-9a6c-89decc58032b,HA,HA1,ADV,2,R1,ORG,1
9bb2a9d9-6ba5-4ae4-9a6c-89decc58032b,HA,HA1,ADV,2,R1,USER,4
9bb2a9d9-6ba5-4ae4-9a6c-89decc58032b,HA,HA1,ADV,2,R2,CTRL,3
9bb2a9d9-6ba5-4ae4-9a6c-89decc58032b,HA,HA1,ADV,2,R2,AI,2
9bb2a9d9-6ba5-4ae4-9a6c-89decc58032b,HA,HA1,ADV,2,R2,ORG,1
9bb2a9d9-6ba5-4ae4-9a6c-89decc58032b,HA,HA1,ADV,2,R2,USER,4
9bb2a9d9-6ba5-4ae4-9a6c-89decc58032b,HA,HA1,REL,3,R1,CTRL,1
9bb2a9d9-6ba5-4ae4-9a6c-89decc58032b,HA,HA1,REL,3,R1,AI,2
9bb2a9d9-6ba5-4ae4-9a6c-89decc58032b,HA,HA1,REL,3,R1,ORG,3
9bb2a9d9-6ba5-4ae4-9a6c-89decc58032b,HA,HA1,REL,3,R1,USER,4
9bb2a9d9-6ba5-4ae4-9a6c-89decc58032b,HA,HA1,REL,3,R2,CTRL,1
9bb2a9d9-6ba5-4ae4-9a6c-89decc58032b,HA,HA1,REL,3,R2,AI,3
9bb2a9d9-6ba5-4ae4-9a6c-89decc58032b,HA,HA1,REL,3,R2,ORG,2
9bb2a9d9-6ba5-4ae4-9a6c-89decc58032b,HA,HA1,REL,3,R2,USER,4
f6c5bdff-6ba7-4984-86e2-3d459bb154af,HA,HA3,REL,1,R1,CTRL,2
f6c5bdff-6ba7-4984-86e2-3d459bb154af,HA,HA3,REL,1,R1,AI,3
f6c5bdff-6ba7-4984-86e2-3d459bb154af,HA,HA3,REL,1,R1,ORG,4
f6c5bdff-6ba7-4984-86e2-3d459bb154af,HA,HA3,REL,1,R1,USER,1
f6c5bdff-6ba7-4984-86e2-3d459bb154af,HA,HA3,REL,1,R2,CTRL,2
f6c5bdff-6ba7-4984-86e2-3d459bb154af,HA,HA3,REL,1,R2,AI,4
f6c5bdff-6ba7-4984-86e2-3d459bb154af,HA,HA3,REL,1,R2,ORG,3
f6c5bdff-6ba7-4984-86e2-3d459bb154af,HA,HA3,REL,1,R2,USER,1
f6c5bdff-6ba7-4984-86e2-3d459bb154af,HA,HA3,ADV,2,R1,CTRL,2
f6c5bdff-6ba7-4984-86e2-3d459bb154af,HA,HA3,ADV,2,R1,AI,4
f6c5bdff-6ba7-4984-86e2-3d459bb154af,HA,HA3,ADV,2,R1,ORG,3
f6c5bdff-6ba7-4984-86e2-3d459bb154af,HA,HA3,ADV,2,R1,USER,1
f6c5bdff-6ba7-4984-86e2-3d459bb154af,HA,HA3,ADV,2,R2,CTRL,3
f6c5bdff-6ba7-4984-86e2-3d459bb154af,HA,HA3,ADV,2,R2,AI,4
f6c5bdff-6ba7-4984-86e2-3d459bb154af,HA,HA3,ADV,2,R2,ORG,2
f6c5bdff-6ba7-4984-86e2-3d459bb154af,HA,HA3,ADV,2,R2,USER,1
f6c5bdff-6ba7-4984-86e2-3d459bb154af,HA,HA3,COL,3,R1,CTRL,4
f6c5bdff-6ba7-4984-86e2-3d459bb154af,HA,HA3,COL,3,R1,AI,3
f6c5bdff-6ba7-4984-86e2-3d459bb154af,HA,HA3,COL,3,R1,ORG,2
f6c5bdff-6ba7-4984-86e2-3d459bb154af,HA,HA3,COL,3,R1,USER,1
f6c5bdff-6ba7-4984-86e2-3d459bb154af,HA,HA3,COL,3,R2,CTRL,4
f6c5bdff-6ba7-4984-86e2-3d459bb154af,HA,HA3,COL,3,R2,AI,3
f6c5bdff-6ba7-4984-86e2-3d459bb154af,HA,HA3,COL,3,R2,ORG,2
f6c5bdff-6ba7-4984-86e2-3d459bb154af,HA,HA3,COL,3,R2,USER,1
3e635e6f-cfda-4f3f-a234-d29da3795ade,HA,HA1,COL,1,R1,CTRL,3
3e635e6f-cfda-4f3f-a234-d29da3795ade,HA,HA1,COL,1,R1,AI,1
3e635e6f-cfda-4f3f-a234-d29da3795ade,HA,HA1,COL,1,R1,ORG,2
3e635e6f-cfda-4f3f-a234-d29da3795ade,HA,HA1,COL,1,R1,USER,4
3e635e6f-cfda-4f3f-a234-d29da3795ade,HA,HA1,COL,1,R2,CTRL,3
3e635e6f-cfda-4f3f-a234-d29da3795ade,HA,HA1,COL,1,R2,AI,1
3e635e6f-cfda-4f3f-a234-d29da3795ade,HA,HA1,COL,1,R2,ORG,2
3e635e6f-cfda-4f3f-a234-d29da3795ade,HA,HA1,COL,1,R2,USER,4
3e635e6f-cfda-4f3f-a234-d29da3795ade,HA,HA1,REL,2,R1,CTRL,3
3e635e6f-cfda-4f3f-a234-d29da3795ade,HA,HA1,REL,2,R1,AI,1
3e635e6f-cfda-4f3f-a234-d29da3795ade,HA,HA1,REL,2,R1,ORG,2
3e635e6f-cfda-4f3f-a234-d29da3795ade,HA,HA1,REL,2,R1,USER,4
3e635e6f-cfda-4f3f-a234-d29da3795ade,HA,HA1,REL,2,R2,CTRL,1
3e635e6f-cfda-4f3f-a234-d29da3795ade,HA,HA1,REL,2,R2,AI,2
3e635e6f-cfda-4f3f-a234-d29da3795ade,HA,HA1,REL,2,R2,ORG,3
3e635e6f-cfda-4f3f-a234-d29da3795ade,HA,HA1,REL,2,R2,USER,4
3e635e6f-cfda-4f3f-a234-d29da3795ade,HA,HA1,ADV,3,R1,CTRL,3
3e635e6f-cfda-4f3f-a234-d29da3795ade,HA,HA1,ADV,3,R1,AI,1
3e635e6f-cfda-4f3f-a234-d29da3795ade,HA,HA1,ADV,3,R1,ORG,2
3e635e6f-cfda-4f3f-a234-d29da3795ade,HA,HA1,ADV,3,R1,USER,4
3e635e6f-cfda-4f3f-a234-d29da3795ade,HA,HA1,ADV,3,R2,CTRL,3
3e635e6f-cfda-4f3f-a234-d29da3795ade,HA,HA1,ADV,3,R2,AI,1
3e635e6f-cfda-4f3f-a234-d29da3795ade,HA,HA1,ADV,3,R2,ORG,2
3e635e6f-cfda-4f3f-a234-d29da3795ade,HA,HA1,ADV,3,R2,USER,4
1c618aca-7f8a-4eb3-be6c-cbf56c4c0e4b,H,H1,ADV,1,R1,CTRL,1
1c618aca-7f8a-4eb3-be6c-cbf56c4c0e4b,H,H1,ADV,1,R1,ORG,2
1c618aca-7f8a-4eb3-be6c-cbf56c4c0e4b,H,H1,ADV,1,R1,USER,3
1c618aca-7f8a-4eb3-be6c-cbf56c4c0e4b,H,H1,ADV,1,R2,CTRL,1
1c618aca-7f8a-4eb3-be6c-cbf56c4c0e4b,H,H1,ADV,1,R2,ORG,3
1c618aca-7f8a-4eb3-be6c-cbf56c4c0e4b,H,H1,ADV,1,R2,USER,2
1c618aca-7f8a-4eb3-be6c-cbf56c4c0e4b,H,H1,COL,2,R1,CTRL,2
1c618aca-7f8a-4eb3-be6c-cbf56c4c0e4b,H,H1,COL,2,R1,ORG,3
1c618aca-7f8a-4eb3-be6c-cbf56c4c0e4b,H,H1,COL,2,R1,USER,1
1c618aca-7f8a-4eb3-be6c-cbf56c4c0e4b,H,H1,COL,2,R2,CTRL,2
1c618aca-7f8a-4eb3-be6c-cbf56c4c0e4b,H,H1,COL,2,R2,ORG,3
1c618aca-7f8a-4eb3-be6c-cbf56c4c0e4b,H,H1,COL,2,R2,USER,1
1c618aca-7f8a-4eb3-be6c-cbf56c4c0e4b,H,H1,REL,3,R1,CTRL,2
1c618aca-7f8a-4eb3-be6c-cbf56c4c0e4b,H,H1,REL,3,R1,ORG,1
1c618aca-7f8a-4eb3-be6c-cbf56c4c0e4b,H,H1,REL,3,R1,USER,3
1c618aca-7f8a-4eb3-be6c-cbf56c4c0e4b,H,H1,REL,3,R2,CTRL,1
1c618aca-7f8a-4eb3-be6c-cbf56c4c0e4b,H,H1,REL,3,R2,ORG,2
1c618aca-7f8a-4eb3-be6c-cbf56c4c0e4b,H,H1,REL,3,R2,USER,3
70a83f04-10e2-4a84-9359-31eb80ea2e48,A,A,ADV,1,R1,AI,1
70a83f04-10e2-4a84-9359-31eb80ea2e48,A,A,ADV,1,R1,ORG,2
70a83f04-10e2-4a84-9359-31eb80ea2e48,A,A,ADV,1,R1,USER,3
70a83f04-10e2-4a84-9359-31eb80ea2e48,A,A,ADV,1,R2,AI,2
70a83f04-10e2-4a84-9359-31eb80ea2e48,A,A,ADV,1,R2,ORG,3
70a83f04-10e2-4a84-9359-31eb80ea2e48,A,A,ADV,1,R2,USER,1
70a83f04-10e2-4a84-9359-31eb80ea2e48,A,A,REL,2,R1,AI,1
70a83f04-10e2-4a84-9359-31eb80ea2e48,A,A,REL,2,R1,ORG,2
70a83f04-10e2-4a84-9359-31eb80ea2e48,A,A,REL,2,R1,USER,3
70a83f04-10e2-4a84-9359-31eb80ea2e48,A,A,REL,2,R2,AI,1
70a83f04-10e2-4a84-9359-31eb80ea2e48,A,A,REL,2,R2,ORG,2
70a83f04-10e2-4a84-9359-31eb80ea2e48,A,A,REL,2,R2,USER,3
70a83f04-10e2-4a84-9359-31eb80ea2e48,A,A,COL,3,R1,AI,1
70a83f04-10e2-4a84-9359-31eb80ea2e48,A,A,COL,3,R1,ORG,3
70a83f04-10e2-4a84-9359-31eb80ea2e48,A,A,COL,3,R1,USER,2
70a83f04-10e2-4a84-9359-31eb80ea2e48,A,A,COL,3,R2,AI,2
70a83f04-10e2-4a84-9359-31eb80ea2e48,A,A,COL,3,R2,ORG,3
70a83f04-10e2-4a84-9359-31eb80ea2e48,A,A,COL,3,R2,USER,1
1494532b-9dd3-40aa-b8a4-0f67127e28b4,HA,HA3,COL,1,R1,CTRL,1
1494532b-9dd3-40aa-b8a4-0f67127e28b4,HA,HA3,COL,1,R1,AI,2
1494532b-9dd3-40aa-b8a4-0f67127e28b4,HA,HA3,COL,1,R1,ORG,3
1494532b-9dd3-40aa-b8a4-0f67127e28b4,HA,HA3,COL,1,R1,USER,4
1494532b-9dd3-40aa-b8a4-0f67127e28b4,HA,HA3,COL,1,R2,CTRL,1
1494532b-9dd3-40aa-b8a4-0f67127e28b4,HA,HA3,COL,1,R2,AI,2
1494532b-9dd3-40aa-b8a4-0f67127e28b4,HA,HA3,COL,1,R2,ORG,3
1494532b-9dd3-40aa-b8a4-0f67127e28b4,HA,HA3,COL,1,R2,USER,4
1494532b-9dd3-40aa-b8a4-0f67127e28b4,HA,HA3,ADV,2,R1,CTRL,1
1494532b-9dd3-40aa-b8a4-0f67127e28b4,HA,HA3,ADV,2,R1,AI,2
1494532b-9dd3-40aa-b8a4-0f67127e28b4,HA,HA3,ADV,2,R1,ORG,3
1494532b-9dd3-40aa-b8a4-0f67127e28b4,HA,HA3,ADV,2,R1,USER,4
1494532b-9dd3-40aa-b8a4-0f67127e28b4,HA,HA3,ADV,2,R2,CTRL,2
1494532b-9dd3-40aa-b8a4-0f67127e28b4,HA,HA3,ADV,2,R2,AI,1
1494532b-9dd3-40aa-b8a4-0f67127e28b4,HA,HA3,ADV,2,R2,ORG,3
1494532b-9dd3-40aa-b8a4-0f67127e28b4,HA,HA3,ADV,2,R2,USER,4
1494532b-9dd3-40aa-b8a4-0f67127e28b4,HA,HA3,REL,3,R1,CTRL,1
1494532b-9dd3-40aa-b8a4-0f67127e28b4,HA,HA3,REL,3,R1,AI,2
1494532b-9dd3-40aa-b8a4-0f67127e28b4,HA,HA3,REL,3,R1,ORG,3
1494532b-9dd3-40aa-b8a4-0f67127e28b4,HA,HA3,REL,3,R1,USER,4
1494532b-9dd3-40aa-b8a4-0f67127e28b4,HA,HA3,REL,3,R2,CTRL,1
1494532b-9dd3-40aa-b8a4-0f67127e28b4,HA,HA3,REL,3,R2,AI,2
1494532b-9dd3-40aa-b8a4-0f67127e28b4,HA,HA3,REL,3,R2,ORG,3
1494532b-9dd3-40aa-b8a4-0f67127e28b4,HA,HA3,REL,3,R2,USER,4
4a4b96bf-d63f-4bec-860f-b9e88fc2ab56,H,H2,ADV,1,R1,CTRL,2
4a4b96bf-d63f-4bec-860f-b9e88fc2ab56,H,H2,ADV,1,R1,ORG,3
4a4b96bf-d63f-4bec-860f-b9e88fc2ab56,H,H2,ADV,1,R1,USER,1
4a4b96bf-d63f-4bec-860f-b9e88fc2ab56,H,H2,ADV,1,R2,CTRL,1
4a4b96bf-d63f-4bec-860f-b9e88fc2ab56,H,H2,ADV,1,R2,ORG,3
4a4b96bf-d63f-4bec-860f-b9e88fc2ab56,H,H2,ADV,1,R2,USER,2
4a4b96bf-d63f-4bec-860f-b9e88fc2ab56,H,H2,COL,2,R1,CTRL,1
4a4b96bf-d63f-4bec-860f-b9e88fc2ab56,H,H2,COL,2,R1,ORG,2
4a4b96bf-d63f-4bec-860f-b9e88fc2ab56,H,H2,COL,2,R1,USER,3
4a4b96bf-d63f-4bec-860f-b9e88fc2ab56,H,H2,COL,2,R2,CTRL,1
4a4b96bf-d63f-4bec-860f-b9e88fc2ab56,H,H2,COL,2,R2,ORG,3
4a4b96bf-d63f-4bec-860f-b9e88fc2ab56,H,H2,COL,2,R2,USER,2
4a4b96bf-d63f-4bec-860f-b9e88fc2ab56,H,H2,REL,3,R1,CTRL,3
4a4b96bf-d63f-4bec-860f-b9e88fc2ab56,H,H2,REL,3,R1,ORG,2
4a4b96bf-d63f-4bec-860f-b9e88fc2ab56,H,H2,REL,3,R1,USER,1
4a4b96bf-d63f-4bec-860f-b9e88fc2ab56,H,H2,REL,3,R2,CTRL,2
4a4b96bf-d63f-4bec-860f-b9e88fc2ab56,H,H2,REL,3,R2,ORG,1
4a4b96bf-d63f-4bec-860f-b9e88fc2ab56,H,H2,REL,3,R2,USER,3
d02ab038-37e6-4d2a-a962-773727238a8a,H,H2,COL,1,R1,CTRL,1
d02ab038-37e6-4d2a-a962-773727238a8a,H,H2,COL,1,R1,ORG,2
d02ab038-37e6-4d2a-a962-773727238a8a,H,H2,COL,1,R1,USER,3
d02ab038-37e6-4d2a-a962-773727238a8a,H,H2,COL,1,R2,CTRL,1
d02ab038-37e6-4d2a-a962-773727238a8a,H,H2,COL,1,R2,ORG,2
d02ab038-37e6-4d2a-a962-773727238a8a,H,H2,COL,1,R2,USER,3
d02ab038-37e6-4d2a-a962-773727238a8a,H,H2,ADV,2,R1,CTRL,1
d02ab038-37e6-4d2a-a962-773727238a8a,H,H2,ADV,2,R1,ORG,2
d02ab038-37e6-4d2a-a962-773727238a8a,H,H2,ADV,2,R1,USER,3
d02ab038-37e6-4d2a-a962-773727238a8a,H,H2,ADV,2,R2,CTRL,1
d02ab038-37e6-4d2a-a962-773727238a8a,H,H2,ADV,2,R2,ORG,2
d02ab038-37e6-4d2a-a962-773727238a8a,H,H2,ADV,2,R2,USER,3
d02ab038-37e6-4d2a-a962-773727238a8a,H,H2,REL,3,R1,CTRL,1
d02ab038-37e6-4d2a-a962-773727238a8a,H,H2,REL,3,R1,ORG,2
d02ab038-37e6-4d2a-a962-773727238a8a,H,H2,REL,3,R1,USER,3
d02ab038-37e6-4d2a-a962-773727238a8a,H,H2,REL,3,R2,CTRL,1
d02ab038-37e6-4d2a-a962-773727238a8a,H,H2,REL,3,R2,ORG,2
d02ab038-37e6-4d2a-a962-773727238a8a,H,H2,REL,3,R2,USER,3
d6cd762e-92d2-4e2e-944c-8f9120c5563f,H,H1,REL,1,R1,CTRL,1
d6cd762e-92d2-4e2e-944c-8f9120c5563f,H,H1,REL,1,R1,ORG,2
d6cd762e-92d2-4e2e-944c-8f9120c5563f,H,H1,REL,1,R1,USER,3
d6cd762e-92d2-4e2e-944c-8f9120c5563f,H,H1,REL,1,R2,CTRL,1
d6cd762e-92d2-4e2e-944c-8f9120c5563f,H,H1,REL,1,R2,ORG,2
d6cd762e-92d2-4e2e-944c-8f9120c5563f,H,H1,REL,1,R2,USER,3
d6cd762e-92d2-4e2e-944c-8f9120c5563f,H,H1,COL,2,R1,CTRL,1
d6cd762e-92d2-4e2e-944c-8f9120c5563f,H,H1,COL,2,R1,ORG,2
d6cd762e-92d2-4e2e-944c-8f9120c5563f,H,H1,COL,2,R1,USER,3
d6cd762e-92d2-4e2e-944c-8f9120c5563f,H,H1,COL,2,R2,CTRL,1
d6cd762e-92d2-4e2e-944c-8f9120c5563f,H,H1,COL,2,R2,ORG,2
d6cd762e-92d2-4e2e-944c-8f9120c5563f,H,H1,COL,2,R2,USER,3
d6cd762e-92d2-4e2e-944c-8f9120c5563f,H,H1,ADV,3,R1,CTRL,1
d6cd762e-92d2-4e2e-944c-8f9120c5563f,H,H1,ADV,3,R1,ORG,2
d6cd762e-92d2-4e2e-944c-8f9120c5563f,H,H1,ADV,3,R1,USER,3
d6cd762e-92d2-4e2e-944c-8f9120c5563f,H,H1,ADV,3,R2,CTRL,1
d6cd762e-92d2-4e2e-944c-8f9120c5563f,H,H1,ADV,3,R2,ORG,2
d6cd762e-92d2-4e2e-944c-8f9120c5563f,H,H1,ADV,3,R2,USER,3
76d6c310-7118-4164-b433-38560deda0f5,H,H3,REL,1,R1,CTRL,1
76d6c310-7118-4164-b433-38560deda0f5,H,H3,REL,1,R1,ORG,2
76d6c310-7118-4164-b433-38560deda0f5,H,H3,REL,1,R1,USER,3
76d6c310-7118-4164-b433-38560deda0f5,H,H3,REL,1,R2,CTRL,1
76d6c310-7118-4164-b433-38560deda0f5,H,H3,REL,1,R2,ORG,2
76d6c310-7118-4164-b433-38560deda0f5,H,H3,REL,1,R2,USER,3
76d6c310-7118-4164-b433-38560deda0f5,H,H3,ADV,2,R1,CTRL,2
76d6c310-7118-4164-b433-38560deda0f5,H,H3,ADV,2,R1,ORG,3
76d6c310-7118-4164-b433-38560deda0f5,H,H3,ADV,2,R1,USER,1
76d6c310-7118-4164-b433-38560deda0f5,H,H3,ADV,2,R2,CTRL,1
76d6c310-7118-4164-b433-38560deda0f5,H,H3,ADV,2,R2,ORG,3
76d6c310-7118-4164-b433-38560deda0f5,H,H3,ADV,2,R2,USER,2
76d6c310-7118-4164-b433-38560deda0f5,H,H3,COL,3,R1,CTRL,1
76d6c310-7118-4164-b433-38560deda0f5,H,H3,COL,3,R1,ORG,2
76d6c310-7118-4164-b433-38560deda0f5,H,H3,COL,3,R1,USER,3
76d6c310-7118-4164-b433-38560deda0f5,H,H3,COL,3,R2,CTRL,2
76d6c310-7118-4164-b433-38560deda0f5,H,H3,COL,3,R2,ORG,3
76d6c310-7118-4164-b433-38560deda0f5,H,H3,COL,3,R2,USER,1
a7617287-8483-4103-9088-c9585d6326bc,H,H1,REL,1,R1,CTRL,1
a7617287-8483-4103-9088-c9585d6326bc,H,H1,REL,1,R1,ORG,2
a7617287-8483-4103-9088-c9585d6326bc,H,H1,REL,1,R1,USER,3
a7617287-8483-4103-9088-c9585d6326bc,H,H1,REL,1,R2,CTRL,1
a7617287-8483-4103-9088-c9585d6326bc,H,H1,REL,1,R2,ORG,2
a7617287-8483-4103-9088-c9585d6326bc,H,H1,REL,1,R2,USER,3
a7617287-8483-4103-9088-c9585d6326bc,H,H1,ADV,2,R1,CTRL,1
a7617287-8483-4103-9088-c9585d6326bc,H,H1,ADV,2,R1,ORG,2
a7617287-8483-4103-9088-c9585d6326bc,H,H1,ADV,2,R1,USER,3
a7617287-8483-4103-9088-c9585d6326bc,H,H1,ADV,2,R2,CTRL,1
a7617287-8483-4103-9088-c9585d6326bc,H,H1,ADV,2,R2,ORG,2
a7617287-8483-4103-9088-c9585d6326bc,H,H1,ADV,2,R2,USER,3
a7617287-8483-4103-9088-c9585d6326bc,H,H1,COL,3,R1,CTRL,1
a7617287-8483-4103-9088-c9585d6326bc,H,H1,COL,3,R1,ORG,2
a7617287-8483-4103-9088-c9585d6326bc,H,H1,COL,3,R1,USER,3
a7617287-8483-4103-9088-c9585d6326bc,H,H1,COL,3,R2,CTRL,1
a7617287-8483-4103-9088-c9585d6326bc,H,H1,COL,3,R2,ORG,2
a7617287-8483-4103-9088-c9585d6326bc,H,H1,COL,3,R2,USER,3
35d63674-c43c-46f8-8ab3-4c8e01f8d340,HA,HA2,REL,1,R1,CTRL,1
35d63674-c43c-46f8-8ab3-4c8e01f8d340,HA,HA2,REL,1,R1,AI,2
35d63674-c43c-46f8-8ab3-4c8e01f8d340,HA,HA2,REL,1,R1,ORG,3
35d63674-c43c-46f8-8ab3-4c8e01f8d340,HA,HA2,REL,1,R1,USER,4
35d63674-c43c-46f8-8ab3-4c8e01f8d340,HA,HA2,REL,1,R2,CTRL,2
35d63674-c43c-46f8-8ab3-4c8e01f8d340,HA,HA2,REL,1,R2,AI,3
35d63674-c43c-46f8-8ab3-4c8e01f8d340,HA,HA2,REL,1,R2,ORG,4
35d63674-c43c-46f8-8ab3-4c8e01f8d340,HA,HA2,REL,1,R2,USER,1
35d63674-c43c-46f8-8ab3-4c8e01f8d340,HA,HA2,COL,2,R1,CTRL,1
35d63674-c43c-46f8-8ab3-4c8e01f8d340,HA,HA2,COL,2,R1,AI,2
35d63674-c43c-46f8-8ab3-4c8e01f8d340,HA,HA2,COL,2,R1,ORG,3
35d63674-c43c-46f8-8ab3-4c8e01f8d340,HA,HA2,COL,2,R1,USER,4
35d63674-c43c-46f8-8ab3-4c8e01f8d340,HA,HA2,COL,2,R2,CTRL,4
35d63674-c43c-46f8-8ab3-4c8e01f8d340,HA,HA2,COL,2,R2,AI,3
35d63674-c43c-46f8-8ab3-4c8e01f8d340,HA,HA2,COL,2,R2,ORG,2
35d63674-c43c-46f8-8ab3-4c8e01f8d340,HA,HA2,COL,2,R2,USER,1
35d63674-c43c-46f8-8ab3-4c8e01f8d340,HA,HA2,ADV,3,R1,CTRL,1
35d63674-c43c-46f8-8ab3-4c8e01f8d340,HA,HA2,ADV,3,R1,AI,3
35d63674-c43c-46f8-8ab3-4c8e01f8d340,HA,HA2,ADV,3,R1,ORG,2
35d63674-c43c-46f8-8ab3-4c8e01f8d340,HA,HA2,ADV,3,R1,USER,4
35d63674-c43c-46f8-8ab3-4c8e01f8d340,HA,HA2,ADV,3,R2,CTRL,2
35d63674-c43c-46f8-8ab3-4c8e01f8d340,HA,HA2,ADV,3,R2,AI,3
35d63674-c43c-46f8-8ab3-4c8e01f8d340,HA,HA2,ADV,3,R2,ORG,4
35d63674-c43c-46f8-8ab3-4c8e01f8d340,HA,HA2,ADV,3,R2,USER,1
eceec80d-adb9-4b18-9092-c0caaf238939,H,H2,REL,1,R1,CTRL,1
eceec80d-adb9-4b18-9092-c0caaf238939,H,H2,REL,1,R1,ORG,2
eceec80d-adb9-4b18-9092-c0caaf238939,H,H2,REL,1,R1,USER,3
eceec80d-adb9-4b18-9092-c0caaf238939,H,H2,REL,1,R2,CTRL,1
eceec80d-adb9-4b18-9092-c0caaf238939,H,H2,REL,1,R2,ORG,2
eceec80d-adb9-4b18-9092-c0caaf238939,H,H2,REL,1,R2,USER,3
eceec80d-adb9-4b18-9092-c0caaf238939,H,H2,COL,2,R1,CTRL,1
eceec80d-adb9-4b18-9092-c0caaf238939,H,H2,COL,2,R1,ORG,2
eceec80d-adb9-4b18-9092-c0caaf238939,H,H2,COL,2,R1,USER,3
eceec80d-adb9-4b18-9092-c0caaf238939,H,H2,COL,2,R2,CTRL,1
eceec80d-adb9-4b18-9092-c0caaf238939,H,H2,COL,2,R2,ORG,2
eceec80d-adb9-4b18-9092-c0caaf238939,H,H2,COL,2,R2,USER,3
eceec80d-adb9-4b18-9092-c0caaf238939,H,H2,ADV,3,R1,CTRL,1
eceec80d-adb9-4b18-9092-c0caaf238939,H,H2,ADV,3,R1,ORG,2
eceec80d-adb9-4b18-9092-c0caaf238939,H,H2,ADV,3,R1,USER,3
eceec80d-adb9-4b18-9092-c0caaf238939,H,H2,ADV,3,R2,CTRL,1
eceec80d-adb9-4b18-9092-c0caaf238939,H,H2,ADV,3,R2,ORG,2
eceec80d-adb9-4b18-9092-c0caaf238939,H,H2,ADV,3,R2,USER,3
17db936e-b072-4dce-a4b8-d504175735eb,A,A,COL,1,R1,AI,2
17db936e-b072-4dce-a4b8-d504175735eb,A,A,COL,1,R1,ORG,3
17db936e-b072-4dce-a4b8-d504175735eb,A,A,COL,1,R1,USER,1
17db936e-b072-4dce-a4b8-d504175735eb,A,A,COL,1,R2,AI,3
17db936e-b072-4dce-a4b8-d504175735eb,A,A,COL,1,R2,ORG,2
17db936e-b072-4dce-a4b8-d504175735eb,A,A,COL,1,R2,USER,1
17db936e-b072-4dce-a4b8-d504175735eb,A,A,ADV,2,R1,AI,2
17db936e-b072-4dce-a4b8-d504175735eb,A,A,ADV,2,R1,ORG,1
17db936e-b072-4dce-a4b8-d504175735eb,A,A,ADV,2,R1,USER,3
17db936e-b072-4dce-a4b8-d504175735eb,A,A,ADV,2,R2,AI,1
17db936e-b072-4dce-a4b8-d504175735eb,A,A,ADV,2,R2,ORG,3
17db936e-b072-4dce-a4b8-d504175735eb,A,A,ADV,2,R2,USER,2
17db936e-b072-4dce-a4b8-d504175735eb,A,A,REL,3,R1,AI,2
17db936e-b072-4dce-a4b8-d504175735eb,A,A,REL,3,R1,ORG,1
17db936e-b072-4dce-a4b8-d504175735eb,A,A,REL,3,R1,USER,3
17db936e-b072-4dce-a4b8-d504175735eb,A,A,REL,3,R2,AI,1
17db936e-b072-4dce-a4b8-d504175735eb,A,A,REL,3,R2,ORG,3
17db936e-b072-4dce-a4b8-d504175735eb,A,A,REL,3,R2,USER,2
36136b43-8a38-4b95-8834-0bd8b77e929b,HA,HA2,ADV,1,R1,CTRL,4
36136b43-8a38-4b95-8834-0bd8b77e929b,HA,HA2,ADV,1,R1,AI,3
36136b43-8a38-4b95-8834-0bd8b77e929b,HA,HA2,ADV,1,R1,ORG,2
36136b43-8a38-4b95-8834-0bd8b77e929b,HA,HA2,ADV,1,R1,USER,1
36136b43-8a38-4b95-8834-0bd8b77e929b,HA,HA2,ADV,1,R2,CTRL,4
36136b43-8a38-4b95-8834-0bd8b77e929b,HA,HA2,ADV,1,R2,AI,3
36136b43-8a38-4b95-8834-0bd8b77e929b,HA,HA2,ADV,1,R2,ORG,2
36136b43-8a38-4b95-8834-0bd8b77e929b,HA,HA2,ADV,1,R2,USER,1
36136b43-8a38-4b95-8834-0bd8b77e929b,HA,HA2,COL,2,R1,CTRL,4
36136b43-8a38-4b95-8834-0bd8b77e929b,HA,HA2,COL,2,R1,AI,3
36136b43-8a38-4b95-8834-0bd8b77e929b,HA,HA2,COL,2,R1,ORG,2
36136b43-8a38-4b95-8834-0bd8b77e929b,HA,HA2,COL,2,R1,USER,1
36136b43-8a38-4b95-8834-0bd8b77e929b,HA,HA2,COL,2,R2,CTRL,4
36136b43-8a38-4b95-8834-0bd8b77e929b,HA,HA2,COL,2,R2,AI,3
36136b43-8a38-4b95-8834-0bd8b77e929b,HA,HA2,COL,2,R2,ORG,2
36136b43-8a38-4b95-8834-0bd8b77e929b,HA,HA2,COL,2,R2,USER,1
36136b43-8a38-4b95-8834-0bd8b77e929b,HA,HA2,REL,3,R1,CTRL,4
36136b43-8a38-4b95-8834-0bd8b77e929b,HA,HA2,REL,3,R1,AI,3
36136b43-8a38-4b95-8834-0bd8b77e929b,HA,HA2,REL,3,R1,ORG,2
36136b43-8a38-4b95-8834-0bd8b77e929b,HA,HA2,REL,3,R1,USER,1
36136b43-8a38-4b95-8834-0bd8b77e929b,HA,HA2,REL,3,R2,CTRL,4
36136b43-8a38-4b95-8834-0bd8b77e929b,HA,HA2,REL,3,R2,AI,3
36136b43-8a38-4b95-8834-0bd8b77e929b,HA,HA2,REL,3,R2,ORG,2
36136b43-8a38-4b95-8834-0bd8b77e929b,HA,HA2,REL,3,R2,USER,1
afe6a0f8-a255-4c1c-bc37-4559eb17d0c8,HA,HA1,ADV,1,R1,CTRL,2
afe6a0f8-a255-4c1c-bc37-4559eb17d0c8,HA,HA1,ADV,1,R1,AI,4
afe6a0f8-a255-4c1c-bc37-4559eb17d0c8,HA,HA1,ADV,1,R1,ORG,3
afe6a0f8-a255-4c1c-bc37-4559eb17d0c8,HA,HA1,ADV,1,R1,USER,1
afe6a0f8-a255-4c1c-bc37-4559eb17d0c8,HA,HA1,ADV,1,R2,CTRL,2
afe6a0f8-a255-4c1c-bc37-4559eb17d0c8,HA,HA1,ADV,1,R2,AI,4
afe6a0f8-a255-4c1c-bc37-4559eb17d0c8,HA,HA1,ADV,1,R2,ORG,3
afe6a0f8-a255-4c1c-bc37-4559eb17d0c8,HA,HA1,ADV,1,R2,USER,1
afe6a0f8-a255-4c1c-bc37-4559eb17d0c8,HA,HA1,REL,2,R1,CTRL,1
afe6a0f8-a255-4c1c-bc37-4559eb17d0c8,HA,HA1,REL,2,R1,AI,3
afe6a0f8-a255-4c1c-bc37-4559eb17d0c8,HA,HA1,REL,2,R1,ORG,2
afe6a0f8-a255-4c1c-bc37-4559eb17d0c8,HA,HA1,REL,2,R1,USER,4
afe6a0f8-a255-4c1c-bc37-4559eb17d0c8,HA,HA1,REL,2,R2,CTRL,1
afe6a0f8-a255-4c1c-bc37-4559eb17d0c8,HA,HA1,REL,2,R2,AI,3
afe6a0f8-a255-4c1c-bc37-4559eb17d0c8,HA,HA1,REL,2,R2,ORG,2
afe6a0f8-a255-4c1c-bc37-4559eb17d0c8,HA,HA1,REL,2,R2,USER,4
afe6a0f8-a255-4c1c-bc37-4559eb17d0c8,HA,HA1,COL,3,R1,CTRL,2
afe6a0f8-a255-4c1c-bc37-4559eb17d0c8,HA,HA1,COL,3,R1,AI,4
afe6a0f8-a255-4c1c-bc37-4559eb17d0c8,HA,HA1,COL,3,R1,ORG,3
afe6a0f8-a255-4c1c-bc37-4559eb17d0c8,HA,HA1,COL,3,R1,USER,1
afe6a0f8-a255-4c1c-bc37-4559eb17d0c8,HA,HA1,COL,3,R2,CTRL,2
afe6a0f8-a255-4c1c-bc37-4559eb17d0c8,HA,HA1,COL,3,R2,AI,4
afe6a0f8-a255-4c1c-bc37-4559eb17d0c8,HA,HA1,COL,3,R2,ORG,3
afe6a0f8-a255-4c1c-bc37-4559eb17d0c8,HA,HA1,COL,3,R2,USER,1
8ee7ff58-a7bc-497f-9f68-edde8dd8d0fb,HA,HA3,ADV,1,R1,CTRL,3
8ee7ff58-a7bc-497f-9f68-edde8dd8d0fb,HA,HA3,ADV,1,R1,AI,2
8ee7ff58-a7bc-497f-9f68-edde8dd8d0fb,HA,HA3,ADV,1,R1,ORG,1
8ee7ff58-a7bc-497f-9f68-edde8dd8d0fb,HA,HA3,ADV,1,R1,USER,4
8ee7ff58-a7bc-497f-9f68-edde8dd8d0fb,HA,HA3,ADV,1,R2,CTRL,3
8ee7ff58-a7bc-497f-9f68-edde8dd8d0fb,HA,HA3,ADV,1,R2,AI,2
8ee7ff58-a7bc-497f-9f68-edde8dd8d0fb,HA,HA3,ADV,1,R2,ORG,1
8ee7ff58-a7bc-497f-9f68-edde8dd8d0fb,HA,HA3,ADV,1,R2,USER,4
8ee7ff58-a7bc-497f-9f68-edde8dd8d0fb,HA,HA3,COL,2,R1,CTRL,3
8ee7ff58-a7bc-497f-9f68-edde8dd8d0fb,HA,HA3,COL,2,R1,AI,1
8ee7ff58-a7bc-497f-9f68-edde8dd8d0fb,HA,HA3,COL,2,R1,ORG,2
8ee7ff58-a7bc-497f-9f68-edde8dd8d0fb,HA,HA3,COL,2,R1,USER,4
8ee7ff58-a7bc-497f-9f68-edde8dd8d0fb,HA,HA3,COL,2,R2,CTRL,3
8ee7ff58-a7bc-497f-9f68-edde8dd8d0fb,HA,HA3,COL,2,R2,AI,2
8ee7ff58-a7bc-497f-9f68-edde8dd8d0fb,HA,HA3,COL,2,R2,ORG,1
8ee7ff58-a7bc-497f-9f68-edde8dd8d0fb,HA,HA3,COL,2,R2,USER,4
8ee7ff58-a7bc-497f-9f68-edde8dd8d0fb,HA,HA3,REL,3,R1,CTRL,3
8ee7ff58-a7bc-497f-9f68-edde8dd8d0fb,HA,HA3,REL,3,R1,AI,1
8ee7ff58-a7bc-497f-9f68-edde8dd8d0fb,HA,HA3,REL,3,R1,ORG,2
8ee7ff58-a7bc-497f-9f68-edde8dd8d0fb,HA,HA3,REL,3,R1,USER,4
8ee7ff58-a7bc-497f-9f68-edde8dd8d0fb,HA,HA3,REL,3,R2,CTRL,3
8ee7ff58-a7bc-497f-9f68-edde8dd8d0fb,HA,HA3,REL,3,R2,AI,1
8ee7ff58-a7bc-497f-9f68-edde8dd8d0fb,HA,HA3,REL,3,R2,ORG,2
8ee7ff58-a7bc-497f-9f68-edde8dd8d0fb,HA,HA3,REL,3,R2,USER,4
c5b1e737-1b78-4969-af33-fea6b742817f,H,H2,ADV,1,R1,CTRL,1
c5b1e737-1b78-4969-af33-fea6b742817f,H,H2,ADV,1,R1,ORG,2
c5b1e737-1b78-4969-af33-fea6b742817f,H,H2,ADV,1,R1,USER,3
c5b1e737-1b78-4969-af33-fea6b742817f,H,H2,ADV,1,R2,CTRL,2
c5b1e737-1b78-4969-af33-fea6b742817f,H,H2,ADV,1,R2,ORG,3
c5b1e737-1b78-4969-af33-fea6b742817f,H,H2,ADV,1,R2,USER,1
c5b1e737-1b78-4969-af33-fea6b742817f,H,H2,REL,2,R1,CTRL,2
c5b1e737-1b78-4969-af33-fea6b742817f,H,H2,REL,2,R1,ORG,3
c5b1e737-1b78-4969-af33-fea6b742817f,H,H2,REL,2,R1,USER,1
c5b1e737-1b78-4969-af33-fea6b742817f,H,H2,REL,2,R2,CTRL,1
c5b1e737-1b78-4969-af33-fea6b742817f,H,H2,REL,2,R2,ORG,3
c5b1e737-1b78-4969-af33-fea6b742817f,H,H2,REL,2,R2,USER,2
c5b1e737-1b78-4969-af33-fea6b742817f,H,H2,COL,3,R1,CTRL,1
c5b1e737-1b78-4969-af33-fea6b742817f,H,H2,COL,3,R1,ORG,3
c5b1e737-1b78-4969-af33-fea6b742817f,H,H2,COL,3,R1,USER,2
c5b1e737-1b78-4969-af33-fea6b742817f,H,H2,COL,3,R2,CTRL,2
c5b1e737-1b78-4969-af33-fea6b742817f,H,H2,COL,3,R2,ORG,3
c5b1e737-1b78-4969-af33-fea6b742817f,H,H2,COL,3,R2,USER,1
6240cbf7-49c2-4c42-add9-12120fbeded9,HA,HA1,REL,1,R1,CTRL,1
6240cbf7-49c2-4c42-add9-12120fbeded9,HA,HA1,REL,1,R1,AI,2
6240cbf7-49c2-4c42-add9-12120fbeded9,HA,HA1,REL,1,R1,ORG,3
6240cbf7-49c2-4c42-add9-12120fbeded9,HA,HA1,REL,1,R1,USER,4
6240cbf7-49c2-4c42-add9-12120fbeded9,HA,HA1,REL,1,R2,CTRL,1
6240cbf7-49c2-4c42-add9-12120fbeded9,HA,HA1,REL,1,R2,AI,2
6240cbf7-49c2-4c42-add9-12120fbeded9,HA,HA1,REL,1,R2,ORG,3
6240cbf7-49c2-4c42-add9-12120fbeded9,HA,HA1,REL,1,R2,USER,4
6240cbf7-49c2-4c42-add9-12120fbeded9,HA,HA1,COL,2,R1,CTRL,1
6240cbf7-49c2-4c42-add9-12120fbeded9,HA,HA1,COL,2,R1,AI,2
6240cbf7-49c2-4c42-add9-12120fbeded9,HA,HA1,COL,2,R1,ORG,3
6240cbf7-49c2-4c42-add9-12120fbeded9,HA,HA1,COL,2,R1,USER,4
6240cbf7-49c2-4c42-add9-12120fbeded9,HA,HA1,COL,2,R2,CTRL,1
6240cbf7-49c2-4c42-add9-12120fbeded9,HA,HA1,COL,2,R2,AI,2
6240cbf7-49c2-4c42-add9-12120fbeded9,HA,HA1,COL,2,R2,ORG,3
6240cbf7-49c2-4c42-add9-12120fbeded9,HA,HA1,COL,2,R2,USER,4
6240cbf7-49c2-4c42-add9-12120fbeded9,HA,HA1,ADV,3,R1,CTRL,1
6240cbf7-49c2-4c42-add9-12120fbeded9,HA,HA1,ADV,3,R1,AI,2
6240cbf7-49c2-4c42-add9-12120fbeded9,HA,HA1,ADV,3,R1,ORG,3
6240cbf7-49c2-4c42-add9-12120fbeded9,HA,HA1,ADV,3,R1,USER,4
6240cbf7-49c2-4c42-add9-12120fbeded9,HA,HA1,ADV,3,R2,CTRL,1
6240cbf7-49c2-4c42-add9-12120fbeded9,HA,HA1,ADV,3,R2,AI,2
6240cbf7-49c2-4c42-add9-12120fbeded9,HA,HA1,ADV,3,R2,ORG,3
6240cbf7-49c2-4c42-add9-12120fbeded9,HA,HA1,ADV,3,R2,USER,4
83443f10-b343-4799-b417-33540c4c6f7a,HA,HA3,COL,1,R1,CTRL,2
83443f10-b343-4799-b417-33540c4c6f7a,HA,HA3,COL,1,R1,AI,4
83443f10-b343-4799-b417-33540c4c6f7a,HA,HA3,COL,1,R1,ORG,3
83443f10-b343-4799-b417-33540c4c6f7a,HA,HA3,COL,1,R1,USER,1
83443f10-b343-4799-b417-33540c4c6f7a,HA,HA3,COL,1,R2,CTRL,3
83443f10-b343-4799-b417-33540c4c6f7a,HA,HA3,COL,1,R2,AI,4
83443f10-b343-4799-b417-33540c4c6f7a,HA,HA3,COL,1,R2,ORG,1
83443f10-b343-4799-b417-33540c4c6f7a,HA,HA3,COL,1,R2,USER,2
83443f10-b343-4799-b417-33540c4c6f7a,HA,HA3,REL,2,R1,CTRL,3
83443f10-b343-4799-b417-33540c4c6f7a,HA,HA3,REL,2,R1,AI,1
83443f10-b343-4799-b417-33540c4c6f7a,HA,HA3,REL,2,R1,ORG,2
83443f10-b343-4799-b417-33540c4c6f7a,HA,HA3,REL,2,R1,USER,4
83443f10-b343-4799-b417-33540c4c6f7a,HA,HA3,REL,2,R2,CTRL,2
83443f10-b343-4799-b417-33540c4c6f7a,HA,HA3,REL,2,R2,AI,1
83443f10-b343-4799-b417-33540c4c6f7a,HA,HA3,REL,2,R2,ORG,3
83443f10-b343-4799-b417-33540c4c6f7a,HA,HA3,REL,2,R2,USER,4
83443f10-b343-4799-b417-33540c4c6f7a,HA,HA3,ADV,3,R1,CTRL,2
83443f10-b343-4799-b417-33540c4c6f7a,HA,HA3,ADV,3,R1,AI,1
83443f10-b343-4799-b417-33540c4c6f7a,HA,HA3,ADV,3,R1,ORG,3
83443f10-b343-4799-b417-33540c4c6f7a,HA,HA3,ADV,3,R1,USER,4
83443f10-b343-4799-b417-33540c4c6f7a,HA,HA3,ADV,3,R2,CTRL,2
83443f10-b343-4799-b417-33540c4c6f7a,HA,HA3,ADV,3,R2,AI,1
83443f10-b343-4799-b417-33540c4c6f7a,HA,HA3,ADV,3,R2,ORG,3
83443f10-b343-4799-b417-33540c4c6f7a,HA,HA3,ADV,3,R2,USER,4
16ccb80e-a010-45c5-bd58-4bbdf0219048,H,H2,COL,1,R1,CTRL,1
16ccb80e-a010-45c5-bd58-4bbdf0219048,H,H2,COL,1,R1,ORG,2
16ccb80e-a010-45c5-bd58-4bbdf0219048,H,H2,COL,1,R1,USER,3
16ccb80e-a010-45c5-bd58-4bbdf0219048,H,H2,COL,1,R2,CTRL,1
16ccb80e-a010-45c5-bd58-4bbdf0219048,H,H2,COL,1,R2,ORG,2
16ccb80e-a010-45c5-bd58-4bbdf0219048,H,H2,COL,1,R2,USER,3
16ccb80e-a010-45c5-bd58-4bbdf0219048,H,H2,REL,2,R1,CTRL,1
16ccb80e-a010-45c5-bd58-4bbdf0219048,H,H2,REL,2,R1,ORG,2
16ccb80e-a010-45c5-bd58-4bbdf0219048,H,H2,REL,2,R1,USER,3
16ccb80e-a010-45c5-bd58-4bbdf0219048,H,H2,REL,2,R2,CTRL,1
16ccb80e-a010-45c5-bd58-4bbdf0219048,H,H2,REL,2,R2,ORG,2
16ccb80e-a010-45c5-bd58-4bbdf0219048,H,H2,REL,2,R2,USER,3
16ccb80e-a010-45c5-bd58-4bbdf0219048,H,H2,ADV,3,R1,CTRL,1
16ccb80e-a010-45c5-bd58-4bbdf0219048,H,H2,ADV,3,R1,ORG,2
16ccb80e-a010-45c5-bd58-4bbdf0219048,H,H2,ADV,3,R1,USER,3
16ccb80e-a010-45c5-bd58-4bbdf0219048,H,H2,ADV,3,R2,CTRL,1
16ccb80e-a010-45c5-bd58-4bbdf0219048,H,H2,ADV,3,R2,ORG,2
16ccb80e-a010-45c5-bd58-4bbdf0219048,H,H2,ADV,3,R2,USER,3
84ff0a36-c23d-44ed-aaa0-c88fb0a061aa,H,H1,COL,1,R1,CTRL,3
84ff0a36-c23d-44ed-aaa0-c88fb0a061aa,H,H1,COL,1,R1,ORG,2
84ff0a36-c23d-44ed-aaa0-c88fb0a061aa,H,H1,COL,1,R1,USER,1
84ff0a36-c23d-44ed-aaa0-c88fb0a061aa,H,H1,COL,1,R2,CTRL,3
84ff0a36-c23d-44ed-aaa0-c88fb0a061aa,H,H1,COL,1,R2,ORG,2
84ff0a36-c23d-44ed-aaa0-c88fb0a061aa,H,H1,COL,1,R2,USER,1
84ff0a36-c23d-44ed-aaa0-c88fb0a061aa,H,H1,REL,2,R1,CTRL,1
84ff0a36-c23d-44ed-aaa0-c88fb0a061aa,H,H1,REL,2,R1,ORG,2
84ff0a36-c23d-44ed-aaa0-c88fb0a061aa,H,H1,REL,2,R1,USER,3
84ff0a36-c23d-44ed-aaa0-c88fb0a061aa,H,H1,REL,2,R2,CTRL,1
84ff0a36-c23d-44ed-aaa0-c88fb0a061aa,H,H1,REL,2,R2,ORG,2
84ff0a36-c23d-44ed-aaa0-c88fb0a061aa,H,H1,REL,2,R2,USER,3
84ff0a36-c23d-44ed-aaa0-c88fb0a061aa,H,H1,ADV,3,R1,CTRL,2
84ff0a36-c23d-44ed-aaa0-c88fb0a061aa,H,H1,ADV,3,R1,ORG,1
84ff0a36-c23d-44ed-aaa0-c88fb0a061aa,H,H1,ADV,3,R1,USER,3
84ff0a36-c23d-44ed-aaa0-c88fb0a061aa,H,H1,ADV,3,R2,CTRL,2
84ff0a36-c23d-44ed-aaa0-c88fb0a061aa,H,H1,ADV,3,R2,ORG,1
84ff0a36-c23d-44ed-aaa0-c88fb0a061aa,H,H1,ADV,3,R2,USER,3
bc63571c-d01c-49a7-8820-8264a3181a5b,A,A,REL,1,R1,AI,1
bc63571c-d01c-49a7-8820-8264a3181a5b,A,A,REL,1,R1,ORG,2
bc63571c-d01c-49a7-8820-8264a3181a5b,A,A,REL,1,R1,USER,3
bc63571c-d01c-49a7-8820-8264a3181a5b,A,A,REL,1,R2,AI,1
bc63571c-d01c-49a7-8820-8264a3181a5b,A,A,REL,1,R2,ORG,2
bc63571c-d01c-49a7-8820-8264a3181a5b,A,A,REL,1,R2,USER,3
bc63571c-d01c-49a7-8820-8264a3181a5b,A,A,ADV,2,R1,AI,3
bc63571c-d01c-49a7-8820-8264a3181a5b,A,A,ADV,2,R1,ORG,1
bc63571c-d01c-49a7-8820-8264a3181a5b,A,A,ADV,2,R1,USER,2
bc63571c-d01c-49a7-8820-8264a3181a5b,A,A,ADV,2,R2,AI,3
bc63571c-d01c-49a7-8820-8264a3181a5b,A,A,ADV,2,R2,ORG,1
bc63571c-d01c-49a7-8820-8264a3181a5b,A,A,ADV,2,R2,USER,2
bc63571c-d01c-49a7-8820-8264a3181a5b,A,A,COL,3,R1,AI,2
bc63571c-d01c-49a7-8820-8264a3181a5b,A,A,COL,3,R1,ORG,1
bc63571c-d01c-49a7-8820-8264a3181a5b,A,A,COL,3,R1,USER,3
bc63571c-d01c-49a7-8820-8264a3181a5b,A,A,COL,3,R2,AI,2
bc63571c-d01c-49a7-8820-8264a3181a5b,A,A,COL,3,R2,ORG,1
bc63571c-d01c-49a7-8820-8264a3181a5b,A,A,COL,3,R2,USER,3
c9175693-aa12-4011-b1fb-7fff89a1371e,H,H1,COL,1,R1,CTRL,2
c9175693-aa12-4011-b1fb-7fff89a1371e,H,H1,COL,1,R1,ORG,1
c9175693-aa12-4011-b1fb-7fff89a1371e,H,H1,COL,1,R1,USER,3
c9175693-aa12-4011-b1fb-7fff89a1371e,H,H1,COL,1,R2,CTRL,1
c9175693-aa12-4011-b1fb-7fff89a1371e,H,H1,COL,1,R2,ORG,2
c9175693-aa12-4011-b1fb-7fff89a1371e,H,H1,COL,1,R2,USER,3
c9175693-aa12-4011-b1fb-7fff89a1371e,H,H1,ADV,2,R1,CTRL,3
c9175693-aa12-4011-b1fb-7fff89a1371e,H,H1,ADV,2,R1,ORG,1
c9175693-aa12-4011-b1fb-7fff89a1371e,H,H1,ADV,2,R1,USER,2
c9175693-aa12-4011-b1fb-7fff89a1371e,H,H1,ADV,2,R2,CTRL,2
c9175693-aa12-4011-b1fb-7fff89a1371e,H,H1,ADV,2,R2,ORG,1
c9175693-aa12-4011-b1fb-7fff89a1371e,H,H1,ADV,2,R2,USER,3
c9175693-aa12-4011-b1fb-7fff89a1371e,H,H1,REL,3,R1,CTRL,1
c9175693-aa12-4011-b1fb-7fff89a1371e,H,H1,REL,3,R1,ORG,2
c9175693-aa12-4011-b1fb-7fff89a1371e,H,H1,REL,3,R1,USER,3
c9175693-aa12-4011-b1fb-7fff89a1371e,H,H1,REL,3,R2,CTRL,1
c9175693-aa12-4011-b1fb-7fff89a1371e,H,H1,REL,3,R2,ORG,2
c9175693-aa12-4011-b1fb-7fff89a1371e,H,H1,REL,3,R2,USER,3
5be4985a-778e-4020-b41e-0908fa399bb0,H,H3,ADV,1,R1,CTRL,2
5be4985a-778e-4020-b41e-0908fa399bb0,H,H3,ADV,1,R1,ORG,3
5be4985a-778e-4020-b41e-0908fa399bb0,H,H3,ADV,1,R1,USER,1
5be4985a-778e-4020-b41e-0908fa399bb0,H,H3,ADV,1,R2,CTRL,1
5be4985a-778e-4020-b41e-0908fa399bb0,H,H3,ADV,1,R2,ORG,3
5be4985a-778e-4020-b41e-0908fa399bb0,H,H3,ADV,1,R2,USER,2
5be4985a-778e-4020-b41e-0908fa399bb0,H,H3,COL,2,R1,CTRL,1
5be4985a-778e-4020-b41e-0908fa399bb0,H,H3,COL,2,R1,ORG,3
5be4985a-778e-4020-b41e-0908fa399bb0,H,H3,COL,2,R1,USER,2
5be4985a-778e-4020-b41e-0908fa399bb0,H,H3,COL,2,R2,CTRL,1
5be4985a-778e-4020-b41e-0908fa399bb0,H,H3,COL,2,R2,ORG,3
5be4985a-778e-4020-b41e-0908fa399bb0,H,H3,COL,2,R2,USER,2
5be4985a-778e-4020-b41e-0908fa399bb0,H,H3,REL,3,R1,CTRL,1
5be4985a-778e-4020-b41e-0908fa399bb0,H,H3,REL,3,R1,ORG,2
5be4985a-778e-4020-b41e-0908fa399bb0,H,H3,REL,3,R1,USER,3
5be4985a-778e-4020-b41e-0908fa399bb0,H,H3,REL,3,R2,CTRL,1
5be4985a-778e-4020-b41e-0908fa399bb0,H,H3,REL,3,R2,ORG,3
5be4985a-778e-4020-b41e-0908fa399bb0,H,H3,REL,3,R2,USER,2
277e94b6-5317-4bfd-b54e-6f1bdd825a38,A,A,REL,1,R1,AI,1
277e94b6-5317-4bfd-b54e-6f1bdd825a38,A,A,REL,1,R1,ORG,2
277e94b6-5317-4bfd-b54e-6f1bdd825a38,A,A,REL,1,R1,USER,3
277e94b6-5317-4bfd-b54e-6f1bdd825a38,A,A,REL,1,R2,AI,1
277e94b6-5317-4bfd-b54e-6f1bdd825a38,A,A,REL,1,R2,ORG,2
277e94b6-5317-4bfd-b54e-6f1bdd825a38,A,A,REL,1,R2,USER,3
277e94b6-5317-4bfd-b54e-6f1bdd825a38,A,A,COL,2,R1,AI,1
277e94b6-5317-4bfd-b54e-6f1bdd825a38,A,A,COL,2,R1,ORG,3
277e94b6-5317-4bfd-b54e-6f1bdd825a38,A,A,COL,2,R1,USER,2
277e94b6-5317-4bfd-b54e-6f1bdd825a38,A,A,COL,2,R2,AI,1
277e94b6-5317-4bfd-b54e-6f1bdd825a38,A,A,COL,2,R2,ORG,2
277e94b6-5317-4bfd-b54e-6f1bdd825a38,A,A,COL,2,R2,USER,3
277e94b6-5317-4bfd-b54e-6f1bdd825a38,A,A,ADV,3,R1,AI,2
277e94b6-5317-4bfd-b54e-6f1bdd825a38,A,A,ADV,3,R1,ORG,3
277e94b6-5317-4bfd-b54e-6f1bdd825a38,A,A,ADV,3,R1,USER,1
277e94b6-5317-4bfd-b54e-6f1bdd825a38,A,A,ADV,3,R2,AI,1
277e94b6-5317-4bfd-b54e-6f1bdd825a38,A,A,ADV,3,R2,ORG,2
277e94b6-5317-4bfd-b54e-6f1bdd825a38,A,A,ADV,3,R2,USER,3
c0d53eea-4ba7-421e-ba75-3175f2f742f5,H,H3,REL,1,R1,CTRL,3
c0d53eea-4ba7-421e-ba75-3175f2f742f5,H,H3,REL,1,R1,ORG,1
c0d53eea-4ba7-421e-ba75-3175f2f742f5,H,H3,REL,1,R1,USER,2
c0d53eea-4ba7-421e-ba75-3175f2f742f5,H,H3,REL,1,R2,CTRL,3
c0d53eea-4ba7-421e-ba75-3175f2f742f5,H,H3,REL,1,R2,ORG,1
c0d53eea-4ba7-421e-ba75-3175f2f742f5,H,H3,REL,1,R2,USER,2
c0d53eea-4ba7-421e-ba75-3175f2f742f5,H,H3,COL,2,R1,CTRL,2
c0d53eea-4ba7-421e-ba75-3175f2f742f5,H,H3,COL,2,R1,ORG,1
c0d53eea-4ba7-421e-ba75-3175f2f742f5,H,H3,COL,2,R1,USER,3
c0d53eea-4ba7-421e-ba75-3175f2f742f5,H,H3,COL,2,R2,CTRL,2
c0d53eea-4ba7-421e-ba75-3175f2f742f5,H,H3,COL,2,R2,ORG,1
c0d53eea-4ba7-421e-ba75-3175f2f742f5,H,H3,COL,2,R2,USER,3
c0d53eea-4ba7-421e-ba75-3175f2f742f5,H,H3,ADV,3,R1,CTRL,3
c0d53eea-4ba7-421e-ba75-3175f2f742f5,H,H3,ADV,3,R1,ORG,2
c0d53eea-4ba7-421e-ba75-3175f2f742f5,H,H3,ADV,3,R1,USER,1
c0d53eea-4ba7-421e-ba75-3175f2f742f5,H,H3,ADV,3,R2,CTRL,2
c0d53eea-4ba7-421e-ba75-3175f2f742f5,H,H3,ADV,3,R2,ORG,1
c0d53eea-4ba7-421e-ba75-3175f2f742f5,H,H3,ADV,3,R2,USER,3
b16ae556-fc47-47bd-b0e9-69331c7f0f52,H,H3,ADV,1,R1,CTRL,2
b16ae556-fc47-47bd-b0e9-69331c7f0f52,H,H3,ADV,1,R1,ORG,3
b16ae556-fc47-47bd-b0e9-69331c7f0f52,H,H3,ADV,1,R1,USER,1
b16ae556-fc47-47bd-b0e9-69331c7f0f52,H,H3,ADV,1,R2,CTRL,2
b16ae556-fc47-47bd-b0e9-69331c7f0f52,H,H3,ADV,1,R2,ORG,3
b16ae556-fc47-47bd-b0e9-69331c7f0f52,H,H3,ADV,1,R2,USER,1
b16ae556-fc47-47bd-b0e9-69331c7f0f52,H,H3,REL,2,R1,CTRL,2
b16ae556-fc47-47bd-b0e9-69331c7f0f52,H,H3,REL,2,R1,ORG,3
b16ae556-fc47-47bd-b0e9-69331c7f0f52,H,H3,REL,2,R1,USER,1
b16ae556-fc47-47bd-b0e9-69331c7f0f52,H,H3,REL,2,R2,CTRL,2
b16ae556-fc47-47bd-b0e9-69331c7f0f52,H,H3,REL,2,R2,ORG,3
b16ae556-fc47-47bd-b0e9-69331c7f0f52,H,H3,REL,2,R2,USER,1
b16ae556-fc47-47bd-b0e9-69331c7f0f52,H,H3,COL,3,R1,CTRL,2
b16ae556-fc47-47bd-b0e9-69331c7f0f52,H,H3,COL,3,R1,ORG,3
b16ae556-fc47-47bd-b0e9-69331c7f0f52,H,H3,COL,3,R1,USER,1
b16ae556-fc47-47bd-b0e9-69331c7f0f52,H,H3,COL,3,R2,CTRL,2
b16ae556-fc47-47bd-b0e9-69331c7f0f52,H,H3,COL,3,R2,ORG,3
b16ae556-fc47-47bd-b0e9-69331c7f0f52,H,H3,COL,3,R2,USER,1
13a81a41-9d01-4668-9c0b-8a6773f5d2ea,H,H3,COL,1,R1,CTRL,1
13a81a41-9d01-4668-9c0b-8a6773f5d2ea,H,H3,COL,1,R1,ORG,2
13a81a41-9d01-4668-9c0b-8a6773f5d2ea,H,H3,COL,1,R1,USER,3
13a81a41-9d01-4668-9c0b-8a6773f5d2ea,H,H3,COL,1,R2,CTRL,1
13a81a41-9d01-4668-9c0b-8a6773f5d2ea,H,H3,COL,1,R2,ORG,2
13a81a41-9d01-4668-9c0b-8a6773f5d2ea,H,H3,COL,1,R2,USER,3
13a81a41-9d01-4668-9c0b-8a6773f5d2ea,H,H3,ADV,2,R1,CTRL,1
13a81a41-9d01-4668-9c0b-8a6773f5d2ea,H,H3,ADV,2,R1,ORG,2
13a81a41-9d01-4668-9c0b-8a6773f5d2ea,H,H3,ADV,2,R1,USER,3
13a81a41-9d01-4668-9c0b-8a6773f5d2ea,H,H3,ADV,2,R2,CTRL,1
13a81a41-9d01-4668-9c0b-8a6773f5d2ea,H,H3,ADV,2,R2,ORG,2
13a81a41-9d01-4668-9c0b-8a6773f5d2ea,H,H3,ADV,2,R2,USER,3
13a81a41-9d01-4668-9c0b-8a6773f5d2ea,H,H3,REL,3,R1,CTRL,1
13a81a41-9d01-4668-9c0b-8a6773f5d2ea,H,H3,REL,3,R1,ORG,2
13a81a41-9d01-4668-9c0b-8a6773f5d2ea,H,H3,REL,3,R1,USER,3
13a81a41-9d01-4668-9c0b-8a6773f5d2ea,H,H3,REL,3,R2,CTRL,1
13a81a41-9d01-4668-9c0b-8a6773f5d2ea,H,H3,REL,3,R2,ORG,2
13a81a41-9d01-4668-9c0b-8a6773f5d2ea,H,H3,REL,3,R2,USER,3
02b04b0b-078b-4ed1-a487-cb0e90826b19,HA,HA1,REL,1,R1,CTRL,1
02b04b0b-078b-4ed1-a487-cb0e90826b19,HA,HA1,REL,1,R1,AI,2
02b04b0b-078b-4ed1-a487-cb0e90826b19,HA,HA1,REL,1,R1,ORG,3
02b04b0b-078b-4ed1-a487-cb0e90826b19,HA,HA1,REL,1,R1,USER,4
02b04b0b-078b-4ed1-a487-cb0e90826b19,HA,HA1,REL,1,R2,CTRL,2
02b04b0b-078b-4ed1-a487-cb0e90826b19,HA,HA1,REL,1,R2,AI,1
02b04b0b-078b-4ed1-a487-cb0e90826b19,HA,HA1,REL,1,R2,ORG,4
02b04b0b-078b-4ed1-a487-cb0e90826b19,HA,HA1,REL,1,R2,USER,3
02b04b0b-078b-4ed1-a487-cb0e90826b19,HA,HA1,ADV,2,R1,CTRL,1
02b04b0b-078b-4ed1-a487-cb0e90826b19,HA,HA1,ADV,2,R1,AI,2
02b04b0b-078b-4ed1-a487-cb0e90826b19,HA,HA1,ADV,2,R1,ORG,3
02b04b0b-078b-4ed1-a487-cb0e90826b19,HA,HA1,ADV,2,R1,USER,4
02b04b0b-078b-4ed1-a487-cb0e90826b19,HA,HA1,ADV,2,R2,CTRL,1
02b04b0b-078b-4ed1-a487-cb0e90826b19,HA,HA1,ADV,2,R2,AI,2
02b04b0b-078b-4ed1-a487-cb0e90826b19,HA,HA1,ADV,2,R2,ORG,4
02b04b0b-078b-4ed1-a487-cb0e90826b19,HA,HA1,ADV,2,R2,USER,3
02b04b0b-078b-4ed1-a487-cb0e90826b19,HA,HA1,COL,3,R1,CTRL,2
02b04b0b-078b-4ed1-a487-cb0e90826b19,HA,HA1,COL,3,R1,AI,1
02b04b0b-078b-4ed1-a487-cb0e90826b19,HA,HA1,COL,3,R1,ORG,4
02b04b0b-078b-4ed1-a487-cb0e90826b19,HA,HA1,COL,3,R1,USER,3
02b04b0b-078b-4ed1-a487-cb0e90826b19,HA,HA1,COL,3,R2,CTRL,2
02b04b0b-078b-4ed1-a487-cb0e90826b19,HA,HA1,COL,3,R2,AI,3
02b04b0b-078b-4ed1-a487-cb0e90826b19,HA,HA1,COL,3,R2,ORG,4
02b04b0b-078b-4ed1-a487-cb0e90826b19,HA,HA1,COL,3,R2,USER,1
a2ca5ef8-f8ad-4c6b-b91f-b1aa8853acdd,HA,HA2,ADV,1,R1,CTRL,2
a2ca5ef8-f8ad-4c6b-b91f-b1aa8853acdd,HA,HA2,ADV,1,R1,AI,4
a2ca5ef8-f8ad-4c6b-b91f-b1aa8853acdd,HA,HA2,ADV,1,R1,ORG,1
a2ca5ef8-f8ad-4c6b-b91f-b1aa8853acdd,HA,HA2,ADV,1,R1,USER,3
a2ca5ef8-f8ad-4c6b-b91f-b1aa8853acdd,HA,HA2,ADV,1,R2,CTRL,2
a2ca5ef8-f8ad-4c6b-b91f-b1aa8853acdd,HA,HA2,ADV,1,R2,AI,4
a2ca5ef8-f8ad-4c6b-b91f-b1aa8853acdd,HA,HA2,ADV,1,R2,ORG,1
a2ca5ef8-f8ad-4c6b-b91f-b1aa8853acdd,HA,HA2,ADV,1,R2,USER,3
a2ca5ef8-f8ad-4c6b-b91f-b1aa8853acdd,HA,HA2,REL,2,R1,CTRL,1
a2ca5ef8-f8ad-4c6b-b91f-b1aa8853acdd,HA,HA2,REL,2,R1,AI,3
a2ca5ef8-f8ad-4c6b-b91f-b1aa8853acdd,HA,HA2,REL,2,R1,ORG,2
a2ca5ef8-f8ad-4c6b-b91f-b1aa8853acdd,HA,HA2,REL,2,R1,USER,4
a2ca5ef8-f8ad-4c6b-b91f-b1aa8853acdd,HA,HA2,REL,2,R2,CTRL,1
a2ca5ef8-f8ad-4c6b-b91f-b1aa8853acdd,HA,HA2,REL,2,R2,AI,3
a2ca5ef8-f8ad-4c6b-b91f-b1aa8853acdd,HA,HA2,REL,2,R2,ORG,2
a2ca5ef8-f8ad-4c6b-b91f-b1aa8853acdd,HA,HA2,REL,2,R2,USER,4
a2ca5ef8-f8ad-4c6b-b91f-b1aa8853acdd,HA,HA2,COL,3,R1,CTRL,1
a2ca5ef8-f8ad-4c6b-b91f-b1aa8853acdd,HA,HA2,COL,3,R1,AI,3
a2ca5ef8-f8ad-4c6b-b91f-b1aa8853acdd,HA,HA2,COL,3,R1,ORG,2
a2ca5ef8-f8ad-4c6b-b91f-b1aa8853acdd,HA,HA2,COL,3,R1,USER,4
a2ca5ef8-f8ad-4c6b-b91f-b1aa8853acdd,HA,HA2,COL,3,R2,CTRL,1
a2ca5ef8-f8ad-4c6b-b91f-b1aa8853acdd,HA,HA2,COL,3,R2,AI,3
a2ca5ef8-f8ad-4c6b-b91f-b1aa8853acdd,HA,HA2,COL,3,R2,ORG,2
a2ca5ef8-f8ad-4c6b-b91f-b1aa8853acdd,HA,HA2,COL,3,R2,USER,4
d99db41b-b02b-4a3d-a2da-c937f4bfef41,H,H3,ADV,1,R1,CTRL,1
d99db41b-b02b-4a3d-a2da-c937f4bfef41,H,H3,ADV,1,R1,ORG,2
d99db41b-b02b-4a3d-a2da-c937f4bfef41,H,H3,ADV,1,R1,USER,3
d99db41b-b02b-4a3d-a2da-c937f4bfef41,H,H3,ADV,1,R2,CTRL,1
d99db41b-b02b-4a3d-a2da-c937f4bfef41,H,H3,ADV,1,R2,ORG,2
d99db41b-b02b-4a3d-a2da-c937f4bfef41,H,H3,ADV,1,R2,USER,3
d99db41b-b02b-4a3d-a2da-c937f4bfef41,H,H3,REL,2,R1,CTRL,1
d99db41b-b02b-4a3d-a2da-c937f4bfef41,H,H3,REL,2,R1,ORG,2
d99db41b-b02b-4a3d-a2da-c937f4bfef41,H,H3,REL,2,R1,USER,3
d99db41b-b02b-4a3d-a2da-c937f4bfef41,H,H3,REL,2,R2,CTRL,1
d99db41b-b02b-4a3d-a2da-c937f4bfef41,H,H3,REL,2,R2,ORG,2
d99db41b-b02b-4a3d-a2da-c937f4bfef41,H,H3,REL,2,R2,USER,3
d99db41b-b02b-4a3d-a2da-c937f4bfef41,H,H3,COL,3,R1,CTRL,2
d99db41b-b02b-4a3d-a2da-c937f4bfef41,H,H3,COL,3,R1,ORG,3
d99db41b-b02b-4a3d-a2da-c937f4bfef41,H,H3,COL,3,R1,USER,1
d99db41b-b02b-4a3d-a2da-c937f4bfef41,H,H3,COL,3,R2,CTRL,2
d99db41b-b02b-4a3d-a2da-c937f4bfef41,H,H3,COL,3,R2,ORG,3
d99db41b-b02b-4a3d-a2da-c937f4bfef41,H,H3,COL,3,R2,USER,1
43017062-1e81-4486-beb6-bbae49a86136,H,H1,ADV,1,R1,CTRL,1
43017062-1e81-4486-beb6-bbae49a86136,H,H1,ADV,1,R1,ORG,2
43017062-1e81-4486-beb6-bbae49a86136,H,H1,ADV,1,R1,USER,3
43017062-1e81-4486-beb6-bbae49a86136,H,H1,ADV,1,R2,CTRL,1
43017062-1e81-4486-beb6-bbae49a86136,H,H1,ADV,1,R2,ORG,3
43017062-1e81-4486-beb6-bbae49a86136,H,H1,ADV,1,R2,USER,2
43017062-1e81-4486-beb6-bbae49a86136,H,H1,REL,2,R1,CTRL,1
43017062-1e81-4486-beb6-bbae49a86136,H,H1,REL,2,R1,ORG,2
43017062-1e81-4486-beb6-bbae49a86136,H,H1,REL,2,R1,USER,3
43017062-1e81-4486-beb6-bbae49a86136,H,H1,REL,2,R2,CTRL,1
43017062-1e81-4486-beb6-bbae49a86136,H,H1,REL,2,R2,ORG,2
43017062-1e81-4486-beb6-bbae49a86136,H,H1,REL,2,R2,USER,3
43017062-1e81-4486-beb6-bbae49a86136,H,H1,COL,3,R1,CTRL,1
43017062-1e81-4486-beb6-bbae49a86136,H,H1,COL,3,R1,ORG,2
43017062-1e81-4486-beb6-bbae49a86136,H,H1,COL,3,R1,USER,3
43017062-1e81-4486-beb6-bbae49a86136,H,H1,COL,3,R2,CTRL,1
43017062-1e81-4486-beb6-bbae49a86136,H,H1,COL,3,R2,ORG,2
43017062-1e81-4486-beb6-bbae49a86136,H,H1,COL,3,R2,USER,3
1d5b4855-052c-4dd0-a1f7-4276a2fbdddd,HA,HA3,ADV,1,R1,CTRL,1
1d5b4855-052c-4dd0-a1f7-4276a2fbdddd,HA,HA3,ADV,1,R1,AI,2
1d5b4855-052c-4dd0-a1f7-4276a2fbdddd,HA,HA3,ADV,1,R1,ORG,3
1d5b4855-052c-4dd0-a1f7-4276a2fbdddd,HA,HA3,ADV,1,R1,USER,4
1d5b4855-052c-4dd0-a1f7-4276a2fbdddd,HA,HA3,ADV,1,R2,CTRL,1
1d5b4855-052c-4dd0-a1f7-4276a2fbdddd,HA,HA3,ADV,1,R2,AI,2
1d5b4855-052c-4dd0-a1f7-4276a2fbdddd,HA,HA3,ADV,1,R2,ORG,3
1d5b4855-052c-4dd0-a1f7-4276a2fbdddd,HA,HA3,ADV,1,R2,USER,4
1d5b4855-052c-4dd0-a1f7-4276a2fbdddd,HA,HA3,COL,2,R1,CTRL,1
1d5b4855-052c-4dd0-a1f7-4276a2fbdddd,HA,HA3,COL,2,R1,AI,2
1d5b4855-052c-4dd0-a1f7-4276a2fbdddd,HA,HA3,COL,2,R1,ORG,3
1d5b4855-052c-4dd0-a1f7-4276a2fbdddd,HA,HA3,COL,2,R1,USER,4
1d5b4855-052c-4dd0-a1f7-4276a2fbdddd,HA,HA3,COL,2,R2,CTRL,1
1d5b4855-052c-4dd0-a1f7-4276a2fbdddd,HA,HA3,COL,2,R2,AI,2
1d5b4855-052c-4dd0-a1f7-4276a2fbdddd,HA,HA3,COL,2,R2,ORG,3
1d5b4855-052c-4dd0-a1f7-4276a2fbdddd,HA,HA3,COL,2,R2,USER,4
1d5b4855-052c-4dd0-a1f7-4276a2fbdddd,HA,HA3,REL,3,R1,CTRL,1
1d5b4855-052c-4dd0-a1f7-4276a2fbdddd,HA,HA3,REL,3,R1,AI,2
1d5b4855-052c-4dd0-a1f7-4276a2fbdddd,HA,HA3,REL,3,R1,ORG,3
1d5b4855-052c-4dd0-a1f7-4276a2fbdddd,HA,HA3,REL,3,R1,USER,4
1d5b4855-052c-4dd0-a1f7-4276a2fbdddd,HA,HA3,REL,3,R2,CTRL,1
1d5b4855-052c-4dd0-a1f7-4276a2fbdddd,HA,HA3,REL,3,R2,AI,2
1d5b4855-052c-4dd0-a1f7-4276a2fbdddd,HA,HA3,REL,3,R2,ORG,3
1d5b4855-052c-4dd0-a1f7-4276a2fbdddd,HA,HA3,REL,3,R2,USER,4
b8279060-2d86-4d20-aaa7-387d97b96357,HA,HA2,COL,1,R1,CTRL,1
b8279060-2d86-4d20-aaa7-387d97b96357,HA,HA2,COL,1,R1,AI,2
b8279060-2d86-4d20-aaa7-387d97b96357,HA,HA2,COL,1,R1,ORG,3
b8279060-2d86-4d20-aaa7-387d97b96357,HA,HA2,COL,1,R1,USER,4
b8279060-2d86-4d20-aaa7-387d97b96357,HA,HA2,COL,1,R2,CTRL,1
b8279060-2d86-4d20-aaa7-387d97b96357,HA,HA2,COL,1,R2,AI,3
b8279060-2d86-4d20-aaa7-387d97b96357,HA,HA2,COL,1,R2,ORG,2
b8279060-2d86-4d20-aaa7-387d97b96357,HA,HA2,COL,1,R2,USER,4
b8279060-2d86-4d20-aaa7-387d97b96357,HA,HA2,REL,2,R1,CTRL,2
b8279060-2d86-4d20-aaa7-387d97b96357,HA,HA2,REL,2,R1,AI,1
b8279060-2d86-4d20-aaa7-387d97b96357,HA,HA2,REL,2,R1,ORG,3
b8279060-2d86-4d20-aaa7-387d97b96357,HA,HA2,REL,2,R1,USER,4
b8279060-2d86-4d20-aaa7-387d97b96357,HA,HA2,REL,2,R2,CTRL,2
b8279060-2d86-4d20-aaa7-387d97b96357,HA,HA2,REL,2,R2,AI,1
b8279060-2d86-4d20-aaa7-387d97b96357,HA,HA2,REL,2,R2,ORG,3
b8279060-2d86-4d20-aaa7-387d97b96357,HA,HA2,REL,2,R2,USER,4
b8279060-2d86-4d20-aaa7-387d97b96357,HA,HA2,ADV,3,R1,CTRL,1
b8279060-2d86-4d20-aaa7-387d97b96357,HA,HA2,ADV,3,R1,AI,2
b8279060-2d86-4d20-aaa7-387d97b96357,HA,HA2,ADV,3,R1,ORG,3
b8279060-2d86-4d20-aaa7-387d97b96357,HA,HA2,ADV,3,R1,USER,4
b8279060-2d86-4d20-aaa7-387d97b96357,HA,HA2,ADV,3,R2,CTRL,1
b8279060-2d86-4d20-aaa7-387d97b96357,HA,HA2,ADV,3,R2,AI,3
b8279060-2d86-4d20-aaa7-387d97b96357,HA,HA2,ADV,3,R2,ORG,2
b8279060-2d86-4d20-aaa7-387d97b96357,HA,HA2,ADV,3,R2,USER,4
70ecbedb-6055-43b6-8987-f1ab142607a2,H,H1,ADV,1,R1,CTRL,1
70ecbedb-6055-43b6-8987-f1ab142607a2,H,H1,ADV,1,R1,ORG,2
70ecbedb-6055-43b6-8987-f1ab142607a2,H,H1,ADV,1,R1,USER,3
70ecbedb-6055-43b6-8987-f1ab142607a2,H,H1,ADV,1,R2,CTRL,1
70ecbedb-6055-43b6-8987-f1ab142607a2,H,H1,ADV,1,R2,ORG,2
70ecbedb-6055-43b6-8987-f1ab142607a2,H,H1,ADV,1,R2,USER,3
70ecbedb-6055-43b6-8987-f1ab142607a2,H,H1,COL,2,R1,CTRL,2
70ecbedb-6055-43b6-8987-f1ab142607a2,H,H1,COL,2,R1,ORG,3
70ecbedb-6055-43b6-8987-f1ab142607a2,H,H1,COL,2,R1,USER,1
70ecbedb-6055-43b6-8987-f1ab142607a2,H,H1,COL,2,R2,CTRL,1
70ecbedb-6055-43b6-8987-f1ab142607a2,H,H1,COL,2,R2,ORG,3
70ecbedb-6055-43b6-8987-f1ab142607a2,H,H1,COL,2,R2,USER,2
70ecbedb-6055-43b6-8987-f1ab142607a2,H,H1,REL,3,R1,CTRL,1
70ecbedb-6055-43b6-8987-f1ab142607a2,H,H1,REL,3,R1,ORG,2
70ecbedb-6055-43b6-8987-f1ab142607a2,H,H1,REL,3,R1,USER,3
70ecbedb-6055-43b6-8987-f1ab142607a2,H,H1,REL,3,R2,CTRL,1
70ecbedb-6055-43b6-8987-f1ab142607a2,H,H1,REL,3,R2,ORG,3
70ecbedb-6055-43b6-8987-f1ab142607a2,H,H1,REL,3,R2,USER,2
639833ab-f46a-47d9-ab3d-8f00cdb198ea,HA,HA2,REL,1,R1,CTRL,3
639833ab-f46a-47d9-ab3d-8f00cdb198ea,HA,HA2,REL,1,R1,AI,2
639833ab-f46a-47d9-ab3d-8f00cdb198ea,HA,HA2,REL,1,R1,ORG,4
639833ab-f46a-47d9-ab3d-8f00cdb198ea,HA,HA2,REL,1,R1,USER,1
639833ab-f46a-47d9-ab3d-8f00cdb198ea,HA,HA2,REL,1,R2,CTRL,4
639833ab-f46a-47d9-ab3d-8f00cdb198ea,HA,HA2,REL,1,R2,AI,3
639833ab-f46a-47d9-ab3d-8f00cdb198ea,HA,HA2,REL,1,R2,ORG,2
639833ab-f46a-47d9-ab3d-8f00cdb198ea,HA,HA2,REL,1,R2,USER,1
639833ab-f46a-47d9-ab3d-8f00cdb198ea,HA,HA2,COL,2,R1,CTRL,3
639833ab-f46a-47d9-ab3d-8f00cdb198ea,HA,HA2,COL,2,R1,AI,2
639833ab-f46a-47d9-ab3d-8f00cdb198ea,HA,HA2,COL,2,R1,ORG,4
639833ab-f46a-47d9-ab3d-8f00cdb198ea,HA,HA2,COL,2,R1,USER,1
639833ab-f46a-47d9-ab3d-8f00cdb198ea,HA,HA2,COL,2,R2,CTRL,4
639833ab-f46a-47d9-ab3d-8f00cdb198ea,HA,HA2,COL,2,R2,AI,3
639833ab-f46a-47d9-ab3d-8f00cdb198ea,HA,HA2,COL,2,R2,ORG,2
639833ab-f46a-47d9-ab3d-8f00cdb198ea,HA,HA2,COL,2,R2,USER,1
639833ab-f46a-47d9-ab3d-8f00cdb198ea,HA,HA2,ADV,3,R1,CTRL,3
639833ab-f46a-47d9-ab3d-8f00cdb198ea,HA,HA2,ADV,3,R1,AI,2
639833ab-f46a-47d9-ab3d-8f00cdb198ea,HA,HA2,ADV,3,R1,ORG,4
639833ab-f46a-47d9-ab3d-8f00cdb198ea,HA,HA2,ADV,3,R1,USER,1
639833ab-f46a-47d9-ab3d-8f00cdb198ea,HA,HA2,ADV,3,R2,CTRL,3
639833ab-f46a-47d9-ab3d-8f00cdb198ea,HA,HA2,ADV,3,R2,AI,2
639833ab-f46a-47d9-ab3d-8f00cdb198ea,HA,HA2,ADV,3,R2,ORG,4
639833ab-f46a-47d9-ab3d-8f00cdb198ea,HA,HA2,ADV,3,R2,USER,1
7a3f7ba8-31b4-4b38-b41c-9e60641afd68,A,A,COL,1,R1,AI,1
7a3f7ba8-31b4-4b38-b41c-9e60641afd68,A,A,COL,1,R1,ORG,2
7a3f7ba8-31b4-4b38-b41c-9e60641afd68,A,A,COL,1,R1,USER,3
7a3f7ba8-31b4-4b38-b41c-9e60641afd68,A,A,COL,1,R2,AI,1
7a3f7ba8-31b4-4b38-b41c-9e60641afd68,A,A,COL,1,R2,ORG,2
7a3f7ba8-31b4-4b38-b41c-9e60641afd68,A,A,COL,1,R2,USER,3
7a3f7ba8-31b4-4b38-b41c-9e60641afd68,A,A,ADV,2,R1,AI,3
7a3f7ba8-31b4-4b38-b41c-9e60641afd68,A,A,ADV,2,R1,ORG,2
7a3f7ba8-31b4-4b38-b41c-9e60641afd68,A,A,ADV,2,R1,USER,1
7a3f7ba8-31b4-4b38-b41c-9e60641afd68,A,A,ADV,2,R2,AI,1
7a3f7ba8-31b4-4b38-b41c-9e60641afd68,A,A,ADV,2,R2,ORG,2
7a3f7ba8-31b4-4b38-b41c-9e60641afd68,A,A,ADV,2,R2,USER,3
7a3f7ba8-31b4-4b38-b41c-9e60641afd68,A,A,REL,3,R1,AI,1
7a3f7ba8-31b4-4b38-b41c-9e60641afd68,A,A,REL,3,R1,ORG,2
7a3f7ba8-31b4-4b38-b41c-9e60641afd68,A,A,REL,3,R1,USER,3
7a3f7ba8-31b4-4b38-b41c-9e60641afd68,A,A,REL,3,R2,AI,1
7a3f7ba8-31b4-4b38-b41c-9e60641afd68,A,A,REL,3,R2,ORG,2
7a3f7ba8-31b4-4b38-b41c-9e60641afd68,A,A,REL,3,R2,USER,3
92eb9769-ca81-4e1f-8afa-cf5713f78b55,HA,HA3,REL,1,R1,CTRL,1
92eb9769-ca81-4e1f-8afa-cf5713f78b55,HA,HA3,REL,1,R1,AI,2
92eb9769-ca81-4e1f-8afa-cf5713f78b55,HA,HA3,REL,1,R1,ORG,3
92eb9769-ca81-4e1f-8afa-cf5713f78b55,HA,HA3,REL,1,R1,USER,4
92eb9769-ca81-4e1f-8afa-cf5713f78b55,HA,HA3,REL,1,R2,CTRL,1
92eb9769-ca81-4e1f-8afa-cf5713f78b55,HA,HA3,REL,1,R2,AI,2
92eb9769-ca81-4e1f-8afa-cf5713f78b55,HA,HA3,REL,1,R2,ORG,3
92eb9769-ca81-4e1f-8afa-cf5713f78b55,HA,HA3,REL,1,R2,USER,4
92eb9769-ca81-4e1f-8afa-cf5713f78b55,HA,HA3,COL,2,R1,CTRL,1
92eb9769-ca81-4e1f-8afa-cf5713f78b55,HA,HA3,COL,2,R1,AI,2
92eb9769-ca81-4e1f-8afa-cf5713f78b55,HA,HA3,COL,2,R1,ORG,3
92eb9769-ca81-4e1f-8afa-cf5713f78b55,HA,HA3,COL,2,R1,USER,4
92eb9769-ca81-4e1f-8afa-cf5713f78b55,HA,HA3,COL,2,R2,CTRL,1
92eb9769-ca81-4e1f-8afa-cf5713f78b55,HA,HA3,COL,2,R2,AI,2
92eb9769-ca81-4e1f-8afa-cf5713f78b55,HA,HA3,COL,2,R2,ORG,3
92eb9769-ca81-4e1f-8afa-cf5713f78b55,HA,HA3,COL,2,R2,USER,4
92eb9769-ca81-4e1f-8afa-cf5713f78b55,HA,HA3,ADV,3,R1,CTRL,1
92eb9769-ca81-4e1f-8afa-cf5713f78b55,HA,HA3,ADV,3,R1,AI,2
92eb9769-ca81-4e1f-8afa-cf5713f78b55,HA,HA3,ADV,3,R1,ORG,3
92eb9769-ca81-4e1f-8afa-cf5713f78b55,HA,HA3,ADV,3,R1,USER,4
92eb9769-ca81-4e1f-8afa-cf5713f78b55,HA,HA3,ADV,3,R2,CTRL,1
92eb9769-ca81-4e1f-8afa-cf5713f78b55,HA,HA3,ADV,3,R2,AI,2
92eb9769-ca81-4e1f-8afa-cf5713f78b55,HA,HA3,ADV,3,R2,ORG,3
92eb9769-ca81-4e1f-8afa-cf5713f78b55,HA,HA3,ADV,3,R2,USER,4
84606d3a-ec1b-4c96-9796-9aa60dd93691,H,H2,REL,1,R1,CTRL,1
84606d3a-ec1b-4c96-9796-9aa60dd93691,H,H2,REL,1,R1,ORG,2
84606d3a-ec1b-4c96-9796-9aa60dd93691,H,H2,REL,1,R1,USER,3
84606d3a-ec1b-4c96-9796-9aa60dd93691,H,H2,REL,1,R2,CTRL,3
84606d3a-ec1b-4c96-9796-9aa60dd93691,H,H2,REL,1,R2,ORG,2
84606d3a-ec1b-4c96-9796-9aa60dd93691,H,H2,REL,1,R2,USER,1
84606d3a-ec1b-4c96-9796-9aa60dd93691,H,H2,COL,2,R1,CTRL,3
84606d3a-ec1b-4c96-9796-9aa60dd93691,H,H2,COL,2,R1,ORG,2
84606d3a-ec1b-4c96-9796-9aa60dd93691,H,H2,COL,2,R1,USER,1
84606d3a-ec1b-4c96-9796-9aa60dd93691,H,H2,COL,2,R2,CTRL,1
84606d3a-ec1b-4c96-9796-9aa60dd93691,H,H2,COL,2,R2,ORG,3
84606d3a-ec1b-4c96-9796-9aa60dd93691,H,H2,COL,2,R2,USER,2
84606d3a-ec1b-4c96-9796-9aa60dd93691,H,H2,ADV,3,R1,CTRL,1
84606d3a-ec1b-4c96-9796-9aa60dd93691,H,H2,ADV,3,R1,ORG,2
84606d3a-ec1b-4c96-9796-9aa60dd93691,H,H2,ADV,3,R1,USER,3
84606d3a-ec1b-4c96-9796-9aa60dd93691,H,H2,ADV,3,R2,CTRL,1
84606d3a-ec1b-4c96-9796-9aa60dd93691,H,H2,ADV,3,R2,ORG,3
84606d3a-ec1b-4c96-9796-9aa60dd93691,H,H2,ADV,3,R2,USER,2
3c7c1552-1321-433d-aeed-a2e9ad557634,HA,HA2,ADV,1,R1,CTRL,1
3c7c1552-1321-433d-aeed-a2e9ad557634,HA,HA2,ADV,1,R1,AI,2
3c7c1552-1321-433d-aeed-a2e9ad557634,HA,HA2,ADV,1,R1,ORG,4
3c7c1552-1321-433d-aeed-a2e9ad557634,HA,HA2,ADV,1,R1,USER,3
3c7c1552-1321-433d-aeed-a2e9ad557634,HA,HA2,ADV,1,R2,CTRL,1
3c7c1552-1321-433d-aeed-a2e9ad557634,HA,HA2,ADV,1,R2,AI,2
3c7c1552-1321-433d-aeed-a2e9ad557634,HA,HA2,ADV,1,R2,ORG,4
3c7c1552-1321-433d-aeed-a2e9ad557634,HA,HA2,ADV,1,R2,USER,3
3c7c1552-1321-433d-aeed-a2e9ad557634,HA,HA2,REL,2,R1,CTRL,1
3c7c1552-1321-433d-aeed-a2e9ad557634,HA,HA2,REL,2,R1,AI,2
3c7c1552-1321-433d-aeed-a2e9ad557634,HA,HA2,REL,2,R1,ORG,3
3c7c1552-1321-433d-aeed-a2e9ad557634,HA,HA2,REL,2,R1,USER,4
3c7c1552-1321-433d-aeed-a2e9ad557634,HA,HA2,REL,2,R2,CTRL,1
3c7c1552-1321-433d-aeed-a2e9ad557634,HA,HA2,REL,2,R2,AI,2
3c7c1552-1321-433d-aeed-a2e9ad557634,HA,HA2,REL,2,R2,ORG,3
3c7c1552-1321-433d-aeed-a2e9ad557634,HA,HA2,REL,2,R2,USER,4
3c7c1552-1321-433d-aeed-a2e9ad557634,HA,HA2,COL,3,R1,CTRL,1
3c7c1552-1321-433d-aeed-a2e9ad557634,HA,HA2,COL,3,R1,AI,2
3c7c1552-1321-433d-aeed-a2e9ad557634,HA,HA2,COL,3,R1,ORG,4
3c7c1552-1321-433d-aeed-a2e9ad557634,HA,HA2,COL,3,R1,USER,3
3c7c1552-1321-433d-aeed-a2e9ad557634,HA,HA2,COL,3,R2,CTRL,1
3c7c1552-1321-433d-aeed-a2e9ad557634,HA,HA2,COL,3,R2,AI,2
3c7c1552-1321-433d-aeed-a2e9ad557634,HA,HA2,COL,3,R2,ORG,4
3c7c1552-1321-433d-aeed-a2e9ad557634,HA,HA2,COL,3,R2,USER,3
88ff2f99-f6f3-493e-85a4-e32a733fe9c9,A,A,ADV,1,R1,AI,2
88ff2f99-f6f3-493e-85a4-e32a733fe9c9,A,A,ADV,1,R1,ORG,3
88ff2f99-f6f3-493e-85a4-e32a733fe9c9,A,A,ADV,1,R1,USER,1
88ff2f99-f6f3-493e-85a4-e32a733fe9c9,A,A,ADV,1,R2,AI,1
88ff2f99-f6f3-493e-85a4-e32a733fe9c9,A,A,ADV,1,R2,ORG,2
88ff2f99-f6f3-493e-85a4-e32a733fe9c9,A,A,ADV,1,R2,USER,3
88ff2f99-f6f3-493e-85a4-e32a733fe9c9,A,A,COL,2,R1,AI,2
88ff2f99-f6f3-493e-85a4-e32a733fe9c9,A,A,COL,2,R1,ORG,1
88ff2f99-f6f3-493e-85a4-e32a733fe9c9,A,A,COL,2,R1,USER,3
88ff2f99-f6f3-493e-85a4-e32a733fe9c9,A,A,COL,2,R2,AI,2
88ff2f99-f6f3-493e-85a4-e32a733fe9c9,A,A,COL,2,R2,ORG,1
88ff2f99-f6f3-493e-85a4-e32a733fe9c9,A,A,COL,2,R2,USER,3
88ff2f99-f6f3-493e-85a4-e32a733fe9c9,A,A,REL,3,R1,AI,2
88ff2f99-f6f3-493e-85a4-e32a733fe9c9,A,A,REL,3,R1,ORG,1
88ff2f99-f6f3-493e-85a4-e32a733fe9c9,A,A,REL,3,R1,USER,3
88ff2f99-f6f3-493e-85a4-e32a733fe9c9,A,A,REL,3,R2,AI,2
88ff2f99-f6f3-493e-85a4-e32a733fe9c9,A,A,REL,3,R2,ORG,1
88ff2f99-f6f3-493e-85a4-e32a733fe9c9,A,A,REL,3,R2,USER,3
008af7a0-d0f9-47d6-84ba-b48240ae641e,H,H2,ADV,1,R1,CTRL,1
008af7a0-d0f9-47d6-84ba-b48240ae641e,H,H2,ADV,1,R1,ORG,2
008af7a0-d0f9-47d6-84ba-b48240ae641e,H,H2,ADV,1,R1,USER,3
008af7a0-d0f9-47d6-84ba-b48240ae641e,H,H2,ADV,1,R2,CTRL,1
008af7a0-d0f9-47d6-84ba-b48240ae641e,H,H2,ADV,1,R2,ORG,2
008af7a0-d0f9-47d6-84ba-b48240ae641e,H,H2,ADV,1,R2,USER,3
008af7a0-d0f9-47d6-84ba-b48240ae641e,H,H2,COL,2,R1,CTRL,1
008af7a0-d0f9-47d6-84ba-b48240ae641e,H,H2,COL,2,R1,ORG,2
008af7a0-d0f9-47d6-84ba-b48240ae641e,H,H2,COL,2,R1,USER,3
008af7a0-d0f9-47d6-84ba-b48240ae641e,H,H2,COL,2,R2,CTRL,1
008af7a0-d0f9-47d6-84ba-b48240ae641e,H,H2,COL,2,R2,ORG,3
008af7a0-d0f9-47d6-84ba-b48240ae641e,H,H2,COL,2,R2,USER,2
008af7a0-d0f9-47d6-84ba-b48240ae641e,H,H2,REL,3,R1,CTRL,1
008af7a0-d0f9-47d6-84ba-b48240ae641e,H,H2,REL,3,R1,ORG,2
008af7a0-d0f9-47d6-84ba-b48240ae641e,H,H2,REL,3,R1,USER,3
008af7a0-d0f9-47d6-84ba-b48240ae641e,H,H2,REL,3,R2,CTRL,1
008af7a0-d0f9-47d6-84ba-b48240ae641e,H,H2,REL,3,R2,ORG,2
008af7a0-d0f9-47d6-84ba-b48240ae641e,H,H2,REL,3,R2,USER,3
d145ac41-ceb2-4582-a30d-556facec157b,A,A,COL,1,R1,AI,1
d145ac41-ceb2-4582-a30d-556facec157b,A,A,COL,1,R1,ORG,2
d145ac41-ceb2-4582-a30d-556facec157b,A,A,COL,1,R1,USER,3
d145ac41-ceb2-4582-a30d-556facec157b,A,A,COL,1,R2,AI,1
d145ac41-ceb2-4582-a30d-556facec157b,A,A,COL,1,R2,ORG,2
d145ac41-ceb2-4582-a30d-556facec157b,A,A,COL,1,R2,USER,3
d145ac41-ceb2-4582-a30d-556facec157b,A,A,REL,2,R1,AI,2
d145ac41-ceb2-4582-a30d-556facec157b,A,A,REL,2,R1,ORG,3
d145ac41-ceb2-4582-a30d-556facec157b,A,A,REL,2,R1,USER,1
d145ac41-ceb2-4582-a30d-556facec157b,A,A,REL,2,R2,AI,1
d145ac41-ceb2-4582-a30d-556facec157b,A,A,REL,2,R2,ORG,2
d145ac41-ceb2-4582-a30d-556facec157b,A,A,REL,2,R2,USER,3
d145ac41-ceb2-4582-a30d-556facec157b,A,A,ADV,3,R1,AI,2
d145ac41-ceb2-4582-a30d-556facec157b,A,A,ADV,3,R1,ORG,1
d145ac41-ceb2-4582-a30d-556facec157b,A,A,ADV,3,R1,USER,3
d145ac41-ceb2-4582-a30d-556facec157b,A,A,ADV,3,R2,AI,2
d145ac41-ceb2-4582-a30d-556facec157b,A,A,ADV,3,R2,ORG,1
d145ac41-ceb2-4582-a30d-556facec157b,A,A,ADV,3,R2,USER,3
e70caa2f-b48f-4106-9cb7-457b534cb3ef,HA,HA1,COL,1,R1,CTRL,1
e70caa2f-b48f-4106-9cb7-457b534cb3ef,HA,HA1,COL,1,R1,AI,3
e70caa2f-b48f-4106-9cb7-457b534cb3ef,HA,HA1,COL,1,R1,ORG,4
e70caa2f-b48f-4106-9cb7-457b534cb3ef,HA,HA1,COL,1,R1,USER,2
e70caa2f-b48f-4106-9cb7-457b534cb3ef,HA,HA1,COL,1,R2,CTRL,1
e70caa2f-b48f-4106-9cb7-457b534cb3ef,HA,HA1,COL,1,R2,AI,3
e70caa2f-b48f-4106-9cb7-457b534cb3ef,HA,HA1,COL,1,R2,ORG,4
e70caa2f-b48f-4106-9cb7-457b534cb3ef,HA,HA1,COL,1,R2,USER,2
e70caa2f-b48f-4106-9cb7-457b534cb3ef,HA,HA1,REL,2,R1,CTRL,4
e70caa2f-b48f-4106-9cb7-457b534cb3ef,HA,HA1,REL,2,R1,AI,1
e70caa2f-b48f-4106-9cb7-457b534cb3ef,HA,HA1,REL,2,R1,ORG,2
e70caa2f-b48f-4106-9cb7-457b534cb3ef,HA,HA1,REL,2,R1,USER,3
e70caa2f-b48f-4106-9cb7-457b534cb3ef,HA,HA1,REL,2,R2,CTRL,1
e70caa2f-b48f-4106-9cb7-457b534cb3ef,HA,HA1,REL,2,R2,AI,3
e70caa2f-b48f-4106-9cb7-457b534cb3ef,HA,HA1,REL,2,R2,ORG,4
e70caa2f-b48f-4106-9cb7-457b534cb3ef,HA,HA1,REL,2,R2,USER,2
e70caa2f-b48f-4106-9cb7-457b534cb3ef,HA,HA1,ADV,3,R1,CTRL,1
e70caa2f-b48f-4106-9cb7-457b534cb3ef,HA,HA1,ADV,3,R1,AI,3
e70caa2f-b48f-4106-9cb7-457b534cb3ef,HA,HA1,ADV,3,R1,ORG,4
e70caa2f-b48f-4106-9cb7-457b534cb3ef,HA,HA1,ADV,3,R1,USER,2
e70caa2f-b48f-4106-9cb7-457b534cb3ef,HA,HA1,ADV,3,R2,CTRL,2
e70caa2f-b48f-4106-9cb7-457b534cb3ef,HA,HA1,ADV,3,R2,AI,3
e70caa2f-b48f-4106-9cb7-457b534cb3ef,HA,HA1,ADV,3,R2,ORG,4
e70caa2f-b48f-4106-9cb7-457b534cb3ef,HA,HA1,ADV,3,R2,USER,1
47183d25-3171-47aa-9bbe-c041b3fdd70b,A,A,REL,1,R1,AI,2
47183d25-3171-47aa-9bbe-c041b3fdd70b,A,A,REL,1,R1,ORG,1
47183d25-3171-47aa-9bbe-c041b3fdd70b,A,A,REL,1,R1,USER,3
47183d25-3171-47aa-9bbe-c041b3fdd70b,A,A,REL,1,R2,AI,3
47183d25-3171-47aa-9bbe-c041b3fdd70b,A,A,REL,1,R2,ORG,1
47183d25-3171-47aa-9bbe-c041b3fdd70b,A,A,REL,1,R2,USER,2
47183d25-3171-47aa-9bbe-c041b3fdd70b,A,A,COL,2,R1,AI,1
47183d25-3171-47aa-9bbe-c041b3fdd70b,A,A,COL,2,R1,ORG,2
47183d25-3171-47aa-9bbe-c041b3fdd70b,A,A,COL,2,R1,USER,3
47183d25-3171-47aa-9bbe-c041b3fdd70b,A,A,COL,2,R2,AI,1
47183d25-3171-47aa-9bbe-c041b3fdd70b,A,A,COL,2,R2,ORG,2
47183d25-3171-47aa-9bbe-c041b3fdd70b,A,A,COL,2,R2,USER,3
47183d25-3171-47aa-9bbe-c041b3fdd70b,A,A,ADV,3,R1,AI,1
47183d25-3171-47aa-9bbe-c041b3fdd70b,A,A,ADV,3,R1,ORG,2
47183d25-3171-47aa-9bbe-c041b3fdd70b,A,A,ADV,3,R1,USER,3
47183d25-3171-47aa-9bbe-c041b3fdd70b,A,A,ADV,3,R2,AI,1
47183d25-3171-47aa-9bbe-c041b3fdd70b,A,A,ADV,3,R2,ORG,2
47183d25-3171-47aa-9bbe-c041b3fdd70b,A,A,ADV,3,R2,USER,3
83642aa3-769c-4019-9df1-9d31129d82dd,H,H3,REL,1,R1,CTRL,3
83642aa3-769c-4019-9df1-9d31129d82dd,H,H3,REL,1,R1,ORG,2
83642aa3-769c-4019-9df1-9d31129d82dd,H,H3,REL,1,R1,USER,1
83642aa3-769c-4019-9df1-9d31129d82dd,H,H3,REL,1,R2,CTRL,3
83642aa3-769c-4019-9df1-9d31129d82dd,H,H3,REL,1,R2,ORG,2
83642aa3-769c-4019-9df1-9d31129d82dd,H,H3,REL,1,R2,USER,1
83642aa3-769c-4019-9df1-9d31129d82dd,H,H3,ADV,2,R1,CTRL,3
83642aa3-769c-4019-9df1-9d31129d82dd,H,H3,ADV,2,R1,ORG,2
83642aa3-769c-4019-9df1-9d31129d82dd,H,H3,ADV,2,R1,USER,1
83642aa3-769c-4019-9df1-9d31129d82dd,H,H3,ADV,2,R2,CTRL,3
83642aa3-769c-4019-9df1-9d31129d82dd,H,H3,ADV,2,R2,ORG,2
83642aa3-769c-4019-9df1-9d31129d82dd,H,H3,ADV,2,R2,USER,1
83642aa3-769c-4019-9df1-9d31129d82dd,H,H3,COL,3,R1,CTRL,3
83642aa3-769c-4019-9df1-9d31129d82dd,H,H3,COL,3,R1,ORG,2
83642aa3-769c-4019-9df1-9d31129d82dd,H,H3,COL,3,R1,USER,1
83642aa3-769c-4019-9df1-9d31129d82dd,H,H3,COL,3,R2,CTRL,3
83642aa3-769c-4019-9df1-9d31129d82dd,H,H3,COL,3,R2,ORG,2
83642aa3-769c-4019-9df1-9d31129d82dd,H,H3,COL,3,R2,USER,1
190dd5d4-9090-418f-8687-4f097aae3710,H,H2,COL,1,R1,CTRL,3
190dd5d4-9090-418f-8687-4f097aae3710,H,H2,COL,1,R1,ORG,2
190dd5d4-9090-418f-8687-4f097aae3710,H,H2,COL,1,R1,USER,1
190dd5d4-9090-418f-8687-4f097aae3710,H,H2,COL,1,R2,CTRL,3
190dd5d4-9090-418f-8687-4f097aae3710,H,H2,COL,1,R2,ORG,2
190dd5d4-9090-418f-8687-4f097aae3710,H,H2,COL,1,R2,USER,1
190dd5d4-9090-418f-8687-4f097aae3710,H,H2,ADV,2,R1,CTRL,3
190dd5d4-9090-418f-8687-4f097aae3710,H,H2,ADV,2,R1,ORG,2
190dd5d4-9090-418f-8687-4f097aae3710,H,H2,ADV,2,R1,USER,1
190dd5d4-9090-418f-8687-4f097aae3710,H,H2,ADV,2,R2,CTRL,3
190dd5d4-9090-418f-8687-4f097aae3710,H,H2,ADV,2,R2,ORG,2
190dd5d4-9090-418f-8687-4f097aae3710,H,H2,ADV,2,R2,USER,1
190dd5d4-9090-418f-8687-4f097aae3710,H,H2,REL,3,R1,CTRL,3
190dd5d4-9090-418f-8687-4f097aae3710,H,H2,REL,3,R1,ORG,2
190dd5d4-9090-418f-8687-4f097aae3710,H,H2,REL,3,R1,USER,1
190dd5d4-9090-418f-8687-4f097aae3710,H,H2,REL,3,R2,CTRL,3
190dd5d4-9090-418f-8687-4f097aae3710,H,H2,REL,3,R2,ORG,2
190dd5d4-9090-418f-8687-4f097aae3710,H,H2,REL,3,R2,USER,1
fe00660a-de26-484c-8c3f-913e1f4e1659,HA,HA3,REL,1,R1,CTRL,1
fe00660a-de26-484c-8c3f-913e1f4e1659,HA,HA3,REL,1,R1,AI,2
fe00660a-de26-484c-8c3f-913e1f4e1659,HA,HA3,REL,1,R1,ORG,3
fe00660a-de26-484c-8c3f-913e1f4e1659,HA,HA3,REL,1,R1,USER,4
fe00660a-de26-484c-8c3f-913e1f4e1659,HA,HA3,REL,1,R2,CTRL,1
fe00660a-de26-484c-8c3f-913e1f4e1659,HA,HA3,REL,1,R2,AI,2
fe00660a-de26-484c-8c3f-913e1f4e1659,HA,HA3,REL,1,R2,ORG,3
fe00660a-de26-484c-8c3f-913e1f4e1659,HA,HA3,REL,1,R2,USER,4
fe00660a-de26-484c-8c3f-913e1f4e1659,HA,HA3,ADV,2,R1,CTRL,1
fe00660a-de26-484c-8c3f-913e1f4e1659,HA,HA3,ADV,2,R1,AI,3
fe00660a-de26-484c-8c3f-913e1f4e1659,HA,HA3,ADV,2,R1,ORG,4
fe00660a-de26-484c-8c3f-913e1f4e1659,HA,HA3,ADV,2,R1,USER,2
fe00660a-de26-484c-8c3f-913e1f4e1659,HA,HA3,ADV,2,R2,CTRL,1
fe00660a-de26-484c-8c3f-913e1f4e1659,HA,HA3,ADV,2,R2,AI,3
fe00660a-de26-484c-8c3f-913e1f4e1659,HA,HA3,ADV,2,R2,ORG,4
fe00660a-de26-484c-8c3f-913e1f4e1659,HA,HA3,ADV,2,R2,USER,2
fe00660a-de26-484c-8c3f-913e1f4e1659,HA,HA3,COL,3,R1,CTRL,1
fe00660a-de26-484c-8c3f-913e1f4e1659,HA,HA3,COL,3,R1,AI,3
fe00660a-de26-484c-8c3f-913e1f4e1659,HA,HA3,COL,3,R1,ORG,4
fe00660a-de26-484c-8c3f-913e1f4e1659,HA,HA3,COL,3,R1,USER,2
fe00660a-de26-484c-8c3f-913e1f4e1659,HA,HA3,COL,3,R2,CTRL,1
fe00660a-de26-484c-8c3f-913e1f4e1659,HA,HA3,COL,3,R2,AI,3
fe00660a-de26-484c-8c3f-913e1f4e1659,HA,HA3,COL,3,R2,ORG,4
fe00660a-de26-484c-8c3f-913e1f4e1659,HA,HA3,COL,3,R2,USER,2
43bd5130-44f2-4d1e-9ada-6c61e6daf8cd,H,H3,COL,1,R1,CTRL,1
43bd5130-44f2-4d1e-9ada-6c61e6daf8cd,H,H3,COL,1,R1,ORG,3
43bd5130-44f2-4d1e-9ada-6c61e6daf8cd,H,H3,COL,1,R1,USER,2
43bd5130-44f2-4d1e-9ada-6c61e6daf8cd,H,H3,COL,1,R2,CTRL,1
43bd5130-44f2-4d1e-9ada-6c61e6daf8cd,H,H3,COL,1,R2,ORG,3
43bd5130-44f2-4d1e-9ada-6c61e6daf8cd,H,H3,COL,1,R2,USER,2
43bd5130-44f2-4d1e-9ada-6c61e6daf8cd,H,H3,ADV,2,R1,CTRL,1
43bd5130-44f2-4d1e-9ada-6c61e6daf8cd,H,H3,ADV,2,R1,ORG,3
43bd5130-44f2-4d1e-9ada-6c61e6daf8cd,H,H3,ADV,2,R1,USER,2
43bd5130-44f2-4d1e-9ada-6c61e6daf8cd,H,H3,ADV,2,R2,CTRL,1
43bd5130-44f2-4d1e-9ada-6c61e6daf8cd,H,H3,ADV,2,R2,ORG,3
43bd5130-44f2-4d1e-9ada-6c61e6daf8cd,H,H3,ADV,2,R2,USER,2
43bd5130-44f2-4d1e-9ada-6c61e6daf8cd,H,H3,REL,3,R1,CTRL,1
43bd5130-44f2-4d1e-9ada-6c61e6daf8cd,H,H3,REL,3,R1,ORG,3
43bd5130-44f2-4d1e-9ada-6c61e6daf8cd,H,H3,REL,3,R1,USER,2
43bd5130-44f2-4d1e-9ada-6c61e6daf8cd,H,H3,REL,3,R2,CTRL,1
43bd5130-44f2-4d1e-9ada-6c61e6daf8cd,H,H3,REL,3,R2,ORG,3
43bd5130-44f2-4d1e-9ada-6c61e6daf8cd,H,H3,REL,3,R2,USER,2
927d4962-e2ab-47ab-ac46-4a37d290d89d,HA,HA1,ADV,1,R1,CTRL,1
927d4962-e2ab-47ab-ac46-4a37d290d89d,HA,HA1,ADV,1,R1,AI,2
927d4962-e2ab-47ab-ac46-4a37d290d89d,HA,HA1,ADV,1,R1,ORG,3
927d4962-e2ab-47ab-ac46-4a37d290d89d,HA,HA1,ADV,1,R1,USER,4
927d4962-e2ab-47ab-ac46-4a37d290d89d,HA,HA1,ADV,1,R2,CTRL,1
927d4962-e2ab-47ab-ac46-4a37d290d89d,HA,HA1,ADV,1,R2,AI,2
927d4962-e2ab-47ab-ac46-4a37d290d89d,HA,HA1,ADV,1,R2,ORG,3
927d4962-e2ab-47ab-ac46-4a37d290d89d,HA,HA1,ADV,1,R2,USER,4
927d4962-e2ab-47ab-ac46-4a37d290d89d,HA,HA1,COL,2,R1,CTRL,1
927d4962-e2ab-47ab-ac46-4a37d290d89d,HA,HA1,COL,2,R1,AI,2
927d4962-e2ab-47ab-ac46-4a37d290d89d,HA,HA1,COL,2,R1,ORG,3
927d4962-e2ab-47ab-ac46-4a37d290d89d,HA,HA1,COL,2,R1,USER,4
927d4962-e2ab-47ab-ac46-4a37d290d89d,HA,HA1,COL,2,R2,CTRL,1
927d4962-e2ab-47ab-ac46-4a37d290d89d,HA,HA1,COL,2,R2,AI,2
927d4962-e2ab-47ab-ac46-4a37d290d89d,HA,HA1,COL,2,R2,ORG,3
927d4962-e2ab-47ab-ac46-4a37d290d89d,HA,HA1,COL,2,R2,USER,4
927d4962-e2ab-47ab-ac46-4a37d290d89d,HA,HA1,REL,3,R1,CTRL,1
927d4962-e2ab-47ab-ac46-4a37d290d89d,HA,HA1,REL,3,R1,AI,2
927d4962-e2ab-47ab-ac46-4a37d290d89d,HA,HA1,REL,3,R1,ORG,3
927d4962-e2ab-47ab-ac46-4a37d290d89d,HA,HA1,REL,3,R1,USER,4
927d4962-e2ab-47ab-ac46-4a37d290d89d,HA,HA1,REL,3,R2,CTRL,1
927d4962-e2ab-47ab-ac46-4a37d290d89d,HA,HA1,REL,3,R2,AI,2
927d4962-e2ab-47ab-ac46-4a37d290d89d,HA,HA1,REL,3,R2,ORG,3
927d4962-e2ab-47ab-ac46-4a37d290d89d,HA,HA1,REL,3,R2,USER,4
adac2433-751e-40c7-b9d1-29cb6f0c7e86,H,H2,REL,1,R1,CTRL,1
adac2433-751e-40c7-b9d1-29cb6f0c7e86,H,H2,REL,1,R1,ORG,2
adac2433-751e-40c7-b9d1-29cb6f0c7e86,H,H2,REL,1,R1,USER,3
adac2433-751e-40c7-b9d1-29cb6f0c7e86,H,H2,REL,1,R2,CTRL,2
adac2433-751e-40c7-b9d1-29cb6f0c7e86,H,H2,REL,1,R2,ORG,1
adac2433-751e-40c7-b9d1-29cb6f0c7e86,H,H2,REL,1,R2,USER,3
adac2433-751e-40c7-b9d1-29cb6f0c7e86,H,H2,ADV,2,R1,CTRL,2
adac2433-751e-40c7-b9d1-29cb6f0c7e86,H,H2,ADV,2,R1,ORG,1
adac2433-751e-40c7-b9d1-29cb6f0c7e86,H,H2,ADV,2,R1,USER,3
adac2433-751e-40c7-b9d1-29cb6f0c7e86,H,H2,ADV,2,R2,CTRL,2
adac2433-751e-40c7-b9d1-29cb6f0c7e86,H,H2,ADV,2,R2,ORG,1
adac2433-751e-40c7-b9d1-29cb6f0c7e86,H,H2,ADV,2,R2,USER,3
adac2433-751e-40c7-b9d1-29cb6f0c7e86,H,H2,COL,3,R1,CTRL,2
adac2433-751e-40c7-b9d1-29cb6f0c7e86,H,H2,COL,3,R1,ORG,1
adac2433-751e-40c7-b9d1-29cb6f0c7e86,H,H2,COL,3,R1,USER,3
adac2433-751e-40c7-b9d1-29cb6f0c7e86,H,H2,COL,3,R2,CTRL,2
adac2433-751e-40c7-b9d1-29cb6f0c7e86,H,H2,COL,3,R2,ORG,1
adac2433-751e-40c7-b9d1-29cb6f0c7e86,H,H2,COL,3,R2,USER,3
f9b83273-cb90-484d-b3a9-8c96dcfe213b,H,H3,REL,1,R1,CTRL,1
f9b83273-cb90-484d-b3a9-8c96dcfe213b,H,H3,REL,1,R1,ORG,2
f9b83273-cb90-484d-b3a9-8c96dcfe213b,H,H3,REL,1,R1,USER,3
f9b83273-cb90-484d-b3a9-8c96dcfe213b,H,H3,REL,1,R2,CTRL,1
f9b83273-cb90-484d-b3a9-8c96dcfe213b,H,H3,REL,1,R2,ORG,3
f9b83273-cb90-484d-b3a9-8c96dcfe213b,H,H3,REL,1,R2,USER,2
f9b83273-cb90-484d-b3a9-8c96dcfe213b,H,H3,COL,2,R1,CTRL,2
f9b83273-cb90-484d-b3a9-8c96dcfe213b,H,H3,COL,2,R1,ORG,1
f9b83273-cb90-484d-b3a9-8c96dcfe213b,H,H3,COL,2,R1,USER,3
f9b83273-cb90-484d-b3a9-8c96dcfe213b,H,H3,COL,2,R2,CTRL,2
f9b83273-cb90-484d-b3a9-8c96dcfe213b,H,H3,COL,2,R2,ORG,1
f9b83273-cb90-484d-b3a9-8c96dcfe213b,H,H3,COL,2,R2,USER,3
f9b83273-cb90-484d-b3a9-8c96dcfe213b,H,H3,ADV,3,R1,CTRL,1
f9b83273-cb90-484d-b3a9-8c96dcfe213b,H,H3,ADV,3,R1,ORG,2
f9b83273-cb90-484d-b3a9-8c96dcfe213b,H,H3,ADV,3,R1,USER,3
f9b83273-cb90-484d-b3a9-8c96dcfe213b,H,H3,ADV,3,R2,CTRL,1
f9b83273-cb90-484d-b3a9-8c96dcfe213b,H,H3,ADV,3,R2,ORG,2
f9b83273-cb90-484d-b3a9-8c96dcfe213b,H,H3,ADV,3,R2,USER,3
1cde374c-621a-4cdb-b392-84d3b33506f1,H,H1,REL,1,R1,CTRL,1
1cde374c-621a-4cdb-b392-84d3b33506f1,H,H1,REL,1,R1,ORG,2
1cde374c-621a-4cdb-b392-84d3b33506f1,H,H1,REL,1,R1,USER,3
1cde374c-621a-4cdb-b392-84d3b33506f1,H,H1,REL,1,R2,CTRL,1
1cde374c-621a-4cdb-b392-84d3b33506f1,H,H1,REL,1,R2,ORG,2
1cde374c-621a-4cdb-b392-84d3b33506f1,H,H1,REL,1,R2,USER,3
1cde374c-621a-4cdb-b392-84d3b33506f1,H,H1,COL,2,R1,CTRL,1
1cde374c-621a-4cdb-b392-84d3b33506f1,H,H1,COL,2,R1,ORG,2
1cde374c-621a-4cdb-b392-84d3b33506f1,H,H1,COL,2,R1,USER,3
1cde374c-621a-4cdb-b392-84d3b33506f1,H,H1,COL,2,R2,CTRL,1
1cde374c-621a-4cdb-b392-84d3b33506f1,H,H1,COL,2,R2,ORG,2
1cde374c-621a-4cdb-b392-84d3b33506f1,H,H1,COL,2,R2,USER,3
1cde374c-621a-4cdb-b392-84d3b33506f1,H,H1,ADV,3,R1,CTRL,1
1cde374c-621a-4cdb-b392-84d3b33506f1,H,H1,ADV,3,R1,ORG,2
1cde374c-621a-4cdb-b392-84d3b33506f1,H,H1,ADV,3,R1,USER,3
1cde374c-621a-4cdb-b392-84d3b33506f1,H,H1,ADV,3,R2,CTRL,1
1cde374c-621a-4cdb-b392-84d3b33506f1,H,H1,ADV,3,R2,ORG,2
1cde374c-621a-4cdb-b392-84d3b33506f1,H,H1,ADV,3,R2,USER,3
97fba1c0-94c5-4ede-8bab-78e41c4d41a6,HA,HA1,REL,1,R1,CTRL,1
97fba1c0-94c5-4ede-8bab-78e41c4d41a6,HA,HA1,REL,1,R1,AI,3
97fba1c0-94c5-4ede-8bab-78e41c4d41a6,HA,HA1,REL,1,R1,ORG,4
97fba1c0-94c5-4ede-8bab-78e41c4d41a6,HA,HA1,REL,1,R1,USER,2
97fba1c0-94c5-4ede-8bab-78e41c4d41a6,HA,HA1,REL,1,R2,CTRL,1
97fba1c0-94c5-4ede-8bab-78e41c4d41a6,HA,HA1,REL,1,R2,AI,4
97fba1c0-94c5-4ede-8bab-78e41c4d41a6,HA,HA1,REL,1,R2,ORG,3
97fba1c0-94c5-4ede-8bab-78e41c4d41a6,HA,HA1,REL,1,R2,USER,2
97fba1c0-94c5-4ede-8bab-78e41c4d41a6,HA,HA1,COL,2,R1,CTRL,2
97fba1c0-94c5-4ede-8bab-78e41c4d41a6,HA,HA1,COL,2,R1,AI,1
97fba1c0-94c5-4ede-8bab-78e41c4d41a6,HA,HA1,COL,2,R1,ORG,4
97fba1c0-94c5-4ede-8bab-78e41c4d41a6,HA,HA1,COL,2,R1,USER,3
97fba1c0-94c5-4ede-8bab-78e41c4d41a6,HA,HA1,COL,2,R2,CTRL,2
97fba1c0-94c5-4ede-8bab-78e41c4d41a6,HA,HA1,COL,2,R2,AI,3
97fba1c0-94c5-4ede-8bab-78e41c4d41a6,HA,HA1,COL,2,R2,ORG,4
97fba1c0-94c5-4ede-8bab-78e41c4d41a6,HA,HA1,COL,2,R2,USER,1
97fba1c0-94c5-4ede-8bab-78e41c4d41a6,HA,HA1,ADV,3,R1,CTRL,2
97fba1c0-94c5-4ede-8bab-78e41c4d41a6,HA,HA1,ADV,3,R1,AI,4
97fba1c0-94c5-4ede-8bab-78e41c4d41a6,HA,HA1,ADV,3,R1,ORG,3
97fba1c0-94c5-4ede-8bab-78e41c4d41a6,HA,HA1,ADV,3,R1,USER,1
97fba1c0-94c5-4ede-8bab-78e41c4d41a6,HA,HA1,ADV,3,R2,CTRL,1
97fba1c0-94c5-4ede-8bab-78e41c4d41a6,HA,HA1,ADV,3,R2,AI,2
97fba1c0-94c5-4ede-8bab-78e41c4d41a6,HA,HA1,ADV,3,R2,ORG,3
97fba1c0-94c5-4ede-8bab-78e41c4d41a6,HA,HA1,ADV,3,R2,USER,4
61becf08-2633-4d9f-b69f-76364fa76048,HA,HA3,COL,1,R1,CTRL,1
61becf08-2633-4d9f-b69f-76364fa76048,HA,HA3,COL,1,R1,AI,2
61becf08-2633-4d9f-b69f-76364fa76048,HA,HA3,COL,1,R1,ORG,4
61becf08-2633-4d9f-b69f-76364fa76048,HA,HA3,COL,1,R1,USER,3
61becf08-2633-4d9f-b69f-76364fa76048,HA,HA3,COL,1,R2,CTRL,1
61becf08-2633-4d9f-b69f-76364fa76048,HA,HA3,COL,1,R2,AI,3
61becf08-2633-4d9f-b69f-76364fa76048,HA,HA3,COL,1,R2,ORG,4
61becf08-2633-4d9f-b69f-76364fa76048,HA,HA3,COL,1,R2,USER,2
61becf08-2633-4d9f-b69f-76364fa76048,HA,HA3,REL,2,R1,CTRL,1
61becf08-2633-4d9f-b69f-76364fa76048,HA,HA3,REL,2,R1,AI,3
61becf08-2633-4d9f-b69f-76364fa76048,HA,HA3,REL,2,R1,ORG,2
61becf08-2633-4d9f-b69f-76364fa76048,HA,HA3,REL,2,R1,USER,4
61becf08-2633-4d9f-b69f-76364fa76048,HA,HA3,REL,2,R2,CTRL,1
61becf08-2633-4d9f-b69f-76364fa76048,HA,HA3,REL,2,R2,AI,3
61becf08-2633-4d9f-b69f-76364fa76048,HA,HA3,REL,2,R2,ORG,2
61becf08-2633-4d9f-b69f-76364fa76048,HA,HA3,REL,2,R2,USER,4
61becf08-2633-4d9f-b69f-76364fa76048,HA,HA3,ADV,3,R1,CTRL,1
61becf08-2633-4d9f-b69f-76364fa76048,HA,HA3,ADV,3,R1,AI,3
61becf08-2633-4d9f-b69f-76364fa76048,HA,HA3,ADV,3,R1,ORG,2
61becf08-2633-4d9f-b69f-76364fa76048,HA,HA3,ADV,3,R1,USER,4
61becf08-2633-4d9f-b69f-76364fa76048,HA,HA3,ADV,3,R2,CTRL,1
61becf08-2633-4d9f-b69f-76364fa76048,HA,HA3,ADV,3,R2,AI,3
61becf08-2633-4d9f-b69f-76364fa76048,HA,HA3,ADV,3,R2,ORG,2
61becf08-2633-4d9f-b69f-76364fa76048,HA,HA3,ADV,3,R2,USER,4
e0054ac5-eb8b-466f-bfb5-00c3342a0f3b,HA,HA2,COL,1,R1,CTRL,1
e0054ac5-eb8b-466f-bfb5-00c3342a0f3b,HA,HA2,COL,1,R1,AI,2
e0054ac5-eb8b-466f-bfb5-00c3342a0f3b,HA,HA2,COL,1,R1,ORG,3
e0054ac5-eb8b-466f-bfb5-00c3342a0f3b,HA,HA2,COL,1,R1,USER,4
e0054ac5-eb8b-466f-bfb5-00c3342a0f3b,HA,HA2,COL,1,R2,CTRL,1
e0054ac5-eb8b-466f-bfb5-00c3342a0f3b,HA,HA2,COL,1,R2,AI,3
e0054ac5-eb8b-466f-bfb5-00c3342a0f3b,HA,HA2,COL,1,R2,ORG,2
e0054ac5-eb8b-466f-bfb5-00c3342a0f3b,HA,HA2,COL,1,R2,USER,4
e0054ac5-eb8b-466f-bfb5-00c3342a0f3b,HA,HA2,ADV,2,R1,CTRL,2
e0054ac5-eb8b-466f-bfb5-00c3342a0f3b,HA,HA2,ADV,2,R1,AI,3
e0054ac5-eb8b-466f-bfb5-00c3342a0f3b,HA,HA2,ADV,2,R1,ORG,1
e0054ac5-eb8b-466f-bfb5-00c3342a0f3b,HA,HA2,ADV,2,R1,USER,4
e0054ac5-eb8b-466f-bfb5-00c3342a0f3b,HA,HA2,ADV,2,R2,CTRL,2
e0054ac5-eb8b-466f-bfb5-00c3342a0f3b,HA,HA2,ADV,2,R2,AI,3
e0054ac5-eb8b-466f-bfb5-00c3342a0f3b,HA,HA2,ADV,2,R2,ORG,1
e0054ac5-eb8b-466f-bfb5-00c3342a0f3b,HA,HA2,ADV,2,R2,USER,4
e0054ac5-eb8b-466f-bfb5-00c3342a0f3b,HA,HA2,REL,3,R1,CTRL,2
e0054ac5-eb8b-466f-bfb5-00c3342a0f3b,HA,HA2,REL,3,R1,AI,3
e0054ac5-eb8b-466f-bfb5-00c3342a0f3b,HA,HA2,REL,3,R1,ORG,1
e0054ac5-eb8b-466f-bfb5-00c3342a0f3b,HA,HA2,REL,3,R1,USER,4
e0054ac5-eb8b-466f-bfb5-00c3342a0f3b,HA,HA2,REL,3,R2,CTRL,2
e0054ac5-eb8b-466f-bfb5-00c3342a0f3b,HA,HA2,REL,3,R2,AI,3
e0054ac5-eb8b-466f-bfb5-00c3342a0f3b,HA,HA2,REL,3,R2,ORG,1
e0054ac5-eb8b-466f-bfb5-00c3342a0f3b,HA,HA2,REL,3,R2,USER,4
a3bb67c4-7a56-4558-bd77-befab58a77e0,HA,HA1,REL,1,R1,CTRL,1
a3bb67c4-7a56-4558-bd77-befab58a77e0,HA,HA1,REL,1,R1,AI,2
a3bb67c4-7a56-4558-bd77-befab58a77e0,HA,HA1,REL,1,R1,ORG,3
a3bb67c4-7a56-4558-bd77-befab58a77e0,HA,HA1,REL,1,R1,USER,4
a3bb67c4-7a56-4558-bd77-befab58a77e0,HA,HA1,REL,1,R2,CTRL,1
a3bb67c4-7a56-4558-bd77-befab58a77e0,HA,HA1,REL,1,R2,AI,2
a3bb67c4-7a56-4558-bd77-befab58a77e0,HA,HA1,REL,1,R2,ORG,3
a3bb67c4-7a56-4558-bd77-befab58a77e0,HA,HA1,REL,1,R2,USER,4
a3bb67c4-7a56-4558-bd77-befab58a77e0,HA,HA1,ADV,2,R1,CTRL,1
a3bb67c4-7a56-4558-bd77-befab58a77e0,HA,HA1,ADV,2,R1,AI,2
a3bb67c4-7a56-4558-bd77-befab58a77e0,HA,HA1,ADV,2,R1,ORG,3
a3bb67c4-7a56-4558-bd77-befab58a77e0,HA,HA1,ADV,2,R1,USER,4
a3bb67c4-7a56-4558-bd77-befab58a77e0,HA,HA1,ADV,2,R2,CTRL,1
a3bb67c4-7a56-4558-bd77-befab58a77e0,HA,HA1,ADV,2,R2,AI,2
a3bb67c4-7a56-4558-bd77-befab58a77e0,HA,HA1,ADV,2,R2,ORG,3
a3bb67c4-7a56-4558-bd77-befab58a77e0,HA,HA1,ADV,2,R2,USER,4
a3bb67c4-7a56-4558-bd77-befab58a77e0,HA,HA1,COL,3,R1,CTRL,1
a3bb67c4-7a56-4558-bd77-befab58a77e0,HA,HA1,COL,3,R1,AI,2
a3bb67c4-7a56-4558-bd77-befab58a77e0,HA,HA1,COL,3,R1,ORG,3
a3bb67c4-7a56-4558-bd77-befab58a77e0,HA,HA1,COL,3,R1,USER,4
a3bb67c4-7a56-4558-bd77-befab58a77e0,HA,HA1,COL,3,R2,CTRL,1
a3bb67c4-7a56-4558-bd77-befab58a77e0,HA,HA1,COL,3,R2,AI,2
a3bb67c4-7a56-4558-bd77-befab58a77e0,HA,HA1,COL,3,R2,ORG,3
a3bb67c4-7a56-4558-bd77-befab58a77e0,HA,HA1,COL,3,R2,USER,4
0d2ae04e-d3af-4da2-abe9-635aa4cfc734,HA,HA2,ADV,1,R1,CTRL,1
0d2ae04e-d3af-4da2-abe9-635aa4cfc734,HA,HA2,ADV,1,R1,AI,3
0d2ae04e-d3af-4da2-abe9-635aa4cfc734,HA,HA2,ADV,1,R1,ORG,2
0d2ae04e-d3af-4da2-abe9-635aa4cfc734,HA,HA2,ADV,1,R1,USER,4
0d2ae04e-d3af-4da2-abe9-635aa4cfc734,HA,HA2,ADV,1,R2,CTRL,1
0d2ae04e-d3af-4da2-abe9-635aa4cfc734,HA,HA2,ADV,1,R2,AI,2
0d2ae04e-d3af-4da2-abe9-635aa4cfc734,HA,HA2,ADV,1,R2,ORG,3
0d2ae04e-d3af-4da2-abe9-635aa4cfc734,HA,HA2,ADV,1,R2,USER,4
0d2ae04e-d3af-4da2-abe9-635aa4cfc734,HA,HA2,COL,2,R1,CTRL,1
0d2ae04e-d3af-4da2-abe9-635aa4cfc734,HA,HA2,COL,2,R1,AI,2
0d2ae04e-d3af-4da2-abe9-635aa4cfc734,HA,HA2,COL,2,R1,ORG,3
0d2ae04e-d3af-4da2-abe9-635aa4cfc734,HA,HA2,COL,2,R1,USER,4
0d2ae04e-d3af-4da2-abe9-635aa4cfc734,HA,HA2,COL,2,R2,CTRL,1
0d2ae04e-d3af-4da2-abe9-635aa4cfc734,HA,HA2,COL,2,R2,AI,2
0d2ae04e-d3af-4da2-abe9-635aa4cfc734,HA,HA2,COL,2,R2,ORG,3
0d2ae04e-d3af-4da2-abe9-635aa4cfc734,HA,HA2,COL,2,R2,USER,4
0d2ae04e-d3af-4da2-abe9-635aa4cfc734,HA,HA2,REL,3,R1,CTRL,1
0d2ae04e-d3af-4da2-abe9-635aa4cfc734,HA,HA2,REL,3,R1,AI,2
0d2ae04e-d3af-4da2-abe9-635aa4cfc734,HA,HA2,REL,3,R1,ORG,3
0d2ae04e-d3af-4da2-abe9-635aa4cfc734,HA,HA2,REL,3,R1,USER,4
0d2ae04e-d3af-4da2-abe9-635aa4cfc734,HA,HA2,REL,3,R2,CTRL,1
0d2ae04e-d3af-4da2-abe9-635aa4cfc734,HA,HA2,REL,3,R2,AI,2
0d2ae04e-d3af-4da2-abe9-635aa4cfc734,HA,HA2,REL,3,R2,ORG,3
0d2ae04e-d3af-4da2-abe9-635aa4cfc734,HA,HA2,REL,3,R2,USER,4
43e4be6d-648e-42cd-bc6c-edec44746281,H,H3,ADV,1,R1,CTRL,2
43e4be6d-648e-42cd-bc6c-edec44746281,H,H3,ADV,1,R1,ORG,1
43e4be6d-648e-42cd-bc6c-edec44746281,H,H3,ADV,1,R1,USER,3
43e4be6d-648e-42cd-bc6c-edec44746281,H,H3,ADV,1,R2,CTRL,2
43e4be6d-648e-42cd-bc6c-edec44746281,H,H3,ADV,1,R2,ORG,1
43e4be6d-648e-42cd-bc6c-edec44746281,H,H3,ADV,1,R2,USER,3
43e4be6d-648e-42cd-bc6c-edec44746281,H,H3,COL,2,R1,CTRL,2
43e4be6d-648e-42cd-bc6c-edec44746281,H,H3,COL,2,R1,ORG,1
43e4be6d-648e-42cd-bc6c-edec44746281,H,H3,COL,2,R1,USER,3
43e4be6d-648e-42cd-bc6c-edec44746281,H,H3,COL,2,R2,CTRL,2
43e4be6d-648e-42cd-bc6c-edec44746281,H,H3,COL,2,R2,ORG,1
43e4be6d-648e-42cd-bc6c-edec44746281,H,H3,COL,2,R2,USER,3
43e4be6d-648e-42cd-bc6c-edec44746281,H,H3,REL,3,R1,CTRL,2
43e4be6d-648e-42cd-bc6c-edec44746281,H,H3,REL,3,R1,ORG,1
43e4be6d-648e-42cd-bc6c-edec44746281,H,H3,REL,3,R1,USER,3
43e4be6d-648e-42cd-bc6c-edec44746281,H,H3,REL,3,R2,CTRL,2
43e4be6d-648e-42cd-bc6c-edec44746281,H,H3,REL,3,R2,ORG,1
43e4be6d-648e-42cd-bc6c-edec44746281,H,H3,REL,3,R2,USER,3
78493e05-ec9b-48cf-aa4d-790997ede6c7,HA,HA2,REL,1,R1,CTRL,1
78493e05-ec9b-48cf-aa4d-790997ede6c7,HA,HA2,REL,1,R1,AI,3
78493e05-ec9b-48cf-aa4d-790997ede6c7,HA,HA2,REL,1,R1,ORG,2
78493e05-ec9b-48cf-aa4d-790997ede6c7,HA,HA2,REL,1,R1,USER,4
78493e05-ec9b-48cf-aa4d-790997ede6c7,HA,HA2,REL,1,R2,CTRL,1
78493e05-ec9b-48cf-aa4d-790997ede6c7,HA,HA2,REL,1,R2,AI,2
78493e05-ec9b-48cf-aa4d-790997ede6c7,HA,HA2,REL,1,R2,ORG,3
78493e05-ec9b-48cf-aa4d-790997ede6c7,HA,HA2,REL,1,R2,USER,4
78493e05-ec9b-48cf-aa4d-790997ede6c7,HA,HA2,ADV,2,R1,CTRL,1
78493e05-ec9b-48cf-aa4d-790997ede6c7,HA,HA2,ADV,2,R1,AI,2
78493e05-ec9b-48cf-aa4d-790997ede6c7,HA,HA2,ADV,2,R1,ORG,3
78493e05-ec9b-48cf-aa4d-790997ede6c7,HA,HA2,ADV,2,R1,USER,4
78493e05-ec9b-48cf-aa4d-790997ede6c7,HA,HA2,ADV,2,R2,CTRL,1
78493e05-ec9b-48cf-aa4d-790997ede6c7,HA,HA2,ADV,2,R2,AI,2
78493e05-ec9b-48cf-aa4d-790997ede6c7,HA,HA2,ADV,2,R2,ORG,3
78493e05-ec9b-48cf-aa4d-790997ede6c7,HA,HA2,ADV,2,R2,USER,4
78493e05-ec9b-48cf-aa4d-790997ede6c7,HA,HA2,COL,3,R1,CTRL,1
78493e05-ec9b-48cf-aa4d-790997ede6c7,HA,HA2,COL,3,R1,AI,2
78493e05-ec9b-48cf-aa4d-790997ede6c7,HA,HA2,COL,3,R1,ORG,3
78493e05-ec9b-48cf-aa4d-790997ede6c7,HA,HA2,COL,3,R1,USER,4
78493e05-ec9b-48cf-aa4d-790997ede6c7,HA,HA2,COL,3,R2,CTRL,1
78493e05-ec9b-48cf-aa4d-790997ede6c7,HA,HA2,COL,3,R2,AI,2
78493e05-ec9b-48cf-aa4d-790997ede6c7,HA,HA2,COL,3,R2,ORG,3
78493e05-ec9b-48cf-aa4d-790997ede6c7,HA,HA2,COL,3,R2,USER,4
6c363e70-7035-4c4f-b8c0-d381f49ec94e,A,A,REL,1,R1,AI,1
6c363e70-7035-4c4f-b8c0-d381f49ec94e,A,A,REL,1,R1,ORG,2
6c363e70-7035-4c4f-b8c0-d381f49ec94e,A,A,REL,1,R1,USER,3
6c363e70-7035-4c4f-b8c0-d381f49ec94e,A,A,REL,1,R2,AI,2
6c363e70-7035-4c4f-b8c0-d381f49ec94e,A,A,REL,1,R2,ORG,1
6c363e70-7035-4c4f-b8c0-d381f49ec94e,A,A,REL,1,R2,USER,3
6c363e70-7035-4c4f-b8c0-d381f49ec94e,A,A,ADV,2,R1,AI,1
6c363e70-7035-4c4f-b8c0-d381f49ec94e,A,A,ADV,2,R1,ORG,2
6c363e70-7035-4c4f-b8c0-d381f49ec94e,A,A,ADV,2,R1,USER,3
6c363e70-7035-4c4f-b8c0-d381f49ec94e,A,A,ADV,2,R2,AI,2
6c363e70-7035-4c4f-b8c0-d381f49ec94e,A,A,ADV,2,R2,ORG,1
6c363e70-7035-4c4f-b8c0-d381f49ec94e,A,A,ADV,2,R2,USER,3
6c363e70-7035-4c4f-b8c0-d381f49ec94e,A,A,COL,3,R1,AI,1
6c363e70-7035-4c4f-b8c0-d381f49ec94e,A,A,COL,3,R1,ORG,2
6c363e70-7035-4c4f-b8c0-d381f49ec94e,A,A,COL,3,R1,USER,3
6c363e70-7035-4c4f-b8c0-d381f49ec94e,A,A,COL,3,R2,AI,2
6c363e70-7035-4c4f-b8c0-d381f49ec94e,A,A,COL,3,R2,ORG,1
6c363e70-7035-4c4f-b8c0-d381f49ec94e,A,A,COL,3,R2,USER,3
9ab1148d-80cc-4a6b-8e92-ac2aff3b6bdf,A,A,ADV,1,R1,AI,1
9ab1148d-80cc-4a6b-8e92-ac2aff3b6bdf,A,A,ADV,1,R1,ORG,3
9ab1148d-80cc-4a6b-8e92-ac2aff3b6bdf,A,A,ADV,1,R1,USER,2
9ab1148d-80cc-4a6b-8e92-ac2aff3b6bdf,A,A,ADV,1,R2,AI,1
9ab1148d-80cc-4a6b-8e92-ac2aff3b6bdf,A,A,ADV,1,R2,ORG,3
9ab1148d-80cc-4a6b-8e92-ac2aff3b6bdf,A,A,ADV,1,R2,USER,2
9ab1148d-80cc-4a6b-8e92-ac2aff3b6bdf,A,A,REL,2,R1,AI,1
9ab1148d-80cc-4a6b-8e92-ac2aff3b6bdf,A,A,REL,2,R1,ORG,2
9ab1148d-80cc-4a6b-8e92-ac2aff3b6bdf,A,A,REL,2,R1,USER,3
9ab1148d-80cc-4a6b-8e92-ac2aff3b6bdf,A,A,REL,2,R2,AI,1
9ab1148d-80cc-4a6b-8e92-ac2aff3b6bdf,A,A,REL,2,R2,ORG,3
9ab1148d-80cc-4a6b-8e92-ac2aff3b6bdf,A,A,REL,2,R2,USER,2
9ab1148d-80cc-4a6b-8e92-ac2aff3b6bdf,A,A,COL,3,R1,AI,1
9ab1148d-80cc-4a6b-8e92-ac2aff3b6bdf,A,A,COL,3,R1,ORG,3
9ab1148d-80cc-4a6b-8e92-ac2aff3b6bdf,A,A,COL,3,R1,USER,2
9ab1148d-80cc-4a6b-8e92-ac2aff3b6bdf,A,A,COL,3,R2,AI,2
9ab1148d-80cc-4a6b-8e92-ac2aff3b6bdf,A,A,COL,3,R2,ORG,3
9ab1148d-80cc-4a6b-8e92-ac2aff3b6bdf,A,A,COL,3,R2,USER,1
c964f2ae-f7ce-4c7e-a65d-18c48d024072,H,H2,ADV,1,R1,CTRL,1
c964f2ae-f7ce-4c7e-a65d-18c48d024072,H,H2,ADV,1,R1,ORG,2
c964f2ae-f7ce-4c7e-a65d-18c48d024072,H,H2,ADV,1,R1,USER,3
c964f2ae-f7ce-4c7e-a65d-18c48d024072,H,H2,ADV,1,R2,CTRL,1
c964f2ae-f7ce-4c7e-a65d-18c48d024072,H,H2,ADV,1,R2,ORG,2
c964f2ae-f7ce-4c7e-a65d-18c48d024072,H,H2,ADV,1,R2,USER,3
c964f2ae-f7ce-4c7e-a65d-18c48d024072,H,H2,REL,2,R1,CTRL,3
c964f2ae-f7ce-4c7e-a65d-18c48d024072,H,H2,REL,2,R1,ORG,2
c964f2ae-f7ce-4c7e-a65d-18c48d024072,H,H2,REL,2,R1,USER,1
c964f2ae-f7ce-4c7e-a65d-18c48d024072,H,H2,REL,2,R2,CTRL,1
c964f2ae-f7ce-4c7e-a65d-18c48d024072,H,H2,REL,2,R2,ORG,2
c964f2ae-f7ce-4c7e-a65d-18c48d024072,H,H2,REL,2,R2,USER,3
c964f2ae-f7ce-4c7e-a65d-18c48d024072,H,H2,COL,3,R1,CTRL,3
c964f2ae-f7ce-4c7e-a65d-18c48d024072,H,H2,COL,3,R1,ORG,2
c964f2ae-f7ce-4c7e-a65d-18c48d024072,H,H2,COL,3,R1,USER,1
c964f2ae-f7ce-4c7e-a65d-18c48d024072,H,H2,COL,3,R2,CTRL,3
c964f2ae-f7ce-4c7e-a65d-18c48d024072,H,H2,COL,3,R2,ORG,2
c964f2ae-f7ce-4c7e-a65d-18c48d024072,H,H2,COL,3,R2,USER,1
d458e336-49e6-4e4b-981b-dba6921720ac,HA,HA3,ADV,1,R1,CTRL,1
d458e336-49e6-4e4b-981b-dba6921720ac,HA,HA3,ADV,1,R1,AI,2
d458e336-49e6-4e4b-981b-dba6921720ac,HA,HA3,ADV,1,R1,ORG,3
d458e336-49e6-4e4b-981b-dba6921720ac,HA,HA3,ADV,1,R1,USER,4
d458e336-49e6-4e4b-981b-dba6921720ac,HA,HA3,ADV,1,R2,CTRL,1
d458e336-49e6-4e4b-981b-dba6921720ac,HA,HA3,ADV,1,R2,AI,2
d458e336-49e6-4e4b-981b-dba6921720ac,HA,HA3,ADV,1,R2,ORG,3
d458e336-49e6-4e4b-981b-dba6921720ac,HA,HA3,ADV,1,R2,USER,4
d458e336-49e6-4e4b-981b-dba6921720ac,HA,HA3,REL,2,R1,CTRL,1
d458e336-49e6-4e4b-981b-dba6921720ac,HA,HA3,REL,2,R1,AI,2
d458e336-49e6-4e4b-981b-dba6921720ac,HA,HA3,REL,2,R1,ORG,3
d458e336-49e6-4e4b-981b-dba6921720ac,HA,HA3,REL,2,R1,USER,4
d458e336-49e6-4e4b-981b-dba6921720ac,HA,HA3,REL,2,R2,CTRL,1
d458e336-49e6-4e4b-981b-dba6921720ac,HA,HA3,REL,2,R2,AI,2
d458e336-49e6-4e4b-981b-dba6921720ac,HA,HA3,REL,2,R2,ORG,3
d458e336-49e6-4e4b-981b-dba6921720ac,HA,HA3,REL,2,R2,USER,4
d458e336-49e6-4e4b-981b-dba6921720ac,HA,HA3,COL,3,R1,CTRL,1
d458e336-49e6-4e4b-981b-dba6921720ac,HA,HA3,COL,3,R1,AI,2
d458e336-49e6-4e4b-981b-dba6921720ac,HA,HA3,COL,3,R1,ORG,3
d458e336-49e6-4e4b-981b-dba6921720ac,HA,HA3,COL,3,R1,USER,4
d458e336-49e6-4e4b-981b-dba6921720ac,HA,HA3,COL,3,R2,CTRL,1
d458e336-49e6-4e4b-981b-dba6921720ac,HA,HA3,COL,3,R2,AI,2
d458e336-49e6-4e4b-981b-dba6921720ac,HA,HA3,COL,3,R2,ORG,3
d458e336-49e6-4e4b-981b-dba6921720ac,HA,HA3,COL,3,R2,USER,4
5e194bab-b38e-41da-84fd-b288fd42daf0,H,H3,COL,1,R1,CTRL,2
5e194bab-b38e-41da-84fd-b288fd42daf0,H,H3,COL,1,R1,ORG,3
5e194bab-b38e-41da-84fd-b288fd42daf0,H,H3,COL,1,R1,USER,1
5e194bab-b38e-41da-84fd-b288fd42daf0,H,H3,COL,1,R2,CTRL,2
5e194bab-b38e-41da-84fd-b288fd42daf0,H,H3,COL,1,R2,ORG,3
5e194bab-b38e-41da-84fd-b288fd42daf0,H,H3,COL,1,R2,USER,1
5e194bab-b38e-41da-84fd-b288fd42daf0,H,H3,REL,2,R1,CTRL,1
5e194bab-b38e-41da-84fd-b288fd42daf0,H,H3,REL,2,R1,ORG,2
5e194bab-b38e-41da-84fd-b288fd42daf0,H,H3,REL,2,R1,USER,3
5e194bab-b38e-41da-84fd-b288fd42daf0,H,H3,REL,2,R2,CTRL,1
5e194bab-b38e-41da-84fd-b288fd42daf0,H,H3,REL,2,R2,ORG,2
5e194bab-b38e-41da-84fd-b288fd42daf0,H,H3,REL,2,R2,USER,3
5e194bab-b38e-41da-84fd-b288fd42daf0,H,H3,ADV,3,R1,CTRL,1
5e194bab-b38e-41da-84fd-b288fd42daf0,H,H3,ADV,3,R1,ORG,3
5e194bab-b38e-41da-84fd-b288fd42daf0,H,H3,ADV,3,R1,USER,2
5e194bab-b38e-41da-84fd-b288fd42daf0,H,H3,ADV,3,R2,CTRL,1
5e194bab-b38e-41da-84fd-b288fd42daf0,H,H3,ADV,3,R2,ORG,3
5e194bab-b38e-41da-84fd-b288fd42daf0,H,H3,ADV,3,R2,USER,2
b7972b16-b7a7-4625-b62e-6a0892c62d43,H,H1,COL,1,R1,CTRL,1
b7972b16-b7a7-4625-b62e-6a0892c62d43,H,H1,COL,1,R1,ORG,2
b7972b16-b7a7-4625-b62e-6a0892c62d43,H,H1,COL,1,R1,USER,3
b7972b16-b7a7-4625-b62e-6a0892c62d43,H,H1,COL,1,R2,CTRL,1
b7972b16-b7a7-4625-b62e-6a0892c62d43,H,H1,COL,1,R2,ORG,2
b7972b16-b7a7-4625-b62e-6a0892c62d43,H,H1,COL,1,R2,USER,3
b7972b16-b7a7-4625-b62e-6a0892c62d43,H,H1,REL,2,R1,CTRL,1
b7972b16-b7a7-4625-b62e-6a0892c62d43,H,H1,REL,2,R1,ORG,2
b7972b16-b7a7-4625-b62e-6a0892c62d43,H,H1,REL,2,R1,USER,3
b7972b16-b7a7-4625-b62e-6a0892c62d43,H,H1,REL,2,R2,CTRL,1
b7972b16-b7a7-4625-b62e-6a0892c62d43,H,H1,REL,2,R2,ORG,2
b7972b16-b7a7-4625-b62e-6a0892c62d43,H,H1,REL,2,R2,USER,3
b7972b16-b7a7-4625-b62e-6a0892c62d43,H,H1,ADV,3,R1,CTRL,1
b7972b16-b7a7-4625-b62e-6a0892c62d43,H,H1,ADV,3,R1,ORG,2
b7972b16-b7a7-4625-b62e-6a0892c62d43,H,H1,ADV,3,R1,USER,3
b7972b16-b7a7-4625-b62e-6a0892c62d43,H,H1,ADV,3,R2,CTRL,1
b7972b16-b7a7-4625-b62e-6a0892c62d43,H,H1,ADV,3,R2,ORG,2
b7972b16-b7a7-4625-b62e-6a0892c62d43,H,H1,ADV,3,R2,USER,3
f54e1697-93b8-422b-9ca6-0bc3133634ba,H,H1,REL,1,R1,CTRL,1
f54e1697-93b8-422b-9ca6-0bc3133634ba,H,H1,REL,1,R1,ORG,2
f54e1697-93b8-422b-9ca6-0bc3133634ba,H,H1,REL,1,R1,USER,3
f54e1697-93b8-422b-9ca6-0bc3133634ba,H,H1,REL,1,R2,CTRL,2
f54e1697-93b8-422b-9ca6-0bc3133634ba,H,H1,REL,1,R2,ORG,3
f54e1697-93b8-422b-9ca6-0bc3133634ba,H,H1,REL,1,R2,USER,1
f54e1697-93b8-422b-9ca6-0bc3133634ba,H,H1,ADV,2,R1,CTRL,1
f54e1697-93b8-422b-9ca6-0bc3133634ba,H,H1,ADV,2,R1,ORG,2
f54e1697-93b8-422b-9ca6-0bc3133634ba,H,H1,ADV,2,R1,USER,3
f54e1697-93b8-422b-9ca6-0bc3133634ba,H,H1,ADV,2,R2,CTRL,2
f54e1697-93b8-422b-9ca6-0bc3133634ba,H,H1,ADV,2,R2,ORG,3
f54e1697-93b8-422b-9ca6-0bc3133634ba,H,H1,ADV,2,R2,USER,1
f54e1697-93b8-422b-9ca6-0bc3133634ba,H,H1,COL,3,R1,CTRL,1
f54e1697-93b8-422b-9ca6-0bc3133634ba,H,H1,COL,3,R1,ORG,2
f54e1697-93b8-422b-9ca6-0bc3133634ba,H,H1,COL,3,R1,USER,3
f54e1697-93b8-422b-9ca6-0bc3133634ba,H,H1,COL,3,R2,CTRL,3
f54e1697-93b8-422b-9ca6-0bc3133634ba,H,H1,COL,3,R2,ORG,2
f54e1697-93b8-422b-9ca6-0bc3133634ba,H,H1,COL,3,R2,USER,1
c40e95bd-7537-4c76-b33e-a595fc4f99b6,HA,HA1,ADV,1,R1,CTRL,3
c40e95bd-7537-4c76-b33e-a595fc4f99b6,HA,HA1,ADV,1,R1,AI,2
c40e95bd-7537-4c76-b33e-a595fc4f99b6,HA,HA1,ADV,1,R1,ORG,1
c40e95bd-7537-4c76-b33e-a595fc4f99b6,HA,HA1,ADV,1,R1,USER,4
c40e95bd-7537-4c76-b33e-a595fc4f99b6,HA,HA1,ADV,1,R2,CTRL,1
c40e95bd-7537-4c76-b33e-a595fc4f99b6,HA,HA1,ADV,1,R2,AI,3
c40e95bd-7537-4c76-b33e-a595fc4f99b6,HA,HA1,ADV,1,R2,ORG,4
c40e95bd-7537-4c76-b33e-a595fc4f99b6,HA,HA1,ADV,1,R2,USER,2
c40e95bd-7537-4c76-b33e-a595fc4f99b6,HA,HA1,REL,2,R1,CTRL,3
c40e95bd-7537-4c76-b33e-a595fc4f99b6,HA,HA1,REL,2,R1,AI,2
c40e95bd-7537-4c76-b33e-a595fc4f99b6,HA,HA1,REL,2,R1,ORG,1
c40e95bd-7537-4c76-b33e-a595fc4f99b6,HA,HA1,REL,2,R1,USER,4
c40e95bd-7537-4c76-b33e-a595fc4f99b6,HA,HA1,REL,2,R2,CTRL,3
c40e95bd-7537-4c76-b33e-a595fc4f99b6,HA,HA1,REL,2,R2,AI,2
c40e95bd-7537-4c76-b33e-a595fc4f99b6,HA,HA1,REL,2,R2,ORG,1
c40e95bd-7537-4c76-b33e-a595fc4f99b6,HA,HA1,REL,2,R2,USER,4
c40e95bd-7537-4c76-b33e-a595fc4f99b6,HA,HA1,COL,3,R1,CTRL,3
c40e95bd-7537-4c76-b33e-a595fc4f99b6,HA,HA1,COL,3,R1,AI,2
c40e95bd-7537-4c76-b33e-a595fc4f99b6,HA,HA1,COL,3,R1,ORG,1
c40e95bd-7537-4c76-b33e-a595fc4f99b6,HA,HA1,COL,3,R1,USER,4
c40e95bd-7537-4c76-b33e-a595fc4f99b6,HA,HA1,COL,3,R2,CTRL,3
c40e95bd-7537-4c76-b33e-a595fc4f99b6,HA,HA1,COL,3,R2,AI,2
c40e95bd-7537-4c76-b33e-a595fc4f99b6,HA,HA1,COL,3,R2,ORG,1
c40e95bd-7537-4c76-b33e-a595fc4f99b6,HA,HA1,COL,3,R2,USER,4
d5bb24a0-10ab-4efc-9dd2-898560804ef5,H,H2,COL,1,R1,CTRL,3
d5bb24a0-10ab-4efc-9dd2-898560804ef5,H,H2,COL,1,R1,ORG,2
d5bb24a0-10ab-4efc-9dd2-898560804ef5,H,H2,COL,1,R1,USER,1
d5bb24a0-10ab-4efc-9dd2-898560804ef5,H,H2,COL,1,R2,CTRL,2
d5bb24a0-10ab-4efc-9dd2-898560804ef5,H,H2,COL,1,R2,ORG,3
d5bb24a0-10ab-4efc-9dd2-898560804ef5,H,H2,COL,1,R2,USER,1
d5bb24a0-10ab-4efc-9dd2-898560804ef5,H,H2,REL,2,R1,CTRL,1
d5bb24a0-10ab-4efc-9dd2-898560804ef5,H,H2,REL,2,R1,ORG,3
d5bb24a0-10ab-4efc-9dd2-898560804ef5,H,H2,REL,2,R1,USER,2
d5bb24a0-10ab-4efc-9dd2-898560804ef5,H,H2,REL,2,R2,CTRL,1
d5bb24a0-10ab-4efc-9dd2-898560804ef5,H,H2,REL,2,R2,ORG,3
d5bb24a0-10ab-4efc-9dd2-898560804ef5,H,H2,REL,2,R2,USER,2
d5bb24a0-10ab-4efc-9dd2-898560804ef5,H,H2,ADV,3,R1,CTRL,2
d5bb24a0-10ab-4efc-9dd2-898560804ef5,H,H2,ADV,3,R1,ORG,3
d5bb24a0-10ab-4efc-9dd2-898560804ef5,H,H2,ADV,3,R1,USER,1
d5bb24a0-10ab-4efc-9dd2-898560804ef5,H,H2,ADV,3,R2,CTRL,2
d5bb24a0-10ab-4efc-9dd2-898560804ef5,H,H2,ADV,3,R2,ORG,3
d5bb24a0-10ab-4efc-9dd2-898560804ef5,H,H2,ADV,3,R2,USER,1
150b15c2-8589-48d3-ba96-531cdb51d5ca,H,H1,ADV,1,R1,CTRL,1
150b15c2-8589-48d3-ba96-531cdb51d5ca,H,H1,ADV,1,R1,ORG,2
150b15c2-8589-48d3-ba96-531cdb51d5ca,H,H1,ADV,1,R1,USER,3
150b15c2-8589-48d3-ba96-531cdb51d5ca,H,H1,ADV,1,R2,CTRL,2
150b15c2-8589-48d3-ba96-531cdb51d5ca,H,H1,ADV,1,R2,ORG,3
150b15c2-8589-48d3-ba96-531cdb51d5ca,H,H1,ADV,1,R2,USER,1
150b15c2-8589-48d3-ba96-531cdb51d5ca,H,H1,REL,2,R1,CTRL,1
150b15c2-8589-48d3-ba96-531cdb51d5ca,H,H1,REL,2,R1,ORG,3
150b15c2-8589-48d3-ba96-531cdb51d5ca,H,H1,REL,2,R1,USER,2
150b15c2-8589-48d3-ba96-531cdb51d5ca,H,H1,REL,2,R2,CTRL,1
150b15c2-8589-48d3-ba96-531cdb51d5ca,H,H1,REL,2,R2,ORG,3
150b15c2-8589-48d3-ba96-531cdb51d5ca,H,H1,REL,2,R2,USER,2
150b15c2-8589-48d3-ba96-531cdb51d5ca,H,H1,COL,3,R1,CTRL,1
150b15c2-8589-48d3-ba96-531cdb51d5ca,H,H1,COL,3,R1,ORG,2
150b15c2-8589-48d3-ba96-531cdb51d5ca,H,H1,COL,3,R1,USER,3
150b15c2-8589-48d3-ba96-531cdb51d5ca,H,H1,COL,3,R2,CTRL,1
150b15c2-8589-48d3-ba96-531cdb51d5ca,H,H1,COL,3,R2,ORG,2
150b15c2-8589-48d3-ba96-531cdb51d5ca,H,H1,COL,3,R2,USER,3
7bdd1463-5ed9-4dad-a858-2019debf1043,HA,HA1,COL,1,R1,CTRL,1
7bdd1463-5ed9-4dad-a858-2019debf1043,HA,HA1,COL,1,R1,AI,2
7bdd1463-5ed9-4dad-a858-2019debf1043,HA,HA1,COL,1,R1,ORG,3
7bdd1463-5ed9-4dad-a858-2019debf1043,HA,HA1,COL,1,R1,USER,4
7bdd1463-5ed9-4dad-a858-2019debf1043,HA,HA1,COL,1,R2,CTRL,1
7bdd1463-5ed9-4dad-a858-2019debf1043,HA,HA1,COL,1,R2,AI,2
7bdd1463-5ed9-4dad-a858-2019debf1043,HA,HA1,COL,1,R2,ORG,3
7bdd1463-5ed9-4dad-a858-2019debf1043,HA,HA1,COL,1,R2,USER,4
7bdd1463-5ed9-4dad-a858-2019debf1043,HA,HA1,ADV,2,R1,CTRL,1
7bdd1463-5ed9-4dad-a858-2019debf1043,HA,HA1,ADV,2,R1,AI,2
7bdd1463-5ed9-4dad-a858-2019debf1043,HA,HA1,ADV,2,R1,ORG,3
7bdd1463-5ed9-4dad-a858-2019debf1043,HA,HA1,ADV,2,R1,USER,4
7bdd1463-5ed9-4dad-a858-2019debf1043,HA,HA1,ADV,2,R2,CTRL,2
7bdd1463-5ed9-4dad-a858-2019debf1043,HA,HA1,ADV,2,R2,AI,1
7bdd1463-5ed9-4dad-a858-2019debf1043,HA,HA1,ADV,2,R2,ORG,3
7bdd1463-5ed9-4dad-a858-2019debf1043,HA,HA1,ADV,2,R2,USER,4
7bdd1463-5ed9-4dad-a858-2019debf1043,HA,HA1,REL,3,R1,CTRL,1
7bdd1463-5ed9-4dad-a858-2019debf1043,HA,HA1,REL,3,R1,AI,2
7bdd1463-5ed9-4dad-a858-2019debf1043,HA,HA1,REL,3,R1,ORG,3
7bdd1463-5ed9-4dad-a858-2019debf1043,HA,HA1,REL,3,R1,USER,4
7bdd1463-5ed9-4dad-a858-2019debf1043,HA,HA1,REL,3,R2,CTRL,2
7bdd1463-5ed9-4dad-a858-2019debf1043,HA,HA1,REL,3,R2,AI,1
7bdd1463-5ed9-4dad-a858-2019debf1043,HA,HA1,REL,3,R2,ORG,3
7bdd1463-5ed9-4dad-a858-2019debf1043,HA,HA1,REL,3,R2,USER,4
412f3339-d3e8-4185-8cef-7084f78e6007,HA,HA3,COL,1,R1,CTRL,2
412f3339-d3e8-4185-8cef-7084f78e6007,HA,HA3,COL,1,R1,AI,3
412f3339-d3e8-4185-8cef-7084f78e6007,HA,HA3,COL,1,R1,ORG,4
412f3339-d3e8-4185-8cef-7084f78e6007,HA,HA3,COL,1,R1,USER,1
412f3339-d3e8-4185-8cef-7084f78e6007,HA,HA3,COL,1,R2,CTRL,2
412f3339-d3e8-4185-8cef-7084f78e6007,HA,HA3,COL,1,R2,AI,3
412f3339-d3e8-4185-8cef-7084f78e6007,HA,HA3,COL,1,R2,ORG,4
412f3339-d3e8-4185-8cef-7084f78e6007,HA,HA3,COL,1,R2,USER,1
412f3339-d3e8-4185-8cef-7084f78e6007,HA,HA3,ADV,2,R1,CTRL,2
412f3339-d3e8-4185-8cef-7084f78e6007,HA,HA3,ADV,2,R1,AI,3
412f3339-d3e8-4185-8cef-7084f78e6007,HA,HA3,ADV,2,R1,ORG,4
412f3339-d3e8-4185-8cef-7084f78e6007,HA,HA3,ADV,2,R1,USER,1
412f3339-d3e8-4185-8cef-7084f78e6007,HA,HA3,ADV,2,R2,CTRL,2
412f3339-d3e8-4185-8cef-7084f78e6007,HA,HA3,ADV,2,R2,AI,3
412f3339-d3e8-4185-8cef-7084f78e6007,HA,HA3,ADV,2,R2,ORG,4
412f3339-d3e8-4185-8cef-7084f78e6007,HA,HA3,ADV,2,R2,USER,1
412f3339-d3e8-4185-8cef-7084f78e6007,HA,HA3,REL,3,R1,CTRL,1
412f3339-d3e8-4185-8cef-7084f78e6007,HA,HA3,REL,3,R1,AI,2
412f3339-d3e8-4185-8cef-7084f78e6007,HA,HA3,REL,3,R1,ORG,3
412f3339-d3e8-4185-8cef-7084f78e6007,HA,HA3,REL,3,R1,USER,4
412f3339-d3e8-4185-8cef-7084f78e6007,HA,HA3,REL,3,R2,CTRL,1
412f3339-d3e8-4185-8cef-7084f78e6007,HA,HA3,REL,3,R2,AI,2
412f3339-d3e8-4185-8cef-7084f78e6007,HA,HA3,REL,3,R2,ORG,3
412f3339-d3e8-4185-8cef-7084f78e6007,HA,HA3,REL,3,R2,USER,4
0b30c424-9028-4fad-ac58-ef0b05682d65,H,H1,COL,1,R1,CTRL,1
0b30c424-9028-4fad-ac58-ef0b05682d65,H,H1,COL,1,R1,ORG,2
0b30c424-9028-4fad-ac58-ef0b05682d65,H,H1,COL,1,R1,USER,3
0b30c424-9028-4fad-ac58-ef0b05682d65,H,H1,COL,1,R2,CTRL,2
0b30c424-9028-4fad-ac58-ef0b05682d65,H,H1,COL,1,R2,ORG,3
0b30c424-9028-4fad-ac58-ef0b05682d65,H,H1,COL,1,R2,USER,1
0b30c424-9028-4fad-ac58-ef0b05682d65,H,H1,ADV,2,R1,CTRL,2
0b30c424-9028-4fad-ac58-ef0b05682d65,H,H1,ADV,2,R1,ORG,3
0b30c424-9028-4fad-ac58-ef0b05682d65,H,H1,ADV,2,R1,USER,1
0b30c424-9028-4fad-ac58-ef0b05682d65,H,H1,ADV,2,R2,CTRL,1
0b30c424-9028-4fad-ac58-ef0b05682d65,H,H1,ADV,2,R2,ORG,3
0b30c424-9028-4fad-ac58-ef0b05682d65,H,H1,ADV,2,R2,USER,2
0b30c424-9028-4fad-ac58-ef0b05682d65,H,H1,REL,3,R1,CTRL,1
0b30c424-9028-4fad-ac58-ef0b05682d65,H,H1,REL,3,R1,ORG,2
0b30c424-9028-4fad-ac58-ef0b05682d65,H,H1,REL,3,R1,USER,3
0b30c424-9028-4fad-ac58-ef0b05682d65,H,H1,REL,3,R2,CTRL,2
0b30c424-9028-4fad-ac58-ef0b05682d65,H,H1,REL,3,R2,ORG,1
0b30c424-9028-4fad-ac58-ef0b05682d65,H,H1,REL,3,R2,USER,3
c3cb6658-1621-40a0-93e9-d3c064c5841a,HA,HA2,COL,1,R1,CTRL,3
c3cb6658-1621-40a0-93e9-d3c064c5841a,HA,HA2,COL,1,R1,AI,4
c3cb6658-1621-40a0-93e9-d3c064c5841a,HA,HA2,COL,1,R1,ORG,2
c3cb6658-1621-40a0-93e9-d3c064c5841a,HA,HA2,COL,1,R1,USER,1
c3cb6658-1621-40a0-93e9-d3c064c5841a,HA,HA2,COL,1,R2,CTRL,3
c3cb6658-1621-40a0-93e9-d3c064c5841a,HA,HA2,COL,1,R2,AI,2
c3cb6658-1621-40a0-93e9-d3c064c5841a,HA,HA2,COL,1,R2,ORG,4
c3cb6658-1621-40a0-93e9-d3c064c5841a,HA,HA2,COL,1,R2,USER,1
c3cb6658-1621-40a0-93e9-d3c064c5841a,HA,HA2,ADV,2,R1,CTRL,3
c3cb6658-1621-40a0-93e9-d3c064c5841a,HA,HA2,ADV,2,R1,AI,2
c3cb6658-1621-40a0-93e9-d3c064c5841a,HA,HA2,ADV,2,R1,ORG,1
c3cb6658-1621-40a0-93e9-d3c064c5841a,HA,HA2,ADV,2,R1,USER,4
c3cb6658-1621-40a0-93e9-d3c064c5841a,HA,HA2,ADV,2,R2,CTRL,4
c3cb6658-1621-40a0-93e9-d3c064c5841a,HA,HA2,ADV,2,R2,AI,2
c3cb6658-1621-40a0-93e9-d3c064c5841a,HA,HA2,ADV,2,R2,ORG,3
c3cb6658-1621-40a0-93e9-d3c064c5841a,HA,HA2,ADV,2,R2,USER,1
c3cb6658-1621-40a0-93e9-d3c064c5841a,HA,HA2,REL,3,R1,CTRL,3
c3cb6658-1621-40a0-93e9-d3c064c5841a,HA,HA2,REL,3,R1,AI,4
c3cb6658-1621-40a0-93e9-d3c064c5841a,HA,HA2,REL,3,R1,ORG,1
c3cb6658-1621-40a0-93e9-d3c064c5841a,HA,HA2,REL,3,R1,USER,2
c3cb6658-1621-40a0-93e9-d3c064c5841a,HA,HA2,REL,3,R2,CTRL,3
c3cb6658-1621-40a0-93e9-d3c064c5841a,HA,HA2,REL,3,R2,AI,2
c3cb6658-1621-40a0-93e9-d3c064c5841a,HA,HA2,REL,3,R2,ORG,4
c3cb6658-1621-40a0-93e9-d3c064c5841a,HA,HA2,REL,3,R2,USER,1
40d344ea-fefd-41cb-a10b-213cf991dfa5,H,H2,REL,1,R1,CTRL,1
40d344ea-fefd-41cb-a10b-213cf991dfa5,H,H2,REL,1,R1,ORG,2
40d344ea-fefd-41cb-a10b-213cf991dfa5,H,H2,REL,1,R1,USER,3
40d344ea-fefd-41cb-a10b-213cf991dfa5,H,H2,REL,1,R2,CTRL,1
40d344ea-fefd-41cb-a10b-213cf991dfa5,H,H2,REL,1,R2,ORG,2
40d344ea-fefd-41cb-a10b-213cf991dfa5,H,H2,REL,1,R2,USER,3
40d344ea-fefd-41cb-a10b-213cf991dfa5,H,H2,COL,2,R1,CTRL,1
40d344ea-fefd-41cb-a10b-213cf991dfa5,H,H2,COL,2,R1,ORG,2
40d344ea-fefd-41cb-a10b-213cf991dfa5,H,H2,COL,2,R1,USER,3
40d344ea-fefd-41cb-a10b-213cf991dfa5,H,H2,COL,2,R2,CTRL,1
40d344ea-fefd-41cb-a10b-213cf991dfa5,H,H2,COL,2,R2,ORG,2
40d344ea-fefd-41cb-a10b-213cf991dfa5,H,H2,COL,2,R2,USER,3
40d344ea-fefd-41cb-a10b-213cf991dfa5,H,H2,ADV,3,R1,CTRL,1
40d344ea-fefd-41cb-a10b-213cf991dfa5,H,H2,ADV,3,R1,ORG,2
40d344ea-fefd-41cb-a10b-213cf991dfa5,H,H2,ADV,3,R1,USER,3
40d344ea-fefd-41cb-a10b-213cf991dfa5,H,H2,ADV,3,R2,CTRL,1
40d344ea-fefd-41cb-a10b-213cf991dfa5,H,H2,ADV,3,R2,ORG,2
40d344ea-fefd-41cb-a10b-213cf991dfa5,H,H2,ADV,3,R2,USER,3
fd34b17e-22ca-430c-a733-32fc95374ede,HA,HA1,ADV,1,R1,CTRL,1
fd34b17e-22ca-430c-a733-32fc95374ede,HA,HA1,ADV,1,R1,AI,3
fd34b17e-22ca-430c-a733-32fc95374ede,HA,HA1,ADV,1,R1,ORG,4
fd34b17e-22ca-430c-a733-32fc95374ede,HA,HA1,ADV,1,R1,USER,2
fd34b17e-22ca-430c-a733-32fc95374ede,HA,HA1,ADV,1,R2,CTRL,3
fd34b17e-22ca-430c-a733-32fc95374ede,HA,HA1,ADV,1,R2,AI,1
fd34b17e-22ca-430c-a733-32fc95374ede,HA,HA1,ADV,1,R2,ORG,2
fd34b17e-22ca-430c-a733-32fc95374ede,HA,HA1,ADV,1,R2,USER,4
fd34b17e-22ca-430c-a733-32fc95374ede,HA,HA1,COL,2,R1,CTRL,2
fd34b17e-22ca-430c-a733-32fc95374ede,HA,HA1,COL,2,R1,AI,3
fd34b17e-22ca-430c-a733-32fc95374ede,HA,HA1,COL,2,R1,ORG,4
fd34b17e-22ca-430c-a733-32fc95374ede,HA,HA1,COL,2,R1,USER,1
fd34b17e-22ca-430c-a733-32fc95374ede,HA,HA1,COL,2,R2,CTRL,2
fd34b17e-22ca-430c-a733-32fc95374ede,HA,HA1,COL,2,R2,AI,4
fd34b17e-22ca-430c-a733-32fc95374ede,HA,HA1,COL,2,R2,ORG,3
fd34b17e-22ca-430c-a733-32fc95374ede,HA,HA1,COL,2,R2,USER,1
fd34b17e-22ca-430c-a733-32fc95374ede,HA,HA1,REL,3,R1,CTRL,2
fd34b17e-22ca-430c-a733-32fc95374ede,HA,HA1,REL,3,R1,AI,3
fd34b17e-22ca-430c-a733-32fc95374ede,HA,HA1,REL,3,R1,ORG,4
fd34b17e-22ca-430c-a733-32fc95374ede,HA,HA1,REL,3,R1,USER,1
fd34b17e-22ca-430c-a733-32fc95374ede,HA,HA1,REL,3,R2,CTRL,2
fd34b17e-22ca-430c-a733-32fc95374ede,HA,HA1,REL,3,R2,AI,3
fd34b17e-22ca-430c-a733-32fc95374ede,HA,HA1,REL,3,R2,ORG,4
fd34b17e-22ca-430c-a733-32fc95374ede,HA,HA1,REL,3,R2,USER,1
867de350-ded7-4f1b-be20-c23b15912b73,H,H2,COL,1,R1,CTRL,1
867de350-ded7-4f1b-be20-c23b15912b73,H,H2,COL,1,R1,ORG,2
867de350-ded7-4f1b-be20-c23b15912b73,H,H2,COL,1,R1,USER,3
867de350-ded7-4f1b-be20-c23b15912b73,H,H2,COL,1,R2,CTRL,2
867de350-ded7-4f1b-be20-c23b15912b73,H,H2,COL,1,R2,ORG,3
867de350-ded7-4f1b-be20-c23b15912b73,H,H2,COL,1,R2,USER,1
867de350-ded7-4f1b-be20-c23b15912b73,H,H2,REL,2,R1,CTRL,1
867de350-ded7-4f1b-be20-c23b15912b73,H,H2,REL,2,R1,ORG,2
867de350-ded7-4f1b-be20-c23b15912b73,H,H2,REL,2,R1,USER,3
867de350-ded7-4f1b-be20-c23b15912b73,H,H2,REL,2,R2,CTRL,1
867de350-ded7-4f1b-be20-c23b15912b73,H,H2,REL,2,R2,ORG,2
867de350-ded7-4f1b-be20-c23b15912b73,H,H2,REL,2,R2,USER,3
867de350-ded7-4f1b-be20-c23b15912b73,H,H2,ADV,3,R1,CTRL,1
867de350-ded7-4f1b-be20-c23b15912b73,H,H2,ADV,3,R1,ORG,2
867de350-ded7-4f1b-be20-c23b15912b73,H,H2,ADV,3,R1,USER,3
867de350-ded7-4f1b-be20-c23b15912b73,H,H2,ADV,3,R2,CTRL,2
867de350-ded7-4f1b-be20-c23b15912b73,H,H2,ADV,3,R2,ORG,1
867de350-ded7-4f1b-be20-c23b15912b73,H,H2,ADV,3,R2,USER,3
41858ff5-4f12-4409-879d-1c0dea18a081,H,H2,REL,1,R1,CTRL,3
41858ff5-4f12-4409-879d-1c0dea18a081,H,H2,REL,1,R1,ORG,1
41858ff5-4f12-4409-879d-1c0dea18a081,H,H2,REL,1,R1,USER,2
41858ff5-4f12-4409-879d-1c0dea18a081,H,H2,REL,1,R2,CTRL,3
41858ff5-4f12-4409-879d-1c0dea18a081,H,H2,REL,1,R2,ORG,2
41858ff5-4f12-4409-879d-1c0dea18a081,H,H2,REL,1,R2,USER,1
41858ff5-4f12-4409-879d-1c0dea18a081,H,H2,ADV,2,R1,CTRL,3
41858ff5-4f12-4409-879d-1c0dea18a081,H,H2,ADV,2,R1,ORG,1
41858ff5-4f12-4409-879d-1c0dea18a081,H,H2,ADV,2,R1,USER,2
41858ff5-4f12-4409-879d-1c0dea18a081,H,H2,ADV,2,R2,CTRL,3
41858ff5-4f12-4409-879d-1c0dea18a081,H,H2,ADV,2,R2,ORG,1
41858ff5-4f12-4409-879d-1c0dea18a081,H,H2,ADV,2,R2,USER,2
41858ff5-4f12-4409-879d-1c0dea18a081,H,H2,COL,3,R1,CTRL,2
41858ff5-4f12-4409-879d-1c0dea18a081,H,H2,COL,3,R1,ORG,1
41858ff5-4f12-4409-879d-1c0dea18a081,H,H2,COL,3,R1,USER,3
41858ff5-4f12-4409-879d-1c0dea18a081,H,H2,COL,3,R2,CTRL,3
41858ff5-4f12-4409-879d-1c0dea18a081,H,H2,COL,3,R2,ORG,1
41858ff5-4f12-4409-879d-1c0dea18a081,H,H2,COL,3,R2,USER,2
06576a93-edbd-40bc-bd26-8df3135b3cab,HA,HA2,COL,1,R1,CTRL,2
06576a93-edbd-40bc-bd26-8df3135b3cab,HA,HA2,COL,1,R1,AI,4
06576a93-edbd-40bc-bd26-8df3135b3cab,HA,HA2,COL,1,R1,ORG,1
06576a93-edbd-40bc-bd26-8df3135b3cab,HA,HA2,COL,1,R1,USER,3
06576a93-edbd-40bc-bd26-8df3135b3cab,HA,HA2,COL,1,R2,CTRL,1
06576a93-edbd-40bc-bd26-8df3135b3cab,HA,HA2,COL,1,R2,AI,4
06576a93-edbd-40bc-bd26-8df3135b3cab,HA,HA2,COL,1,R2,ORG,2
06576a93-edbd-40bc-bd26-8df3135b3cab,HA,HA2,COL,1,R2,USER,3
06576a93-edbd-40bc-bd26-8df3135b3cab,HA,HA2,REL,2,R1,CTRL,4
06576a93-edbd-40bc-bd26-8df3135b3cab,HA,HA2,REL,2,R1,AI,1
06576a93-edbd-40bc-bd26-8df3135b3cab,HA,HA2,REL,2,R1,ORG,2
06576a93-edbd-40bc-bd26-8df3135b3cab,HA,HA2,REL,2,R1,USER,3
06576a93-edbd-40bc-bd26-8df3135b3cab,HA,HA2,REL,2,R2,CTRL,3
06576a93-edbd-40bc-bd26-8df3135b3cab,HA,HA2,REL,2,R2,AI,2
06576a93-edbd-40bc-bd26-8df3135b3cab,HA,HA2,REL,2,R2,ORG,1
06576a93-edbd-40bc-bd26-8df3135b3cab,HA,HA2,REL,2,R2,USER,4
06576a93-edbd-40bc-bd26-8df3135b3cab,HA,HA2,ADV,3,R1,CTRL,1
06576a93-edbd-40bc-bd26-8df3135b3cab,HA,HA2,ADV,3,R1,AI,3
06576a93-edbd-40bc-bd26-8df3135b3cab,HA,HA2,ADV,3,R1,ORG,2
06576a93-edbd-40bc-bd26-8df3135b3cab,HA,HA2,ADV,3,R1,USER,4
06576a93-edbd-40bc-bd26-8df3135b3cab,HA,HA2,ADV,3,R2,CTRL,1
06576a93-edbd-40bc-bd26-8df3135b3cab,HA,HA2,ADV,3,R2,AI,3
06576a93-edbd-40bc-bd26-8df3135b3cab,HA,HA2,ADV,3,R2,ORG,2
06576a93-edbd-40bc-bd26-8df3135b3cab,HA,HA2,ADV,3,R2,USER,4
547eed59-c7b2-4ee6-93ee-91413cf80685,H,H1,REL,1,R1,CTRL,1
547eed59-c7b2-4ee6-93ee-91413cf80685,H,H1,REL,1,R1,ORG,2
547eed59-c7b2-4ee6-93ee-91413cf80685,H,H1,REL,1,R1,USER,3
547eed59-c7b2-4ee6-93ee-91413cf80685,H,H1,REL,1,R2,CTRL,1
547eed59-c7b2-4ee6-93ee-91413cf80685,H,H1,REL,1,R2,ORG,3
547eed59-c7b2-4ee6-93ee-91413cf80685,H,H1,REL,1,R2,USER,2
547eed59-c7b2-4ee6-93ee-91413cf80685,H,H1,ADV,2,R1,CTRL,1
547eed59-c7b2-4ee6-93ee-91413cf80685,H,H1,ADV,2,R1,ORG,2
547eed59-c7b2-4ee6-93ee-91413cf80685,H,H1,ADV,2,R1,USER,3
547eed59-c7b2-4ee6-93ee-91413cf80685,H,H1,ADV,2,R2,CTRL,1
547eed59-c7b2-4ee6-93ee-91413cf80685,H,H1,ADV,2,R2,ORG,2
547eed59-c7b2-4ee6-93ee-91413cf80685,H,H1,ADV,2,R2,USER,3
547eed59-c7b2-4ee6-93ee-91413cf80685,H,H1,COL,3,R1,CTRL,1
547eed59-c7b2-4ee6-93ee-91413cf80685,H,H1,COL,3,R1,ORG,2
547eed59-c7b2-4ee6-93ee-91413cf80685,H,H1,COL,3,R1,USER,3
547eed59-c7b2-4ee6-93ee-91413cf80685,H,H1,COL,3,R2,CTRL,1
547eed59-c7b2-4ee6-93ee-91413cf80685,H,H1,COL,3,R2,ORG,2
547eed59-c7b2-4ee6-93ee-91413cf80685,H,H1,COL,3,R2,USER,3
e33fc421-386d-43e6-8a0e-13c0ba9f5831,A,A,COL,1,R1,AI,1
e33fc421-386d-43e6-8a0e-13c0ba9f5831,A,A,COL,1,R1,ORG,2
e33fc421-386d-43e6-8a0e-13c0ba9f5831,A,A,COL,1,R1,USER,3
e33fc421-386d-43e6-8a0e-13c0ba9f5831,A,A,COL,1,R2,AI,1
e33fc421-386d-43e6-8a0e-13c0ba9f5831,A,A,COL,1,R2,ORG,2
e33fc421-386d-43e6-8a0e-13c0ba9f5831,A,A,COL,1,R2,USER,3
e33fc421-386d-43e6-8a0e-13c0ba9f5831,A,A,ADV,2,R1,AI,2
e33fc421-386d-43e6-8a0e-13c0ba9f5831,A,A,ADV,2,R1,ORG,3
e33fc421-386d-43e6-8a0e-13c0ba9f5831,A,A,ADV,2,R1,USER,1
e33fc421-386d-43e6-8a0e-13c0ba9f5831,A,A,ADV,2,R2,AI,2
e33fc421-386d-43e6-8a0e-13c0ba9f5831,A,A,ADV,2,R2,ORG,3
e33fc421-386d-43e6-8a0e-13c0ba9f5831,A,A,ADV,2,R2,USER,1
e33fc421-386d-43e6-8a0e-13c0ba9f5831,A,A,REL,3,R1,AI,2
e33fc421-386d-43e6-8a0e-13c0ba9f5831,A,A,REL,3,R1,ORG,3
e33fc421-386d-43e6-8a0e-13c0ba9f5831,A,A,REL,3,R1,USER,1
e33fc421-386d-43e6-8a0e-13c0ba9f5831,A,A,REL,3,R2,AI,2
e33fc421-386d-43e6-8a0e-13c0ba9f5831,A,A,REL,3,R2,ORG,3
e33fc421-386d-43e6-8a0e-13c0ba9f5831,A,A,REL,3,R2,USER,1
391c9318-d919-4cdc-aac4-b7cf0b008943,H,H1,REL,1,R1,CTRL,1
391c9318-d919-4cdc-aac4-b7cf0b008943,H,H1,REL,1,R1,ORG,2
391c9318-d919-4cdc-aac4-b7cf0b008943,H,H1,REL,1,R1,USER,3
391c9318-d919-4cdc-aac4-b7cf0b008943,H,H1,REL,1,R2,CTRL,1
391c9318-d919-4cdc-aac4-b7cf0b008943,H,H1,REL,1,R2,ORG,3
391c9318-d919-4cdc-aac4-b7cf0b008943,H,H1,REL,1,R2,USER,2
391c9318-d919-4cdc-aac4-b7cf0b008943,H,H1,COL,2,R1,CTRL,1
391c9318-d919-4cdc-aac4-b7cf0b008943,H,H1,COL,2,R1,ORG,3
391c9318-d919-4cdc-aac4-b7cf0b008943,H,H1,COL,2,R1,USER,2
391c9318-d919-4cdc-aac4-b7cf0b008943,H,H1,COL,2,R2,CTRL,1
391c9318-d919-4cdc-aac4-b7cf0b008943,H,H1,COL,2,R2,ORG,3
391c9318-d919-4cdc-aac4-b7cf0b008943,H,H1,COL,2,R2,USER,2
391c9318-d919-4cdc-aac4-b7cf0b008943,H,H1,ADV,3,R1,CTRL,1
391c9318-d919-4cdc-aac4-b7cf0b008943,H,H1,ADV,3,R1,ORG,2
391c9318-d919-4cdc-aac4-b7cf0b008943,H,H1,ADV,3,R1,USER,3
391c9318-d919-4cdc-aac4-b7cf0b008943,H,H1,ADV,3,R2,CTRL,1
391c9318-d919-4cdc-aac4-b7cf0b008943,H,H1,ADV,3,R2,ORG,3
391c9318-d919-4cdc-aac4-b7cf0b008943,H,H1,ADV,3,R2,USER,2
1f51c926-298d-46f1-83be-ae33bbc8f9fa,H,H2,ADV,1,R1,CTRL,1
1f51c926-298d-46f1-83be-ae33bbc8f9fa,H,H2,ADV,1,R1,ORG,2
1f51c926-298d-46f1-83be-ae33bbc8f9fa,H,H2,ADV,1,R1,USER,3
1f51c926-298d-46f1-83be-ae33bbc8f9fa,H,H2,ADV,1,R2,CTRL,1
1f51c926-298d-46f1-83be-ae33bbc8f9fa,H,H2,ADV,1,R2,ORG,2
1f51c926-298d-46f1-83be-ae33bbc8f9fa,H,H2,ADV,1,R2,USER,3
1f51c926-298d-46f1-83be-ae33bbc8f9fa,H,H2,REL,2,R1,CTRL,1
1f51c926-298d-46f1-83be-ae33bbc8f9fa,H,H2,REL,2,R1,ORG,2
1f51c926-298d-46f1-83be-ae33bbc8f9fa,H,H2,REL,2,R1,USER,3
1f51c926-298d-46f1-83be-ae33bbc8f9fa,H,H2,REL,2,R2,CTRL,1
1f51c926-298d-46f1-83be-ae33bbc8f9fa,H,H2,REL,2,R2,ORG,2
1f51c926-298d-46f1-83be-ae33bbc8f9fa,H,H2,REL,2,R2,USER,3
1f51c926-298d-46f1-83be-ae33bbc8f9fa,H,H2,COL,3,R1,CTRL,1
1f51c926-298d-46f1-83be-ae33bbc8f9fa,H,H2,COL,3,R1,ORG,2
1f51c926-298d-46f1-83be-ae33bbc8f9fa,H,H2,COL,3,R1,USER,3
1f51c926-298d-46f1-83be-ae33bbc8f9fa,H,H2,COL,3,R2,CTRL,1
1f51c926-298d-46f1-83be-ae33bbc8f9fa,H,H2,COL,3,R2,ORG,2
1f51c926-298d-46f1-83be-ae33bbc8f9fa,H,H2,COL,3,R2,USER,3
a2d6d066-38c4-4a09-b230-37ffaf6c3871,HA,HA1,COL,1,R1,CTRL,1
a2d6d066-38c4-4a09-b230-37ffaf6c3871,HA,HA1,COL,1,R1,AI,3
a2d6d066-38c4-4a09-b230-37ffaf6c3871,HA,HA1,COL,1,R1,ORG,2
a2d6d066-38c4-4a09-b230-37ffaf6c3871,HA,HA1,COL,1,R1,USER,4
a2d6d066-38c4-4a09-b230-37ffaf6c3871,HA,HA1,COL,1,R2,CTRL,3
a2d6d066-38c4-4a09-b230-37ffaf6c3871,HA,HA1,COL,1,R2,AI,1
a2d6d066-38c4-4a09-b230-37ffaf6c3871,HA,HA1,COL,1,R2,ORG,2
a2d6d066-38c4-4a09-b230-37ffaf6c3871,HA,HA1,COL,1,R2,USER,4
a2d6d066-38c4-4a09-b230-37ffaf6c3871,HA,HA1,REL,2,R1,CTRL,1
a2d6d066-38c4-4a09-b230-37ffaf6c3871,HA,HA1,REL,2,R1,AI,2
a2d6d066-38c4-4a09-b230-37ffaf6c3871,HA,HA1,REL,2,R1,ORG,3
a2d6d066-38c4-4a09-b230-37ffaf6c3871,HA,HA1,REL,2,R1,USER,4
a2d6d066-38c4-4a09-b230-37ffaf6c3871,HA,HA1,REL,2,R2,CTRL,1
a2d6d066-38c4-4a09-b230-37ffaf6c3871,HA,HA1,REL,2,R2,AI,3
a2d6d066-38c4-4a09-b230-37ffaf6c3871,HA,HA1,REL,2,R2,ORG,4
a2d6d066-38c4-4a09-b230-37ffaf6c3871,HA,HA1,REL,2,R2,USER,2
a2d6d066-38c4-4a09-b230-37ffaf6c3871,HA,HA1,ADV,3,R1,CTRL,1
a2d6d066-38c4-4a09-b230-37ffaf6c3871,HA,HA1,ADV,3,R1,AI,2
a2d6d066-38c4-4a09-b230-37ffaf6c3871,HA,HA1,ADV,3,R1,ORG,4
a2d6d066-38c4-4a09-b230-37ffaf6c3871,HA,HA1,ADV,3,R1,USER,3
a2d6d066-38c4-4a09-b230-37ffaf6c3871,HA,HA1,ADV,3,R2,CTRL,1
a2d6d066-38c4-4a09-b230-37ffaf6c3871,HA,HA1,ADV,3,R2,AI,3
a2d6d066-38c4-4a09-b230-37ffaf6c3871,HA,HA1,ADV,3,R2,ORG,4
a2d6d066-38c4-4a09-b230-37ffaf6c3871,HA,HA1,ADV,3,R2,USER,2
45492265-b7ef-4f2e-b5b3-f99d4a5fcb94,HA,HA3,REL,1,R1,CTRL,1
45492265-b7ef-4f2e-b5b3-f99d4a5fcb94,HA,HA3,REL,1,R1,AI,2
45492265-b7ef-4f2e-b5b3-f99d4a5fcb94,HA,HA3,REL,1,R1,ORG,3
45492265-b7ef-4f2e-b5b3-f99d4a5fcb94,HA,HA3,REL,1,R1,USER,4
45492265-b7ef-4f2e-b5b3-f99d4a5fcb94,HA,HA3,REL,1,R2,CTRL,1
45492265-b7ef-4f2e-b5b3-f99d4a5fcb94,HA,HA3,REL,1,R2,AI,2
45492265-b7ef-4f2e-b5b3-f99d4a5fcb94,HA,HA3,REL,1,R2,ORG,3
45492265-b7ef-4f2e-b5b3-f99d4a5fcb94,HA,HA3,REL,1,R2,USER,4
45492265-b7ef-4f2e-b5b3-f99d4a5fcb94,HA,HA3,COL,2,R1,CTRL,1
45492265-b7ef-4f2e-b5b3-f99d4a5fcb94,HA,HA3,COL,2,R1,AI,2
45492265-b7ef-4f2e-b5b3-f99d4a5fcb94,HA,HA3,COL,2,R1,ORG,4
45492265-b7ef-4f2e-b5b3-f99d4a5fcb94,HA,HA3,COL,2,R1,USER,3
45492265-b7ef-4f2e-b5b3-f99d4a5fcb94,HA,HA3,COL,2,R2,CTRL,2
45492265-b7ef-4f2e-b5b3-f99d4a5fcb94,HA,HA3,COL,2,R2,AI,3
45492265-b7ef-4f2e-b5b3-f99d4a5fcb94,HA,HA3,COL,2,R2,ORG,4
45492265-b7ef-4f2e-b5b3-f99d4a5fcb94,HA,HA3,COL,2,R2,USER,1
45492265-b7ef-4f2e-b5b3-f99d4a5fcb94,HA,HA3,ADV,3,R1,CTRL,1
45492265-b7ef-4f2e-b5b3-f99d4a5fcb94,HA,HA3,ADV,3,R1,AI,2
45492265-b7ef-4f2e-b5b3-f99d4a5fcb94,HA,HA3,ADV,3,R1,ORG,3
45492265-b7ef-4f2e-b5b3-f99d4a5fcb94,HA,HA3,ADV,3,R1,USER,4
45492265-b7ef-4f2e-b5b3-f99d4a5fcb94,HA,HA3,ADV,3,R2,CTRL,1
45492265-b7ef-4f2e-b5b3-f99d4a5fcb94,HA,HA3,ADV,3,R2,AI,2
45492265-b7ef-4f2e-b5b3-f99d4a5fcb94,HA,HA3,ADV,3,R2,ORG,3
45492265-b7ef-4f2e-b5b3-f99d4a5fcb94,HA,HA3,ADV,3,R2,USER,4
a77583da-93d5-4f1d-83a1-e1332ed421d6,H,H3,COL,1,R1,CTRL,1
a77583da-93d5-4f1d-83a1-e1332ed421d6,H,H3,COL,1,R1,ORG,2
a77583da-93d5-4f1d-83a1-e1332ed421d6,H,H3,COL,1,R1,USER,3
a77583da-93d5-4f1d-83a1-e1332ed421d6,H,H3,COL,1,R2,CTRL,1
a77583da-93d5-4f1d-83a1-e1332ed421d6,H,H3,COL,1,R2,ORG,2
a77583da-93d5-4f1d-83a1-e1332ed421d6,H,H3,COL,1,R2,USER,3
a77583da-93d5-4f1d-83a1-e1332ed421d6,H,H3,ADV,2,R1,CTRL,1
a77583da-93d5-4f1d-83a1-e1332ed421d6,H,H3,ADV,2,R1,ORG,3
a77583da-93d5-4f1d-83a1-e1332ed421d6,H,H3,ADV,2,R1,USER,2
a77583da-93d5-4f1d-83a1-e1332ed421d6,H,H3,ADV,2,R2,CTRL,1
a77583da-93d5-4f1d-83a1-e1332ed421d6,H,H3,ADV,2,R2,ORG,3
a77583da-93d5-4f1d-83a1-e1332ed421d6,H,H3,ADV,2,R2,USER,2
a77583da-93d5-4f1d-83a1-e1332ed421d6,H,H3,REL,3,R1,CTRL,1
a77583da-93d5-4f1d-83a1-e1332ed421d6,H,H3,REL,3,R1,ORG,2
a77583da-93d5-4f1d-83a1-e1332ed421d6,H,H3,REL,3,R1,USER,3
a77583da-93d5-4f1d-83a1-e1332ed421d6,H,H3,REL,3,R2,CTRL,1
a77583da-93d5-4f1d-83a1-e1332ed421d6,H,H3,REL,3,R2,ORG,2
a77583da-93d5-4f1d-83a1-e1332ed421d6,H,H3,REL,3,R2,USER,3
44e53c51-7d61-422e-9e95-14935c509f1f,HA,HA2,ADV,1,R1,CTRL,3
44e53c51-7d61-422e-9e95-14935c509f1f,HA,HA2,ADV,1,R1,AI,2
44e53c51-7d61-422e-9e95-14935c509f1f,HA,HA2,ADV,1,R1,ORG,1
44e53c51-7d61-422e-9e95-14935c509f1f,HA,HA2,ADV,1,R1,USER,4
44e53c51-7d61-422e-9e95-14935c509f1f,HA,HA2,ADV,1,R2,CTRL,3
44e53c51-7d61-422e-9e95-14935c509f1f,HA,HA2,ADV,1,R2,AI,2
44e53c51-7d61-422e-9e95-14935c509f1f,HA,HA2,ADV,1,R2,ORG,1
44e53c51-7d61-422e-9e95-14935c509f1f,HA,HA2,ADV,1,R2,USER,4
44e53c51-7d61-422e-9e95-14935c509f1f,HA,HA2,REL,2,R1,CTRL,3
44e53c51-7d61-422e-9e95-14935c509f1f,HA,HA2,REL,2,R1,AI,2
44e53c51-7d61-422e-9e95-14935c509f1f,HA,HA2,REL,2,R1,ORG,1
44e53c51-7d61-422e-9e95-14935c509f1f,HA,HA2,REL,2,R1,USER,4
44e53c51-7d61-422e-9e95-14935c509f1f,HA,HA2,REL,2,R2,CTRL,3
44e53c51-7d61-422e-9e95-14935c509f1f,HA,HA2,REL,2,R2,AI,2
44e53c51-7d61-422e-9e95-14935c509f1f,HA,HA2,REL,2,R2,ORG,1
44e53c51-7d61-422e-9e95-14935c509f1f,HA,HA2,REL,2,R2,USER,4
44e53c51-7d61-422e-9e95-14935c509f1f,HA,HA2,COL,3,R1,CTRL,3
44e53c51-7d61-422e-9e95-14935c509f1f,HA,HA2,COL,3,R1,AI,2
44e53c51-7d61-422e-9e95-14935c509f1f,HA,HA2,COL,3,R1,ORG,1
44e53c51-7d61-422e-9e95-14935c509f1f,HA,HA2,COL,3,R1,USER,4
44e53c51-7d61-422e-9e95-14935c509f1f,HA,HA2,COL,3,R2,CTRL,3
44e53c51-7d61-422e-9e95-14935c509f1f,HA,HA2,COL,3,R2,AI,2
44e53c51-7d61-422e-9e95-14935c509f1f,HA,HA2,COL,3,R2,ORG,1
44e53c51-7d61-422e-9e95-14935c509f1f,HA,HA2,COL,3,R2,USER,4
c97c900c-3c3e-42d4-ac2c-b7ce9787a47e,A,A,ADV,1,R1,AI,2
c97c900c-3c3e-42d4-ac2c-b7ce9787a47e,A,A,ADV,1,R1,ORG,3
c97c900c-3c3e-42d4-ac2c-b7ce9787a47e,A,A,ADV,1,R1,USER,1
c97c900c-3c3e-42d4-ac2c-b7ce9787a47e,A,A,ADV,1,R2,AI,2
c97c900c-3c3e-42d4-ac2c-b7ce9787a47e,A,A,ADV,1,R2,ORG,3
c97c900c-3c3e-42d4-ac2c-b7ce9787a47e,A,A,ADV,1,R2,USER,1
c97c900c-3c3e-42d4-ac2c-b7ce9787a47e,A,A,REL,2,R1,AI,1
c97c900c-3c3e-42d4-ac2c-b7ce9787a47e,A,A,REL,2,R1,ORG,2
c97c900c-3c3e-42d4-ac2c-b7ce9787a47e,A,A,REL,2,R1,USER,3
c97c900c-3c3e-42d4-ac2c-b7ce9787a47e,A,A,REL,2,R2,AI,1
c97c900c-3c3e-42d4-ac2c-b7ce9787a47e,A,A,REL,2,R2,ORG,2
c97c900c-3c3e-42d4-ac2c-b7ce9787a47e,A,A,REL,2,R2,USER,3
c97c900c-3c3e-42d4-ac2c-b7ce9787a47e,A,A,COL,3,R1,AI,1
c97c900c-3c3e-42d4-ac2c-b7ce9787a47e,A,A,COL,3,R1,ORG,2
c97c900c-3c3e-42d4-ac2c-b7ce9787a47e,A,A,COL,3,R1,USER,3
c97c900c-3c3e-42d4-ac2c-b7ce9787a47e,A,A,COL,3,R2,AI,1
c97c900c-3c3e-42d4-ac2c-b7ce9787a47e,A,A,COL,3,R2,ORG,2
c97c900c-3c3e-42d4-ac2c-b7ce9787a47e,A,A,COL,3,R2,USER,3
22a13fed-3b42-4b77-8deb-85e6849606f3,H,H3,ADV,1,R1,CTRL,1
22a13fed-3b42-4b77-8deb-85e6849606f3,H,H3,ADV,1,R1,ORG,3
22a13fed-3b42-4b77-8deb-85e6849606f3,H,H3,ADV,1,R1,USER,2
22a13fed-3b42-4b77-8deb-85e6849606f3,H,H3,ADV,1,R2,CTRL,1
22a13fed-3b42-4b77-8deb-85e6849606f3,H,H3,ADV,1,R2,ORG,3
22a13fed-3b42-4b77-8deb-85e6849606f3,H,H3,ADV,1,R2,USER,2
22a13fed-3b42-4b77-8deb-85e6849606f3,H,H3,COL,2,R1,CTRL,1
22a13fed-3b42-4b77-8deb-85e6849606f3,H,H3,COL,2,R1,ORG,3
22a13fed-3b42-4b77-8deb-85e6849606f3,H,H3,COL,2,R1,USER,2
22a13fed-3b42-4b77-8deb-85e6849606f3,H,H3,COL,2,R2,CTRL,1
22a13fed-3b42-4b77-8deb-85e6849606f3,H,H3,COL,2,R2,ORG,3
22a13fed-3b42-4b77-8deb-85e6849606f3,H,H3,COL,2,R2,USER,2
22a13fed-3b42-4b77-8deb-85e6849606f3,H,H3,REL,3,R1,CTRL,1
22a13fed-3b42-4b77-8deb-85e6849606f3,H,H3,REL,3,R1,ORG,3
22a13fed-3b42-4b77-8deb-85e6849606f3,H,H3,REL,3,R1,USER,2
22a13fed-3b42-4b77-8deb-85e6849606f3,H,H3,REL,3,R2,CTRL,1
22a13fed-3b42-4b77-8deb-85e6849606f3,H,H3,REL,3,R2,ORG,3
22a13fed-3b42-4b77-8deb-85e6849606f3,H,H3,REL,3,R2,USER,2
fa7edf4f-77ce-4e31-8dba-024cc5b01c8b,H,H3,ADV,1,R1,CTRL,2
fa7edf4f-77ce-4e31-8dba-024cc5b01c8b,H,H3,ADV,1,R1,ORG,3
fa7edf4f-77ce-4e31-8dba-024cc5b01c8b,H,H3,ADV,1,R1,USER,1
fa7edf4f-77ce-4e31-8dba-024cc5b01c8b,H,H3,ADV,1,R2,CTRL,2
fa7edf4f-77ce-4e31-8dba-024cc5b01c8b,H,H3,ADV,1,R2,ORG,3
fa7edf4f-77ce-4e31-8dba-024cc5b01c8b,H,H3,ADV,1,R2,USER,1
fa7edf4f-77ce-4e31-8dba-024cc5b01c8b,H,H3,REL,2,R1,CTRL,1
fa7edf4f-77ce-4e31-8dba-024cc5b01c8b,H,H3,REL,2,R1,ORG,2
fa7edf4f-77ce-4e31-8dba-024cc5b01c8b,H,H3,REL,2,R1,USER,3
fa7edf4f-77ce-4e31-8dba-024cc5b01c8b,H,H3,REL,2,R2,CTRL,1
fa7edf4f-77ce-4e31-8dba-024cc5b01c8b,H,H3,REL,2,R2,ORG,3
fa7edf4f-77ce-4e31-8dba-024cc5b01c8b,H,H3,REL,2,R2,USER,2
fa7edf4f-77ce-4e31-8dba-024cc5b01c8b,H,H3,COL,3,R1,CTRL,1
fa7edf4f-77ce-4e31-8dba-024cc5b01c8b,H,H3,COL,3,R1,ORG,2
fa7edf4f-77ce-4e31-8dba-024cc5b01c8b,H,H3,COL,3,R1,USER,3
fa7edf4f-77ce-4e31-8dba-024cc5b01c8b,H,H3,COL,3,R2,CTRL,1
fa7edf4f-77ce-4e31-8dba-024cc5b01c8b,H,H3,COL,3,R2,ORG,3
fa7edf4f-77ce-4e31-8dba-024cc5b01c8b,H,H3,COL,3,R2,USER,2
6a09af2e-ad74-45bc-b687-dd81a4d7f086,HA,HA1,COL,1,R1,CTRL,2
6a09af2e-ad74-45bc-b687-dd81a4d7f086,HA,HA1,COL,1,R1,AI,1
6a09af2e-ad74-45bc-b687-dd81a4d7f086,HA,HA1,COL,1,R1,ORG,3
6a09af2e-ad74-45bc-b687-dd81a4d7f086,HA,HA1,COL,1,R1,USER,4
6a09af2e-ad74-45bc-b687-dd81a4d7f086,HA,HA1,COL,1,R2,CTRL,1
6a09af2e-ad74-45bc-b687-dd81a4d7f086,HA,HA1,COL,1,R2,AI,2
6a09af2e-ad74-45bc-b687-dd81a4d7f086,HA,HA1,COL,1,R2,ORG,3
6a09af2e-ad74-45bc-b687-dd81a4d7f086,HA,HA1,COL,1,R2,USER,4
6a09af2e-ad74-45bc-b687-dd81a4d7f086,HA,HA1,ADV,2,R1,CTRL,1
6a09af2e-ad74-45bc-b687-dd81a4d7f086,HA,HA1,ADV,2,R1,AI,2
6a09af2e-ad74-45bc-b687-dd81a4d7f086,HA,HA1,ADV,2,R1,ORG,3
6a09af2e-ad74-45bc-b687-dd81a4d7f086,HA,HA1,ADV,2,R1,USER,4
6a09af2e-ad74-45bc-b687-dd81a4d7f086,HA,HA1,ADV,2,R2,CTRL,2
6a09af2e-ad74-45bc-b687-dd81a4d7f086,HA,HA1,ADV,2,R2,AI,1
6a09af2e-ad74-45bc-b687-dd81a4d7f086,HA,HA1,ADV,2,R2,ORG,3
6a09af2e-ad74-45bc-b687-dd81a4d7f086,HA,HA1,ADV,2,R2,USER,4
6a09af2e-ad74-45bc-b687-dd81a4d7f086,HA,HA1,REL,3,R1,CTRL,1
6a09af2e-ad74-45bc-b687-dd81a4d7f086,HA,HA1,REL,3,R1,AI,2
6a09af2e-ad74-45bc-b687-dd81a4d7f086,HA,HA1,REL,3,R1,ORG,3
6a09af2e-ad74-45bc-b687-dd81a4d7f086,HA,HA1,REL,3,R1,USER,4
6a09af2e-ad74-45bc-b687-dd81a4d7f086,HA,HA1,REL,3,R2,CTRL,1
6a09af2e-ad74-45bc-b687-dd81a4d7f086,HA,HA1,REL,3,R2,AI,2
6a09af2e-ad74-45bc-b687-dd81a4d7f086,HA,HA1,REL,3,R2,ORG,3
6a09af2e-ad74-45bc-b687-dd81a4d7f086,HA,HA1,REL,3,R2,USER,4
5bea2696-3ca7-4fd0-aa18-fab91c411280,HA,HA3,REL,1,R1,CTRL,3
5bea2696-3ca7-4fd0-aa18-fab91c411280,HA,HA3,REL,1,R1,AI,1
5bea2696-3ca7-4fd0-aa18-fab91c411280,HA,HA3,REL,1,R1,ORG,2
5bea2696-3ca7-4fd0-aa18-fab91c411280,HA,HA3,REL,1,R1,USER,4
5bea2696-3ca7-4fd0-aa18-fab91c411280,HA,HA3,REL,1,R2,CTRL,1
5bea2696-3ca7-4fd0-aa18-fab91c411280,HA,HA3,REL,1,R2,AI,2
5bea2696-3ca7-4fd0-aa18-fab91c411280,HA,HA3,REL,1,R2,ORG,3
5bea2696-3ca7-4fd0-aa18-fab91c411280,HA,HA3,REL,1,R2,USER,4
5bea2696-3ca7-4fd0-aa18-fab91c411280,HA,HA3,ADV,2,R1,CTRL,1
5bea2696-3ca7-4fd0-aa18-fab91c411280,HA,HA3,ADV,2,R1,AI,2
5bea2696-3ca7-4fd0-aa18-fab91c411280,HA,HA3,ADV,2,R1,ORG,3
5bea2696-3ca7-4fd0-aa18-fab91c411280,HA,HA3,ADV,2,R1,USER,4
5bea2696-3ca7-4fd0-aa18-fab91c411280,HA,HA3,ADV,2,R2,CTRL,1
5bea2696-3ca7-4fd0-aa18-fab91c411280,HA,HA3,ADV,2,R2,AI,2
5bea2696-3ca7-4fd0-aa18-fab91c411280,HA,HA3,ADV,2,R2,ORG,3
5bea2696-3ca7-4fd0-aa18-fab91c411280,HA,HA3,ADV,2,R2,USER,4
5bea2696-3ca7-4fd0-aa18-fab91c411280,HA,HA3,COL,3,R1,CTRL,3
5bea2696-3ca7-4fd0-aa18-fab91c411280,HA,HA3,COL,3,R1,AI,2
5bea2696-3ca7-4fd0-aa18-fab91c411280,HA,HA3,COL,3,R1,ORG,1
5bea2696-3ca7-4fd0-aa18-fab91c411280,HA,HA3,COL,3,R1,USER,4
5bea2696-3ca7-4fd0-aa18-fab91c411280,HA,HA3,COL,3,R2,CTRL,3
5bea2696-3ca7-4fd0-aa18-fab91c411280,HA,HA3,COL,3,R2,AI,2
5bea2696-3ca7-4fd0-aa18-fab91c411280,HA,HA3,COL,3,R2,ORG,1
5bea2696-3ca7-4fd0-aa18-fab91c411280,HA,HA3,COL,3,R2,USER,4
4c2e629d-321a-4bed-9227-5560ccb2f2be,HA,HA1,REL,1,R1,CTRL,1
4c2e629d-321a-4bed-9227-5560ccb2f2be,HA,HA1,REL,1,R1,AI,2
4c2e629d-321a-4bed-9227-5560ccb2f2be,HA,HA1,REL,1,R1,ORG,3
4c2e629d-321a-4bed-9227-5560ccb2f2be,HA,HA1,REL,1,R1,USER,4
4c2e629d-321a-4bed-9227-5560ccb2f2be,HA,HA1,REL,1,R2,CTRL,1
4c2e629d-321a-4bed-9227-5560ccb2f2be,HA,HA1,REL,1,R2,AI,3
4c2e629d-321a-4bed-9227-5560ccb2f2be,HA,HA1,REL,1,R2,ORG,2
4c2e629d-321a-4bed-9227-5560ccb2f2be,HA,HA1,REL,1,R2,USER,4
4c2e629d-321a-4bed-9227-5560ccb2f2be,HA,HA1,COL,2,R1,CTRL,1
4c2e629d-321a-4bed-9227-5560ccb2f2be,HA,HA1,COL,2,R1,AI,4
4c2e629d-321a-4bed-9227-5560ccb2f2be,HA,HA1,COL,2,R1,ORG,2
4c2e629d-321a-4bed-9227-5560ccb2f2be,HA,HA1,COL,2,R1,USER,3
4c2e629d-321a-4bed-9227-5560ccb2f2be,HA,HA1,COL,2,R2,CTRL,1
4c2e629d-321a-4bed-9227-5560ccb2f2be,HA,HA1,COL,2,R2,AI,3
4c2e629d-321a-4bed-9227-5560ccb2f2be,HA,HA1,COL,2,R2,ORG,2
4c2e629d-321a-4bed-9227-5560ccb2f2be,HA,HA1,COL,2,R2,USER,4
4c2e629d-321a-4bed-9227-5560ccb2f2be,HA,HA1,ADV,3,R1,CTRL,4
4c2e629d-321a-4bed-9227-5560ccb2f2be,HA,HA1,ADV,3,R1,AI,1
4c2e629d-321a-4bed-9227-5560ccb2f2be,HA,HA1,ADV,3,R1,ORG,2
4c2e629d-321a-4bed-9227-5560ccb2f2be,HA,HA1,ADV,3,R1,USER,3
4c2e629d-321a-4bed-9227-5560ccb2f2be,HA,HA1,ADV,3,R2,CTRL,4
4c2e629d-321a-4bed-9227-5560ccb2f2be,HA,HA1,ADV,3,R2,AI,1
4c2e629d-321a-4bed-9227-5560ccb2f2be,HA,HA1,ADV,3,R2,ORG,2
4c2e629d-321a-4bed-9227-5560ccb2f2be,HA,HA1,ADV,3,R2,USER,3
fd1d8a26-0603-4cce-95de-98f3c3655059,HA,HA1,ADV,1,R1,CTRL,2
fd1d8a26-0603-4cce-95de-98f3c3655059,HA,HA1,ADV,1,R1,AI,4
fd1d8a26-0603-4cce-95de-98f3c3655059,HA,HA1,ADV,1,R1,ORG,3
fd1d8a26-0603-4cce-95de-98f3c3655059,HA,HA1,ADV,1,R1,USER,1
fd1d8a26-0603-4cce-95de-98f3c3655059,HA,HA1,ADV,1,R2,CTRL,2
fd1d8a26-0603-4cce-95de-98f3c3655059,HA,HA1,ADV,1,R2,AI,4
fd1d8a26-0603-4cce-95de-98f3c3655059,HA,HA1,ADV,1,R2,ORG,3
fd1d8a26-0603-4cce-95de-98f3c3655059,HA,HA1,ADV,1,R2,USER,1
fd1d8a26-0603-4cce-95de-98f3c3655059,HA,HA1,REL,2,R1,CTRL,4
fd1d8a26-0603-4cce-95de-98f3c3655059,HA,HA1,REL,2,R1,AI,2
fd1d8a26-0603-4cce-95de-98f3c3655059,HA,HA1,REL,2,R1,ORG,3
fd1d8a26-0603-4cce-95de-98f3c3655059,HA,HA1,REL,2,R1,USER,1
fd1d8a26-0603-4cce-95de-98f3c3655059,HA,HA1,REL,2,R2,CTRL,4
fd1d8a26-0603-4cce-95de-98f3c3655059,HA,HA1,REL,2,R2,AI,2
fd1d8a26-0603-4cce-95de-98f3c3655059,HA,HA1,REL,2,R2,ORG,3
fd1d8a26-0603-4cce-95de-98f3c3655059,HA,HA1,REL,2,R2,USER,1
fd1d8a26-0603-4cce-95de-98f3c3655059,HA,HA1,COL,3,R1,CTRL,3
fd1d8a26-0603-4cce-95de-98f3c3655059,HA,HA1,COL,3,R1,AI,2
fd1d8a26-0603-4cce-95de-98f3c3655059,HA,HA1,COL,3,R1,ORG,1
fd1d8a26-0603-4cce-95de-98f3c3655059,HA,HA1,COL,3,R1,USER,4
fd1d8a26-0603-4cce-95de-98f3c3655059,HA,HA1,COL,3,R2,CTRL,3
fd1d8a26-0603-4cce-95de-98f3c3655059,HA,HA1,COL,3,R2,AI,2
fd1d8a26-0603-4cce-95de-98f3c3655059,HA,HA1,COL,3,R2,ORG,1
fd1d8a26-0603-4cce-95de-98f3c3655059,HA,HA1,COL,3,R2,USER,4
d9ecb94b-6295-431c-af9c-ec59f165c475,HA,HA1,REL,1,R1,CTRL,1
d9ecb94b-6295-431c-af9c-ec59f165c475,HA,HA1,REL,1,R1,AI,2
d9ecb94b-6295-431c-af9c-ec59f165c475,HA,HA1,REL,1,R1,ORG,3
d9ecb94b-6295-431c-af9c-ec59f165c475,HA,HA1,REL,1,R1,USER,4
d9ecb94b-6295-431c-af9c-ec59f165c475,HA,HA1,REL,1,R2,CTRL,2
d9ecb94b-6295-431c-af9c-ec59f165c475,HA,HA1,REL,1,R2,AI,1
d9ecb94b-6295-431c-af9c-ec59f165c475,HA,HA1,REL,1,R2,ORG,3
d9ecb94b-6295-431c-af9c-ec59f165c475,HA,HA1,REL,1,R2,USER,4
d9ecb94b-6295-431c-af9c-ec59f165c475,HA,HA1,ADV,2,R1,CTRL,1
d9ecb94b-6295-431c-af9c-ec59f165c475,HA,HA1,ADV,2,R1,AI,2
d9ecb94b-6295-431c-af9c-ec59f165c475,HA,HA1,ADV,2,R1,ORG,3
d9ecb94b-6295-431c-af9c-ec59f165c475,HA,HA1,ADV,2,R1,USER,4
d9ecb94b-6295-431c-af9c-ec59f165c475,HA,HA1,ADV,2,R2,CTRL,2
d9ecb94b-6295-431c-af9c-ec59f165c475,HA,HA1,ADV,2,R2,AI,1
d9ecb94b-6295-431c-af9c-ec59f165c475,HA,HA1,ADV,2,R2,ORG,3
d9ecb94b-6295-431c-af9c-ec59f165c475,HA,HA1,ADV,2,R2,USER,4
d9ecb94b-6295-431c-af9c-ec59f165c475,HA,HA1,COL,3,R1,CTRL,1
d9ecb94b-6295-431c-af9c-ec59f165c475,HA,HA1,COL,3,R1,AI,2
d9ecb94b-6295-431c-af9c-ec59f165c475,HA,HA1,COL,3,R1,ORG,3
d9ecb94b-6295-431c-af9c-ec59f165c475,HA,HA1,COL,3,R1,USER,4
d9ecb94b-6295-431c-af9c-ec59f165c475,HA,HA1,COL,3,R2,CTRL,1
d9ecb94b-6295-431c-af9c-ec59f165c475,HA,HA1,COL,3,R2,AI,2
d9ecb94b-6295-431c-af9c-ec59f165c475,HA,HA1,COL,3,R2,ORG,3
d9ecb94b-6295-431c-af9c-ec59f165c475,HA,HA1,COL,3,R2,USER,4
58bcc6ed-3446-4d51-b2b5-e73f984cbee6,HA,HA2,REL,1,R1,CTRL,1
58bcc6ed-3446-4d51-b2b5-e73f984cbee6,HA,HA2,REL,1,R1,AI,4
58bcc6ed-3446-4d51-b2b5-e73f984cbee6,HA,HA2,REL,1,R1,ORG,2
58bcc6ed-3446-4d51-b2b5-e73f984cbee6,HA,HA2,REL,1,R1,USER,3
58bcc6ed-3446-4d51-b2b5-e73f984cbee6,HA,HA2,REL,1,R2,CTRL,1
58bcc6ed-3446-4d51-b2b5-e73f984cbee6,HA,HA2,REL,1,R2,AI,4
58bcc6ed-3446-4d51-b2b5-e73f984cbee6,HA,HA2,REL,1,R2,ORG,2
58bcc6ed-3446-4d51-b2b5-e73f984cbee6,HA,HA2,REL,1,R2,USER,3
58bcc6ed-3446-4d51-b2b5-e73f984cbee6,HA,HA2,COL,2,R1,CTRL,1
58bcc6ed-3446-4d51-b2b5-e73f984cbee6,HA,HA2,COL,2,R1,AI,4
58bcc6ed-3446-4d51-b2b5-e73f984cbee6,HA,HA2,COL,2,R1,ORG,3
58bcc6ed-3446-4d51-b2b5-e73f984cbee6,HA,HA2,COL,2,R1,USER,2
58bcc6ed-3446-4d51-b2b5-e73f984cbee6,HA,HA2,COL,2,R2,CTRL,2
58bcc6ed-3446-4d51-b2b5-e73f984cbee6,HA,HA2,COL,2,R2,AI,4
58bcc6ed-3446-4d51-b2b5-e73f984cbee6,HA,HA2,COL,2,R2,ORG,3
58bcc6ed-3446-4d51-b2b5-e73f984cbee6,HA,HA2,COL,2,R2,USER,1
58bcc6ed-3446-4d51-b2b5-e73f984cbee6,HA,HA2,ADV,3,R1,CTRL,1
58bcc6ed-3446-4d51-b2b5-e73f984cbee6,HA,HA2,ADV,3,R1,AI,4
58bcc6ed-3446-4d51-b2b5-e73f984cbee6,HA,HA2,ADV,3,R1,ORG,2
58bcc6ed-3446-4d51-b2b5-e73f984cbee6,HA,HA2,ADV,3,R1,USER,3
58bcc6ed-3446-4d51-b2b5-e73f984cbee6,HA,HA2,ADV,3,R2,CTRL,1
58bcc6ed-3446-4d51-b2b5-e73f984cbee6,HA,HA2,ADV,3,R2,AI,4
58bcc6ed-3446-4d51-b2b5-e73f984cbee6,HA,HA2,ADV,3,R2,ORG,2
58bcc6ed-3446-4d51-b2b5-e73f984cbee6,HA,HA2,ADV,3,R2,USER,3
3236d2ba-b7c9-42ad-b78a-8c742d78b19e,A,A,REL,1,R1,AI,1
3236d2ba-b7c9-42ad-b78a-8c742d78b19e,A,A,REL,1,R1,ORG,2
3236d2ba-b7c9-42ad-b78a-8c742d78b19e,A,A,REL,1,R1,USER,3
3236d2ba-b7c9-42ad-b78a-8c742d78b19e,A,A,REL,1,R2,AI,1
3236d2ba-b7c9-42ad-b78a-8c742d78b19e,A,A,REL,1,R2,ORG,2
3236d2ba-b7c9-42ad-b78a-8c742d78b19e,A,A,REL,1,R2,USER,3
3236d2ba-b7c9-42ad-b78a-8c742d78b19e,A,A,ADV,2,R1,AI,1
3236d2ba-b7c9-42ad-b78a-8c742d78b19e,A,A,ADV,2,R1,ORG,2
3236d2ba-b7c9-42ad-b78a-8c742d78b19e,A,A,ADV,2,R1,USER,3
3236d2ba-b7c9-42ad-b78a-8c742d78b19e,A,A,ADV,2,R2,AI,1
3236d2ba-b7c9-42ad-b78a-8c742d78b19e,A,A,ADV,2,R2,ORG,2
3236d2ba-b7c9-42ad-b78a-8c742d78b19e,A,A,ADV,2,R2,USER,3
3236d2ba-b7c9-42ad-b78a-8c742d78b19e,A,A,COL,3,R1,AI,2
3236d2ba-b7c9-42ad-b78a-8c742d78b19e,A,A,COL,3,R1,ORG,1
3236d2ba-b7c9-42ad-b78a-8c742d78b19e,A,A,COL,3,R1,USER,3
3236d2ba-b7c9-42ad-b78a-8c742d78b19e,A,A,COL,3,R2,AI,1
3236d2ba-b7c9-42ad-b78a-8c742d78b19e,A,A,COL,3,R2,ORG,2
3236d2ba-b7c9-42ad-b78a-8c742d78b19e,A,A,COL,3,R2,USER,3
5485c7d2-f933-4fe1-a44b-33f161d1a741,H,H3,REL,1,R1,CTRL,2
5485c7d2-f933-4fe1-a44b-33f161d1a741,H,H3,REL,1,R1,ORG,1
5485c7d2-f933-4fe1-a44b-33f161d1a741,H,H3,REL,1,R1,USER,3
5485c7d2-f933-4fe1-a44b-33f161d1a741,H,H3,REL,1,R2,CTRL,1
5485c7d2-f933-4fe1-a44b-33f161d1a741,H,H3,REL,1,R2,ORG,2
5485c7d2-f933-4fe1-a44b-33f161d1a741,H,H3,REL,1,R2,USER,3
5485c7d2-f933-4fe1-a44b-33f161d1a741,H,H3,COL,2,R1,CTRL,2
5485c7d2-f933-4fe1-a44b-33f161d1a741,H,H3,COL,2,R1,ORG,1
5485c7d2-f933-4fe1-a44b-33f161d1a741,H,H3,COL,2,R1,USER,3
5485c7d2-f933-4fe1-a44b-33f161d1a741,H,H3,COL,2,R2,CTRL,1
5485c7d2-f933-4fe1-a44b-33f161d1a741,H,H3,COL,2,R2,ORG,2
5485c7d2-f933-4fe1-a44b-33f161d1a741,H,H3,COL,2,R2,USER,3
5485c7d2-f933-4fe1-a44b-33f161d1a741,H,H3,ADV,3,R1,CTRL,1
5485c7d2-f933-4fe1-a44b-33f161d1a741,H,H3,ADV,3,R1,ORG,2
5485c7d2-f933-4fe1-a44b-33f161d1a741,H,H3,ADV,3,R1,USER,3
5485c7d2-f933-4fe1-a44b-33f161d1a741,H,H3,ADV,3,R2,CTRL,1
5485c7d2-f933-4fe1-a44b-33f161d1a741,H,H3,ADV,3,R2,ORG,2
5485c7d2-f933-4fe1-a44b-33f161d1a741,H,H3,ADV,3,R2,USER,3
9cfddda0-5c97-43d1-9a08-02a34444d69e,A,A,REL,1,R1,AI,1
9cfddda0-5c97-43d1-9a08-02a34444d69e,A,A,REL,1,R1,ORG,2
9cfddda0-5c97-43d1-9a08-02a34444d69e,A,A,REL,1,R1,USER,3
9cfddda0-5c97-43d1-9a08-02a34444d69e,A,A,REL,1,R2,AI,1
9cfddda0-5c97-43d1-9a08-02a34444d69e,A,A,REL,1,R2,ORG,2
9cfddda0-5c97-43d1-9a08-02a34444d69e,A,A,REL,1,R2,USER,3
9cfddda0-5c97-43d1-9a08-02a34444d69e,A,A,COL,2,R1,AI,1
9cfddda0-5c97-43d1-9a08-02a34444d69e,A,A,COL,2,R1,ORG,2
9cfddda0-5c97-43d1-9a08-02a34444d69e,A,A,COL,2,R1,USER,3
9cfddda0-5c97-43d1-9a08-02a34444d69e,A,A,COL,2,R2,AI,1
9cfddda0-5c97-43d1-9a08-02a34444d69e,A,A,COL,2,R2,ORG,2
9cfddda0-5c97-43d1-9a08-02a34444d69e,A,A,COL,2,R2,USER,3
9cfddda0-5c97-43d1-9a08-02a34444d69e,A,A,ADV,3,R1,AI,1
9cfddda0-5c97-43d1-9a08-02a34444d69e,A,A,ADV,3,R1,ORG,2
9cfddda0-5c97-43d1-9a08-02a34444d69e,A,A,ADV,3,R1,USER,3
9cfddda0-5c97-43d1-9a08-02a34444d69e,A,A,ADV,3,R2,AI,1
9cfddda0-5c97-43d1-9a08-02a34444d69e,A,A,ADV,3,R2,ORG,2
9cfddda0-5c97-43d1-9a08-02a34444d69e,A,A,ADV,3,R2,USER,3
0c21ec27-66b8-4999-aa57-0a6389dab9e0,H,H2,ADV,1,R1,CTRL,1
0c21ec27-66b8-4999-aa57-0a6389dab9e0,H,H2,ADV,1,R1,ORG,2
0c21ec27-66b8-4999-aa57-0a6389dab9e0,H,H2,ADV,1,R1,USER,3
0c21ec27-66b8-4999-aa57-0a6389dab9e0,H,H2,ADV,1,R2,CTRL,2
0c21ec27-66b8-4999-aa57-0a6389dab9e0,H,H2,ADV,1,R2,ORG,1
0c21ec27-66b8-4999-aa57-0a6389dab9e0,H,H2,ADV,1,R2,USER,3
0c21ec27-66b8-4999-aa57-0a6389dab9e0,H,H2,COL,2,R1,CTRL,1
0c21ec27-66b8-4999-aa57-0a6389dab9e0,H,H2,COL,2,R1,ORG,2
0c21ec27-66b8-4999-aa57-0a6389dab9e0,H,H2,COL,2,R1,USER,3
0c21ec27-66b8-4999-aa57-0a6389dab9e0,H,H2,COL,2,R2,CTRL,1
0c21ec27-66b8-4999-aa57-0a6389dab9e0,H,H2,COL,2,R2,ORG,2
0c21ec27-66b8-4999-aa57-0a6389dab9e0,H,H2,COL,2,R2,USER,3
0c21ec27-66b8-4999-aa57-0a6389dab9e0,H,H2,REL,3,R1,CTRL,1
0c21ec27-66b8-4999-aa57-0a6389dab9e0,H,H2,REL,3,R1,ORG,2
0c21ec27-66b8-4999-aa57-0a6389dab9e0,H,H2,REL,3,R1,USER,3
0c21ec27-66b8-4999-aa57-0a6389dab9e0,H,H2,REL,3,R2,CTRL,1
0c21ec27-66b8-4999-aa57-0a6389dab9e0,H,H2,REL,3,R2,ORG,2
0c21ec27-66b8-4999-aa57-0a6389dab9e0,H,H2,REL,3,R2,USER,3
3b3a266c-db3b-4822-ab8f-658a91233f71,H,H1,COL,1,R1,CTRL,1
3b3a266c-db3b-4822-ab8f-658a91233f71,H,H1,COL,1,R1,ORG,3
3b3a266c-db3b-4822-ab8f-658a91233f71,H,H1,COL,1,R1,USER,2
3b3a266c-db3b-4822-ab8f-658a91233f71,H,H1,COL,1,R2,CTRL,2
3b3a266c-db3b-4822-ab8f-658a91233f71,H,H1,COL,1,R2,ORG,3
3b3a266c-db3b-4822-ab8f-658a91233f71,H,H1,COL,1,R2,USER,1
3b3a266c-db3b-4822-ab8f-658a91233f71,H,H1,REL,2,R1,CTRL,2
3b3a266c-db3b-4822-ab8f-658a91233f71,H,H1,REL,2,R1,ORG,3
3b3a266c-db3b-4822-ab8f-658a91233f71,H,H1,REL,2,R1,USER,1
3b3a266c-db3b-4822-ab8f-658a91233f71,H,H1,REL,2,R2,CTRL,2
3b3a266c-db3b-4822-ab8f-658a91233f71,H,H1,REL,2,R2,ORG,3
3b3a266c-db3b-4822-ab8f-658a91233f71,H,H1,REL,2,R2,USER,1
3b3a266c-db3b-4822-ab8f-658a91233f71,H,H1,ADV,3,R1,CTRL,1
3b3a266c-db3b-4822-ab8f-658a91233f71,H,H1,ADV,3,R1,ORG,3
3b3a266c-db3b-4822-ab8f-658a91233f71,H,H1,ADV,3,R1,USER,2
3b3a266c-db3b-4822-ab8f-658a91233f71,H,H1,ADV,3,R2,CTRL,1
3b3a266c-db3b-4822-ab8f-658a91233f71,H,H1,ADV,3,R2,ORG,3
3b3a266c-db3b-4822-ab8f-658a91233f71,H,H1,ADV,3,R2,USER,2
4d1ba853-9576-477c-9ccc-3d4dc23b3567,H,H1,ADV,1,R1,CTRL,1
4d1ba853-9576-477c-9ccc-3d4dc23b3567,H,H1,ADV,1,R1,ORG,2
4d1ba853-9576-477c-9ccc-3d4dc23b3567,H,H1,ADV,1,R1,USER,3
4d1ba853-9576-477c-9ccc-3d4dc23b3567,H,H1,ADV,1,R2,CTRL,1
4d1ba853-9576-477c-9ccc-3d4dc23b3567,H,H1,ADV,1,R2,ORG,2
4d1ba853-9576-477c-9ccc-3d4dc23b3567,H,H1,ADV,1,R2,USER,3
4d1ba853-9576-477c-9ccc-3d4dc23b3567,H,H1,COL,2,R1,CTRL,1
4d1ba853-9576-477c-9ccc-3d4dc23b3567,H,H1,COL,2,R1,ORG,2
4d1ba853-9576-477c-9ccc-3d4dc23b3567,H,H1,COL,2,R1,USER,3
4d1ba853-9576-477c-9ccc-3d4dc23b3567,H,H1,COL,2,R2,CTRL,1
4d1ba853-9576-477c-9ccc-3d4dc23b3567,H,H1,COL,2,R2,ORG,2
4d1ba853-9576-477c-9ccc-3d4dc23b3567,H,H1,COL,2,R2,USER,3
4d1ba853-9576-477c-9ccc-3d4dc23b3567,H,H1,REL,3,R1,CTRL,1
4d1ba853-9576-477c-9ccc-3d4dc23b3567,H,H1,REL,3,R1,ORG,2
4d1ba853-9576-477c-9ccc-3d4dc23b3567,H,H1,REL,3,R1,USER,3
4d1ba853-9576-477c-9ccc-3d4dc23b3567,H,H1,REL,3,R2,CTRL,1
4d1ba853-9576-477c-9ccc-3d4dc23b3567,H,H1,REL,3,R2,ORG,2
4d1ba853-9576-477c-9ccc-3d4dc23b3567,H,H1,REL,3,R2,USER,3
44744939-ab1e-4a84-ad07-f7d0f2334fe0,HA,HA2,ADV,1,R1,CTRL,1
44744939-ab1e-4a84-ad07-f7d0f2334fe0,HA,HA2,ADV,1,R1,AI,2
44744939-ab1e-4a84-ad07-f7d0f2334fe0,HA,HA2,ADV,1,R1,ORG,3
44744939-ab1e-4a84-ad07-f7d0f2334fe0,HA,HA2,ADV,1,R1,USER,4
44744939-ab1e-4a84-ad07-f7d0f2334fe0,HA,HA2,ADV,1,R2,CTRL,1
44744939-ab1e-4a84-ad07-f7d0f2334fe0,HA,HA2,ADV,1,R2,AI,2
44744939-ab1e-4a84-ad07-f7d0f2334fe0,HA,HA2,ADV,1,R2,ORG,3
44744939-ab1e-4a84-ad07-f7d0f2334fe0,HA,HA2,ADV,1,R2,USER,4
44744939-ab1e-4a84-ad07-f7d0f2334fe0,HA,HA2,COL,2,R1,CTRL,1
44744939-ab1e-4a84-ad07-f7d0f2334fe0,HA,HA2,COL,2,R1,AI,2
44744939-ab1e-4a84-ad07-f7d0f2334fe0,HA,HA2,COL,2,R1,ORG,3
44744939-ab1e-4a84-ad07-f7d0f2334fe0,HA,HA2,COL,2,R1,USER,4
44744939-ab1e-4a84-ad07-f7d0f2334fe0,HA,HA2,COL,2,R2,CTRL,1
44744939-ab1e-4a84-ad07-f7d0f2334fe0,HA,HA2,COL,2,R2,AI,2
44744939-ab1e-4a84-ad07-f7d0f2334fe0,HA,HA2,COL,2,R2,ORG,3
44744939-ab1e-4a84-ad07-f7d0f2334fe0,HA,HA2,COL,2,R2,USER,4
44744939-ab1e-4a84-ad07-f7d0f2334fe0,HA,HA2,REL,3,R1,CTRL,1
44744939-ab1e-4a84-ad07-f7d0f2334fe0,HA,HA2,REL,3,R1,AI,2
44744939-ab1e-4a84-ad07-f7d0f2334fe0,HA,HA2,REL,3,R1,ORG,3
44744939-ab1e-4a84-ad07-f7d0f2334fe0,HA,HA2,REL,3,R1,USER,4
44744939-ab1e-4a84-ad07-f7d0f2334fe0,HA,HA2,REL,3,R2,CTRL,1
44744939-ab1e-4a84-ad07-f7d0f2334fe0,HA,HA2,REL,3,R2,AI,2
44744939-ab1e-4a84-ad07-f7d0f2334fe0,HA,HA2,REL,3,R2,ORG,3
44744939-ab1e-4a84-ad07-f7d0f2334fe0,HA,HA2,REL,3,R2,USER,4
364c6be2-f409-417c-b838-4fedadb6d894,HA,HA3,ADV,1,R1,CTRL,2
364c6be2-f409-417c-b838-4fedadb6d894,HA,HA3,ADV,1,R1,AI,3
364c6be2-f409-417c-b838-4fedadb6d894,HA,HA3,ADV,1,R1,ORG,4
364c6be2-f409-417c-b838-4fedadb6d894,HA,HA3,ADV,1,R1,USER,1
364c6be2-f409-417c-b838-4fedadb6d894,HA,HA3,ADV,1,R2,CTRL,2
364c6be2-f409-417c-b838-4fedadb6d894,HA,HA3,ADV,1,R2,AI,3
364c6be2-f409-417c-b838-4fedadb6d894,HA,HA3,ADV,1,R2,ORG,4
364c6be2-f409-417c-b838-4fedadb6d894,HA,HA3,ADV,1,R2,USER,1
364c6be2-f409-417c-b838-4fedadb6d894,HA,HA3,REL,2,R1,CTRL,2
364c6be2-f409-417c-b838-4fedadb6d894,HA,HA3,REL,2,R1,AI,3
364c6be2-f409-417c-b838-4fedadb6d894,HA,HA3,REL,2,R1,ORG,4
364c6be2-f409-417c-b838-4fedadb6d894,HA,HA3,REL,2,R1,USER,1
364c6be2-f409-417c-b838-4fedadb6d894,HA,HA3,REL,2,R2,CTRL,2
364c6be2-f409-417c-b838-4fedadb6d894,HA,HA3,REL,2,R2,AI,3
364c6be2-f409-417c-b838-4fedadb6d894,HA,HA3,REL,2,R2,ORG,4
364c6be2-f409-417c-b838-4fedadb6d894,HA,HA3,REL,2,R2,USER,1
364c6be2-f409-417c-b838-4fedadb6d894,HA,HA3,COL,3,R1,CTRL,2
364c6be2-f409-417c-b838-4fedadb6d894,HA,HA3,COL,3,R1,AI,3
364c6be2-f409-417c-b838-4fedadb6d894,HA,HA3,COL,3,R1,ORG,4
364c6be2-f409-417c-b838-4fedadb6d894,HA,HA3,COL,3,R1,USER,1
364c6be2-f409-417c-b838-4fedadb6d894,HA,HA3,COL,3,R2,CTRL,2
364c6be2-f409-417c-b838-4fedadb6d894,HA,HA3,COL,3,R2,AI,3
364c6be2-f409-417c-b838-4fedadb6d894,HA,HA3,COL,3,R2,ORG,4
364c6be2-f409-417c-b838-4fedadb6d894,HA,HA3,COL,3,R2,USER,1
c4d04504-05c5-47a1-924c-b8a642f57574,A,A,ADV,1,R1,AI,1
c4d04504-05c5-47a1-924c-b8a642f57574,A,A,ADV,1,R1,ORG,2
c4d04504-05c5-47a1-924c-b8a642f57574,A,A,ADV,1,R1,USER,3
c4d04504-05c5-47a1-924c-b8a642f57574,A,A,ADV,1,R2,AI,1
c4d04504-05c5-47a1-924c-b8a642f57574,A,A,ADV,1,R2,ORG,2
c4d04504-05c5-47a1-924c-b8a642f57574,A,A,ADV,1,R2,USER,3
c4d04504-05c5-47a1-924c-b8a642f57574,A,A,COL,2,R1,AI,2
c4d04504-05c5-47a1-924c-b8a642f57574,A,A,COL,2,R1,ORG,1
c4d04504-05c5-47a1-924c-b8a642f57574,A,A,COL,2,R1,USER,3
c4d04504-05c5-47a1-924c-b8a642f57574,A,A,COL,2,R2,AI,2
c4d04504-05c5-47a1-924c-b8a642f57574,A,A,COL,2,R2,ORG,1
c4d04504-05c5-47a1-924c-b8a642f57574,A,A,COL,2,R2,USER,3
c4d04504-05c5-47a1-924c-b8a642f57574,A,A,REL,3,R1,AI,2
c4d04504-05c5-47a1-924c-b8a642f57574,A,A,REL,3,R1,ORG,1
c4d04504-05c5-47a1-924c-b8a642f57574,A,A,REL,3,R1,USER,3
c4d04504-05c5-47a1-924c-b8a642f57574,A,A,REL,3,R2,AI,2
c4d04504-05c5-47a1-924c-b8a642f57574,A,A,REL,3,R2,ORG,1
c4d04504-05c5-47a1-924c-b8a642f57574,A,A,REL,3,R2,USER,3
b8a69069-dc0d-4ec7-91ed-45d1048ac050,A,A,COL,1,R1,AI,3
b8a69069-dc0d-4ec7-91ed-45d1048ac050,A,A,COL,1,R1,ORG,2
b8a69069-dc0d-4ec7-91ed-45d1048ac050,A,A,COL,1,R1,USER,1
b8a69069-dc0d-4ec7-91ed-45d1048ac050,A,A,COL,1,R2,AI,1
b8a69069-dc0d-4ec7-91ed-45d1048ac050,A,A,COL,1,R2,ORG,2
b8a69069-dc0d-4ec7-91ed-45d1048ac050,A,A,COL,1,R2,USER,3
b8a69069-dc0d-4ec7-91ed-45d1048ac050,A,A,REL,2,R1,AI,1
b8a69069-dc0d-4ec7-91ed-45d1048ac050,A,A,REL,2,R1,ORG,2
b8a69069-dc0d-4ec7-91ed-45d1048ac050,A,A,REL,2,R1,USER,3
b8a69069-dc0d-4ec7-91ed-45d1048ac050,A,A,REL,2,R2,AI,1
b8a69069-dc0d-4ec7-91ed-45d1048ac050,A,A,REL,2,R2,ORG,2
b8a69069-dc0d-4ec7-91ed-45d1048ac050,A,A,REL,2,R2,USER,3
b8a69069-dc0d-4ec7-91ed-45d1048ac050,A,A,ADV,3,R1,AI,3
b8a69069-dc0d-4ec7-91ed-45d1048ac050,A,A,ADV,3,R1,ORG,2
b8a69069-dc0d-4ec7-91ed-45d1048ac050,A,A,ADV,3,R1,USER,1
b8a69069-dc0d-4ec7-91ed-45d1048ac050,A,A,ADV,3,R2,AI,1
b8a69069-dc0d-4ec7-91ed-45d1048ac050,A,A,ADV,3,R2,ORG,2
b8a69069-dc0d-4ec7-91ed-45d1048ac050,A,A,ADV,3,R2,USER,3
136b751d-5c6a-49f0-814c-66b1dc9014ae,H,H3,REL,1,R1,CTRL,1
136b751d-5c6a-49f0-814c-66b1dc9014ae,H,H3,REL,1,R1,ORG,2
136b751d-5c6a-49f0-814c-66b1dc9014ae,H,H3,REL,1,R1,USER,3
136b751d-5c6a-49f0-814c-66b1dc9014ae,H,H3,REL,1,R2,CTRL,1
136b751d-5c6a-49f0-814c-66b1dc9014ae,H,H3,REL,1,R2,ORG,2
136b751d-5c6a-49f0-814c-66b1dc9014ae,H,H3,REL,1,R2,USER,3
136b751d-5c6a-49f0-814c-66b1dc9014ae,H,H3,ADV,2,R1,CTRL,1
136b751d-5c6a-49f0-814c-66b1dc9014ae,H,H3,ADV,2,R1,ORG,3
136b751d-5c6a-49f0-814c-66b1dc9014ae,H,H3,ADV,2,R1,USER,2
136b751d-5c6a-49f0-814c-66b1dc9014ae,H,H3,ADV,2,R2,CTRL,1
136b751d-5c6a-49f0-814c-66b1dc9014ae,H,H3,ADV,2,R2,ORG,3
136b751d-5c6a-49f0-814c-66b1dc9014ae,H,H3,ADV,2,R2,USER,2
136b751d-5c6a-49f0-814c-66b1dc9014ae,H,H3,COL,3,R1,CTRL,1
136b751d-5c6a-49f0-814c-66b1dc9014ae,H,H3,COL,3,R1,ORG,3
136b751d-5c6a-49f0-814c-66b1dc9014ae,H,H3,COL,3,R1,USER,2
136b751d-5c6a-49f0-814c-66b1dc9014ae,H,H3,COL,3,R2,CTRL,1
136b751d-5c6a-49f0-814c-66b1dc9014ae,H,H3,COL,3,R2,ORG,3
136b751d-5c6a-49f0-814c-66b1dc9014ae,H,H3,COL,3,R2,USER,2
62c71594-3179-42f1-9ec7-2e836f87307a,H,H2,COL,1,R1,CTRL,1
62c71594-3179-42f1-9ec7-2e836f87307a,H,H2,COL,1,R1,ORG,2
62c71594-3179-42f1-9ec7-2e836f87307a,H,H2,COL,1,R1,USER,3
62c71594-3179-42f1-9ec7-2e836f87307a,H,H2,COL,1,R2,CTRL,1
62c71594-3179-42f1-9ec7-2e836f87307a,H,H2,COL,1,R2,ORG,3
62c71594-3179-42f1-9ec7-2e836f87307a,H,H2,COL,1,R2,USER,2
62c71594-3179-42f1-9ec7-2e836f87307a,H,H2,ADV,2,R1,CTRL,2
62c71594-3179-42f1-9ec7-2e836f87307a,H,H2,ADV,2,R1,ORG,3
62c71594-3179-42f1-9ec7-2e836f87307a,H,H2,ADV,2,R1,USER,1
62c71594-3179-42f1-9ec7-2e836f87307a,H,H2,ADV,2,R2,CTRL,2
62c71594-3179-42f1-9ec7-2e836f87307a,H,H2,ADV,2,R2,ORG,3
62c71594-3179-42f1-9ec7-2e836f87307a,H,H2,ADV,2,R2,USER,1
62c71594-3179-42f1-9ec7-2e836f87307a,H,H2,REL,3,R1,CTRL,1
62c71594-3179-42f1-9ec7-2e836f87307a,H,H2,REL,3,R1,ORG,2
62c71594-3179-42f1-9ec7-2e836f87307a,H,H2,REL,3,R1,USER,3
62c71594-3179-42f1-9ec7-2e836f87307a,H,H2,REL,3,R2,CTRL,1
62c71594-3179-42f1-9ec7-2e836f87307a,H,H2,REL,3,R2,ORG,2
62c71594-3179-42f1-9ec7-2e836f87307a,H,H2,REL,3,R2,USER,3
a38db428-ca2c-484a-8c17-bde5ae67ed94,HA,HA3,COL,1,R1,CTRL,4
a38db428-ca2c-484a-8c17-bde5ae67ed94,HA,HA3,COL,1,R1,AI,3
a38db428-ca2c-484a-8c17-bde5ae67ed94,HA,HA3,COL,1,R1,ORG,2
a38db428-ca2c-484a-8c17-bde5ae67ed94,HA,HA3,COL,1,R1,USER,1
a38db428-ca2c-484a-8c17-bde5ae67ed94,HA,HA3,COL,1,R2,CTRL,4
a38db428-ca2c-484a-8c17-bde5ae67ed94,HA,HA3,COL,1,R2,AI,3
a38db428-ca2c-484a-8c17-bde5ae67ed94,HA,HA3,COL,1,R2,ORG,2
a38db428-ca2c-484a-8c17-bde5ae67ed94,HA,HA3,COL,1,R2,USER,1
a38db428-ca2c-484a-8c17-bde5ae67ed94,HA,HA3,ADV,2,R1,CTRL,4
a38db428-ca2c-484a-8c17-bde5ae67ed94,HA,HA3,ADV,2,R1,AI,3
a38db428-ca2c-484a-8c17-bde5ae67ed94,HA,HA3,ADV,2,R1,ORG,2
a38db428-ca2c-484a-8c17-bde5ae67ed94,HA,HA3,ADV,2,R1,USER,1
a38db428-ca2c-484a-8c17-bde5ae67ed94,HA,HA3,ADV,2,R2,CTRL,4
a38db428-ca2c-484a-8c17-bde5ae67ed94,HA,HA3,ADV,2,R2,AI,3
a38db428-ca2c-484a-8c17-bde5ae67ed94,HA,HA3,ADV,2,R2,ORG,2
a38db428-ca2c-484a-8c17-bde5ae67ed94,HA,HA3,ADV,2,R2,USER,1
a38db428-ca2c-484a-8c17-bde5ae67ed94,HA,HA3,REL,3,R1,CTRL,4
a38db428-ca2c-484a-8c17-bde5ae67ed94,HA,HA3,REL,3,R1,AI,3
a38db428-ca2c-484a-8c17-bde5ae67ed94,HA,HA3,REL,3,R1,ORG,2
a38db428-ca2c-484a-8c17-bde5ae67ed94,HA,HA3,REL,3,R1,USER,1
a38db428-ca2c-484a-8c17-bde5ae67ed94,HA,HA3,REL,3,R2,CTRL,4
a38db428-ca2c-484a-8c17-bde5ae67ed94,HA,HA3,REL,3,R2,AI,3
a38db428-ca2c-484a-8c17-bde5ae67ed94,HA,HA3,REL,3,R2,ORG,2
a38db428-ca2c-484a-8c17-bde5ae67ed94,HA,HA3,REL,3,R2,USER,1
c5f04cce-2bf5-409c-a239-55b85cd51485,HA,HA3,ADV,1,R1,CTRL,1
c5f04cce-2bf5-409c-a239-55b85cd51485,HA,HA3,ADV,1,R1,AI,3
c5f04cce-2bf5-409c-a239-55b85cd51485,HA,HA3,ADV,1,R1,ORG,4
c5f04cce-2bf5-409c-a239-55b85cd51485,HA,HA3,ADV,1,R1,USER,2
c5f04cce-2bf5-409c-a239-55b85cd51485,HA,HA3,ADV,1,R2,CTRL,1
c5f04cce-2bf5-409c-a239-55b85cd51485,HA,HA3,ADV,1,R2,AI,3
c5f04cce-2bf5-409c-a239-55b85cd51485,HA,HA3,ADV,1,R2,ORG,4
c5f04cce-2bf5-409c-a239-55b85cd51485,HA,HA3,ADV,1,R2,USER,2
c5f04cce-2bf5-409c-a239-55b85cd51485,HA,HA3,COL,2,R1,CTRL,1
c5f04cce-2bf5-409c-a239-55b85cd51485,HA,HA3,COL,2,R1,AI,3
c5f04cce-2bf5-409c-a239-55b85cd51485,HA,HA3,COL,2,R1,ORG,2
c5f04cce-2bf5-409c-a239-55b85cd51485,HA,HA3,COL,2,R1,USER,4
c5f04cce-2bf5-409c-a239-55b85cd51485,HA,HA3,COL,2,R2,CTRL,1
c5f04cce-2bf5-409c-a239-55b85cd51485,HA,HA3,COL,2,R2,AI,3
c5f04cce-2bf5-409c-a239-55b85cd51485,HA,HA3,COL,2,R2,ORG,2
c5f04cce-2bf5-409c-a239-55b85cd51485,HA,HA3,COL,2,R2,USER,4
c5f04cce-2bf5-409c-a239-55b85cd51485,HA,HA3,REL,3,R1,CTRL,1
c5f04cce-2bf5-409c-a239-55b85cd51485,HA,HA3,REL,3,R1,AI,2
c5f04cce-2bf5-409c-a239-55b85cd51485,HA,HA3,REL,3,R1,ORG,3
c5f04cce-2bf5-409c-a239-55b85cd51485,HA,HA3,REL,3,R1,USER,4
c5f04cce-2bf5-409c-a239-55b85cd51485,HA,HA3,REL,3,R2,CTRL,1
c5f04cce-2bf5-409c-a239-55b85cd51485,HA,HA3,REL,3,R2,AI,2
c5f04cce-2bf5-409c-a239-55b85cd51485,HA,HA3,REL,3,R2,ORG,3
c5f04cce-2bf5-409c-a239-55b85cd51485,HA,HA3,REL,3,R2,USER,4
c9cf014c-d699-412e-ba22-b9d6fdc80a3a,HA,HA2,REL,1,R1,CTRL,1
c9cf014c-d699-412e-ba22-b9d6fdc80a3a,HA,HA2,REL,1,R1,AI,2
c9cf014c-d699-412e-ba22-b9d6fdc80a3a,HA,HA2,REL,1,R1,ORG,3
c9cf014c-d699-412e-ba22-b9d6fdc80a3a,HA,HA2,REL,1,R1,USER,4
c9cf014c-d699-412e-ba22-b9d6fdc80a3a,HA,HA2,REL,1,R2,CTRL,1
c9cf014c-d699-412e-ba22-b9d6fdc80a3a,HA,HA2,REL,1,R2,AI,2
c9cf014c-d699-412e-ba22-b9d6fdc80a3a,HA,HA2,REL,1,R2,ORG,3
c9cf014c-d699-412e-ba22-b9d6fdc80a3a,HA,HA2,REL,1,R2,USER,4
c9cf014c-d699-412e-ba22-b9d6fdc80a3a,HA,HA2,ADV,2,R1,CTRL,1
c9cf014c-d699-412e-ba22-b9d6fdc80a3a,HA,HA2,ADV,2,R1,AI,2
c9cf014c-d699-412e-ba22-b9d6fdc80a3a,HA,HA2,ADV,2,R1,ORG,3
c9cf014c-d699-412e-ba22-b9d6fdc80a3a,HA,HA2,ADV,2,R1,USER,4
c9cf014c-d699-412e-ba22-b9d6fdc80a3a,HA,HA2,ADV,2,R2,CTRL,1
c9cf014c-d699-412e-ba22-b9d6fdc80a3a,HA,HA2,ADV,2,R2,AI,2
c9cf014c-d699-412e-ba22-b9d6fdc80a3a,HA,HA2,ADV,2,R2,ORG,3
c9cf014c-d699-412e-ba22-b9d6fdc80a3a,HA,HA2,ADV,2,R2,USER,4
c9cf014c-d699-412e-ba22-b9d6fdc80a3a,HA,HA2,COL,3,R1,CTRL,3
c9cf014c-d699-412e-ba22-b9d6fdc80a3a,HA,HA2,COL,3,R1,AI,2
c9cf014c-d699-412e-ba22-b9d6fdc80a3a,HA,HA2,COL,3,R1,ORG,1
c9cf014c-d699-412e-ba22-b9d6fdc80a3a,HA,HA2,COL,3,R1,USER,4
c9cf014c-d699-412e-ba22-b9d6fdc80a3a,HA,HA2,COL,3,R2,CTRL,3
c9cf014c-d699-412e-ba22-b9d6fdc80a3a,HA,HA2,COL,3,R2,AI,2
c9cf014c-d699-412e-ba22-b9d6fdc80a3a,HA,HA2,COL,3,R2,ORG,1
c9cf014c-d699-412e-ba22-b9d6fdc80a3a,HA,HA2,COL,3,R2,USER,4
202259fc-2c7b-4a0c-b174-478213de5541,H,H3,COL,1,R1,CTRL,1
202259fc-2c7b-4a0c-b174-478213de5541,H,H3,COL,1,R1,ORG,3
202259fc-2c7b-4a0c-b174-478213de5541,H,H3,COL,1,R1,USER,2
202259fc-2c7b-4a0c-b174-478213de5541,H,H3,COL,1,R2,CTRL,1
202259fc-2c7b-4a0c-b174-478213de5541,H,H3,COL,1,R2,ORG,3
202259fc-2c7b-4a0c-b174-478213de5541,H,H3,COL,1,R2,USER,2
202259fc-2c7b-4a0c-b174-478213de5541,H,H3,REL,2,R1,CTRL,1
202259fc-2c7b-4a0c-b174-478213de5541,H,H3,REL,2,R1,ORG,3
202259fc-2c7b-4a0c-b174-478213de5541,H,H3,REL,2,R1,USER,2
202259fc-2c7b-4a0c-b174-478213de5541,H,H3,REL,2,R2,CTRL,1
202259fc-2c7b-4a0c-b174-478213de5541,H,H3,REL,2,R2,ORG,2
202259fc-2c7b-4a0c-b174-478213de5541,H,H3,REL,2,R2,USER,3
202259fc-2c7b-4a0c-b174-478213de5541,H,H3,ADV,3,R1,CTRL,1
202259fc-2c7b-4a0c-b174-478213de5541,H,H3,ADV,3,R1,ORG,3
202259fc-2c7b-4a0c-b174-478213de5541,H,H3,ADV,3,R1,USER,2
202259fc-2c7b-4a0c-b174-478213de5541,H,H3,ADV,3,R2,CTRL,1
202259fc-2c7b-4a0c-b174-478213de5541,H,H3,ADV,3,R2,ORG,3
202259fc-2c7b-4a0c-b174-478213de5541,H,H3,ADV,3,R2,USER,2
b6913927-5be4-4fcd-8639-c7ab7f4a9b7c,HA,HA3,COL,1,R1,CTRL,3
b6913927-5be4-4fcd-8639-c7ab7f4a9b7c,HA,HA3,COL,1,R1,AI,1
b6913927-5be4-4fcd-8639-c7ab7f4a9b7c,HA,HA3,COL,1,R1,ORG,2
b6913927-5be4-4fcd-8639-c7ab7f4a9b7c,HA,HA3,COL,1,R1,USER,4
b6913927-5be4-4fcd-8639-c7ab7f4a9b7c,HA,HA3,COL,1,R2,CTRL,3
b6913927-5be4-4fcd-8639-c7ab7f4a9b7c,HA,HA3,COL,1,R2,AI,1
b6913927-5be4-4fcd-8639-c7ab7f4a9b7c,HA,HA3,COL,1,R2,ORG,2
b6913927-5be4-4fcd-8639-c7ab7f4a9b7c,HA,HA3,COL,1,R2,USER,4
b6913927-5be4-4fcd-8639-c7ab7f4a9b7c,HA,HA3,REL,2,R1,CTRL,3
b6913927-5be4-4fcd-8639-c7ab7f4a9b7c,HA,HA3,REL,2,R1,AI,1
b6913927-5be4-4fcd-8639-c7ab7f4a9b7c,HA,HA3,REL,2,R1,ORG,2
b6913927-5be4-4fcd-8639-c7ab7f4a9b7c,HA,HA3,REL,2,R1,USER,4
b6913927-5be4-4fcd-8639-c7ab7f4a9b7c,HA,HA3,REL,2,R2,CTRL,3
b6913927-5be4-4fcd-8639-c7ab7f4a9b7c,HA,HA3,REL,2,R2,AI,1
b6913927-5be4-4fcd-8639-c7ab7f4a9b7c,HA,HA3,REL,2,R2,ORG,2
b6913927-5be4-4fcd-8639-c7ab7f4a9b7c,HA,HA3,REL,2,R2,USER,4
b6913927-5be4-4fcd-8639-c7ab7f4a9b7c,HA,HA3,ADV,3,R1,CTRL,3
b6913927-5be4-4fcd-8639-c7ab7f4a9b7c,HA,HA3,ADV,3,R1,AI,1
b6913927-5be4-4fcd-8639-c7ab7f4a9b7c,HA,HA3,ADV,3,R1,ORG,2
b6913927-5be4-4fcd-8639-c7ab7f4a9b7c,HA,HA3,ADV,3,R1,USER,4
b6913927-5be4-4fcd-8639-c7ab7f4a9b7c,HA,HA3,ADV,3,R2,CTRL,3
b6913927-5be4-4fcd-8639-c7ab7f4a9b7c,HA,HA3,ADV,3,R2,AI,1
b6913927-5be4-4fcd-8639-c7ab7f4a9b7c,HA,HA3,ADV,3,R2,ORG,2
b6913927-5be4-4fcd-8639-c7ab7f4a9b7c,HA,HA3,ADV,3,R2,USER,4
ce174151-9589-4aac-a1dd-0f7de2219862,HA,HA2,REL,1,R1,CTRL,3
ce174151-9589-4aac-a1dd-0f7de2219862,HA,HA2,REL,1,R1,AI,2
ce174151-9589-4aac-a1dd-0f7de2219862,HA,HA2,REL,1,R1,ORG,1
ce174151-9589-4aac-a1dd-0f7de2219862,HA,HA2,REL,1,R1,USER,4
ce174151-9589-4aac-a1dd-0f7de2219862,HA,HA2,REL,1,R2,CTRL,3
ce174151-9589-4aac-a1dd-0f7de2219862,HA,HA2,REL,1,R2,AI,2
ce174151-9589-4aac-a1dd-0f7de2219862,HA,HA2,REL,1,R2,ORG,1
ce174151-9589-4aac-a1dd-0f7de2219862,HA,HA2,REL,1,R2,USER,4
ce174151-9589-4aac-a1dd-0f7de2219862,HA,HA2,COL,2,R1,CTRL,3
ce174151-9589-4aac-a1dd-0f7de2219862,HA,HA2,COL,2,R1,AI,2
ce174151-9589-4aac-a1dd-0f7de2219862,HA,HA2,COL,2,R1,ORG,1
ce174151-9589-4aac-a1dd-0f7de2219862,HA,HA2,COL,2,R1,USER,4
ce174151-9589-4aac-a1dd-0f7de2219862,HA,HA2,COL,2,R2,CTRL,3
ce174151-9589-4aac-a1dd-0f7de2219862,HA,HA2,COL,2,R2,AI,2
ce174151-9589-4aac-a1dd-0f7de2219862,HA,HA2,COL,2,R2,ORG,1
ce174151-9589-4aac-a1dd-0f7de2219862,HA,HA2,COL,2,R2,USER,4
ce174151-9589-4aac-a1dd-0f7de2219862,HA,HA2,ADV,3,R1,CTRL,3
ce174151-9589-4aac-a1dd-0f7de2219862,HA,HA2,ADV,3,R1,AI,2
ce174151-9589-4aac-a1dd-0f7de2219862,HA,HA2,ADV,3,R1,ORG,1
ce174151-9589-4aac-a1dd-0f7de2219862,HA,HA2,ADV,3,R1,USER,4
ce174151-9589-4aac-a1dd-0f7de2219862,HA,HA2,ADV,3,R2,CTRL,3
ce174151-9589-4aac-a1dd-0f7de2219862,HA,HA2,ADV,3,R2,AI,2
ce174151-9589-4aac-a1dd-0f7de2219862,HA,HA2,ADV,3,R2,ORG,1
ce174151-9589-4aac-a1dd-0f7de2219862,HA,HA2,ADV,3,R2,USER,4
014b2ee2-66c3-4c83-9ac6-bac89c21d35a,H,H3,COL,1,R1,CTRL,1
014b2ee2-66c3-4c83-9ac6-bac89c21d35a,H,H3,COL,1,R1,ORG,3
014b2ee2-66c3-4c83-9ac6-bac89c21d35a,H,H3,COL,1,R1,USER,2
014b2ee2-66c3-4c83-9ac6-bac89c21d35a,H,H3,COL,1,R2,CTRL,1
014b2ee2-66c3-4c83-9ac6-bac89c21d35a,H,H3,COL,1,R2,ORG,2
014b2ee2-66c3-4c83-9ac6-bac89c21d35a,H,H3,COL,1,R2,USER,3
014b2ee2-66c3-4c83-9ac6-bac89c21d35a,H,H3,REL,2,R1,CTRL,1
014b2ee2-66c3-4c83-9ac6-bac89c21d35a,H,H3,REL,2,R1,ORG,2
014b2ee2-66c3-4c83-9ac6-bac89c21d35a,H,H3,REL,2,R1,USER,3
014b2ee2-66c3-4c83-9ac6-bac89c21d35a,H,H3,REL,2,R2,CTRL,1
014b2ee2-66c3-4c83-9ac6-bac89c21d35a,H,H3,REL,2,R2,ORG,3
014b2ee2-66c3-4c83-9ac6-bac89c21d35a,H,H3,REL,2,R2,USER,2
014b2ee2-66c3-4c83-9ac6-bac89c21d35a,H,H3,ADV,3,R1,CTRL,1
014b2ee2-66c3-4c83-9ac6-bac89c21d35a,H,H3,ADV,3,R1,ORG,2
014b2ee2-66c3-4c83-9ac6-bac89c21d35a,H,H3,ADV,3,R1,USER,3
014b2ee2-66c3-4c83-9ac6-bac89c21d35a,H,H3,ADV,3,R2,CTRL,1
014b2ee2-66c3-4c83-9ac6-bac89c21d35a,H,H3,ADV,3,R2,ORG,2
014b2ee2-66c3-4c83-9ac6-bac89c21d35a,H,H3,ADV,3,R2,USER,3
e203ac02-88e3-4e95-82bc-16c6651e71bb,HA,HA2,REL,1,R1,CTRL,1
e203ac02-88e3-4e95-82bc-16c6651e71bb,HA,HA2,REL,1,R1,AI,2
e203ac02-88e3-4e95-82bc-16c6651e71bb,HA,HA2,REL,1,R1,ORG,3
e203ac02-88e3-4e95-82bc-16c6651e71bb,HA,HA2,REL,1,R1,USER,4
e203ac02-88e3-4e95-82bc-16c6651e71bb,HA,HA2,REL,1,R2,CTRL,2
e203ac02-88e3-4e95-82bc-16c6651e71bb,HA,HA2,REL,1,R2,AI,1
e203ac02-88e3-4e95-82bc-16c6651e71bb,HA,HA2,REL,1,R2,ORG,3
e203ac02-88e3-4e95-82bc-16c6651e71bb,HA,HA2,REL,1,R2,USER,4
e203ac02-88e3-4e95-82bc-16c6651e71bb,HA,HA2,ADV,2,R1,CTRL,3
e203ac02-88e3-4e95-82bc-16c6651e71bb,HA,HA2,ADV,2,R1,AI,1
e203ac02-88e3-4e95-82bc-16c6651e71bb,HA,HA2,ADV,2,R1,ORG,2
e203ac02-88e3-4e95-82bc-16c6651e71bb,HA,HA2,ADV,2,R1,USER,4
e203ac02-88e3-4e95-82bc-16c6651e71bb,HA,HA2,ADV,2,R2,CTRL,3
e203ac02-88e3-4e95-82bc-16c6651e71bb,HA,HA2,ADV,2,R2,AI,1
e203ac02-88e3-4e95-82bc-16c6651e71bb,HA,HA2,ADV,2,R2,ORG,2
e203ac02-88e3-4e95-82bc-16c6651e71bb,HA,HA2,ADV,2,R2,USER,4
e203ac02-88e3-4e95-82bc-16c6651e71bb,HA,HA2,COL,3,R1,CTRL,4
e203ac02-88e3-4e95-82bc-16c6651e71bb,HA,HA2,COL,3,R1,AI,1
e203ac02-88e3-4e95-82bc-16c6651e71bb,HA,HA2,COL,3,R1,ORG,2
e203ac02-88e3-4e95-82bc-16c6651e71bb,HA,HA2,COL,3,R1,USER,3
e203ac02-88e3-4e95-82bc-16c6651e71bb,HA,HA2,COL,3,R2,CTRL,4
e203ac02-88e3-4e95-82bc-16c6651e71bb,HA,HA2,COL,3,R2,AI,2
e203ac02-88e3-4e95-82bc-16c6651e71bb,HA,HA2,COL,3,R2,ORG,3
e203ac02-88e3-4e95-82bc-16c6651e71bb,HA,HA2,COL,3,R2,USER,1
15c630d5-7ed6-4068-a4cf-6615ad2bd158,H,H2,ADV,1,R1,CTRL,1
15c630d5-7ed6-4068-a4cf-6615ad2bd158,H,H2,ADV,1,R1,ORG,3
15c630d5-7ed6-4068-a4cf-6615ad2bd158,H,H2,ADV,1,R1,USER,2
15c630d5-7ed6-4068-a4cf-6615ad2bd158,H,H2,ADV,1,R2,CTRL,1
15c630d5-7ed6-4068-a4cf-6615ad2bd158,H,H2,ADV,1,R2,ORG,3
15c630d5-7ed6-4068-a4cf-6615ad2bd158,H,H2,ADV,1,R2,USER,2
15c630d5-7ed6-4068-a4cf-6615ad2bd158,H,H2,COL,2,R1,CTRL,1
15c630d5-7ed6-4068-a4cf-6615ad2bd158,H,H2,COL,2,R1,ORG,2
15c630d5-7ed6-4068-a4cf-6615ad2bd158,H,H2,COL,2,R1,USER,3
15c630d5-7ed6-4068-a4cf-6615ad2bd158,H,H2,COL,2,R2,CTRL,1
15c630d5-7ed6-4068-a4cf-6615ad2bd158,H,H2,COL,2,R2,ORG,2
15c630d5-7ed6-4068-a4cf-6615ad2bd158,H,H2,COL,2,R2,USER,3
15c630d5-7ed6-4068-a4cf-6615ad2bd158,H,H2,REL,3,R1,CTRL,1
15c630d5-7ed6-4068-a4cf-6615ad2bd158,H,H2,REL,3,R1,ORG,2
15c630d5-7ed6-4068-a4cf-6615ad2bd158,H,H2,REL,3,R1,USER,3
15c630d5-7ed6-4068-a4cf-6615ad2bd158,H,H2,REL,3,R2,CTRL,1
15c630d5-7ed6-4068-a4cf-6615ad2bd158,H,H2,REL,3,R2,ORG,2
15c630d5-7ed6-4068-a4cf-6615ad2bd158,H,H2,REL,3,R2,USER,3
9f7a481b-3bf6-48f6-9308-78eb390c1630,HA,HA3,REL,1,R1,CTRL,1
9f7a481b-3bf6-48f6-9308-78eb390c1630,HA,HA3,REL,1,R1,AI,2
9f7a481b-3bf6-48f6-9308-78eb390c1630,HA,HA3,REL,1,R1,ORG,3
9f7a481b-3bf6-48f6-9308-78eb390c1630,HA,HA3,REL,1,R1,USER,4
9f7a481b-3bf6-48f6-9308-78eb390c1630,HA,HA3,REL,1,R2,CTRL,1
9f7a481b-3bf6-48f6-9308-78eb390c1630,HA,HA3,REL,1,R2,AI,2
9f7a481b-3bf6-48f6-9308-78eb390c1630,HA,HA3,REL,1,R2,ORG,3
9f7a481b-3bf6-48f6-9308-78eb390c1630,HA,HA3,REL,1,R2,USER,4
9f7a481b-3bf6-48f6-9308-78eb390c1630,HA,HA3,COL,2,R1,CTRL,1
9f7a481b-3bf6-48f6-9308-78eb390c1630,HA,HA3,COL,2,R1,AI,2
9f7a481b-3bf6-48f6-9308-78eb390c1630,HA,HA3,COL,2,R1,ORG,3
9f7a481b-3bf6-48f6-9308-78eb390c1630,HA,HA3,COL,2,R1,USER,4
9f7a481b-3bf6-48f6-9308-78eb390c1630,HA,HA3,COL,2,R2,CTRL,1
9f7a481b-3bf6-48f6-9308-78eb390c1630,HA,HA3,COL,2,R2,AI,2
9f7a481b-3bf6-48f6-9308-78eb390c1630,HA,HA3,COL,2,R2,ORG,3
9f7a481b-3bf6-48f6-9308-78eb390c1630,HA,HA3,COL,2,R2,USER,4
9f7a481b-3bf6-48f6-9308-78eb390c1630,HA,HA3,ADV,3,R1,CTRL,1
9f7a481b-3bf6-48f6-9308-78eb390c1630,HA,HA3,ADV,3,R1,AI,2
9f7a481b-3bf6-48f6-9308-78eb390c1630,HA,HA3,ADV,3,R1,ORG,3
9f7a481b-3bf6-48f6-9308-78eb390c1630,HA,HA3,ADV,3,R1,USER,4
9f7a481b-3bf6-48f6-9308-78eb390c1630,HA,HA3,ADV,3,R2,CTRL,1
9f7a481b-3bf6-48f6-9308-78eb390c1630,HA,HA3,ADV,3,R2,AI,2
9f7a481b-3bf6-48f6-9308-78eb390c1630,HA,HA3,ADV,3,R2,ORG,3
9f7a481b-3bf6-48f6-9308-78eb390c1630,HA,HA3,ADV,3,R2,USER,4
6ad4d624-f094-429a-a22e-24b4d17ea566,H,H3,ADV,1,R1,CTRL,1
6ad4d624-f094-429a-a22e-24b4d17ea566,H,H3,ADV,1,R1,ORG,3
6ad4d624-f094-429a-a22e-24b4d17ea566,H,H3,ADV,1,R1,USER,2
6ad4d624-f094-429a-a22e-24b4d17ea566,H,H3,ADV,1,R2,CTRL,1
6ad4d624-f094-429a-a22e-24b4d17ea566,H,H3,ADV,1,R2,ORG,3
6ad4d624-f094-429a-a22e-24b4d17ea566,H,H3,ADV,1,R2,USER,2
6ad4d624-f094-429a-a22e-24b4d17ea566,H,H3,COL,2,R1,CTRL,1
6ad4d624-f094-429a-a22e-24b4d17ea566,H,H3,COL,2,R1,ORG,3
6ad4d624-f094-429a-a22e-24b4d17ea566,H,H3,COL,2,R1,USER,2
6ad4d624-f094-429a-a22e-24b4d17ea566,H,H3,COL,2,R2,CTRL,2
6ad4d624-f094-429a-a22e-24b4d17ea566,H,H3,COL,2,R2,ORG,3
6ad4d624-f094-429a-a22e-24b4d17ea566,H,H3,COL,2,R2,USER,1
6ad4d624-f094-429a-a22e-24b4d17ea566,H,H3,REL,3,R1,CTRL,1
6ad4d624-f094-429a-a22e-24b4d17ea566,H,H3,REL,3,R1,ORG,2
6ad4d624-f094-429a-a22e-24b4d17ea566,H,H3,REL,3,R1,USER,3
6ad4d624-f094-429a-a22e-24b4d17ea566,H,H3,REL,3,R2,CTRL,1
6ad4d624-f094-429a-a22e-24b4d17ea566,H,H3,REL,3,R2,ORG,2
6ad4d624-f094-429a-a22e-24b4d17ea566,H,H3,REL,3,R2,USER,3
da19f7ea-9ac8-4e50-be4d-cc0c36fbc011,A,A,REL,1,R1,AI,3
da19f7ea-9ac8-4e50-be4d-cc0c36fbc011,A,A,REL,1,R1,ORG,1
da19f7ea-9ac8-4e50-be4d-cc0c36fbc011,A,A,REL,1,R1,USER,2
da19f7ea-9ac8-4e50-be4d-cc0c36fbc011,A,A,REL,1,R2,AI,2
da19f7ea-9ac8-4e50-be4d-cc0c36fbc011,A,A,REL,1,R2,ORG,3
da19f7ea-9ac8-4e50-be4d-cc0c36fbc011,A,A,REL,1,R2,USER,1
da19f7ea-9ac8-4e50-be4d-cc0c36fbc011,A,A,ADV,2,R1,AI,3
da19f7ea-9ac8-4e50-be4d-cc0c36fbc011,A,A,ADV,2,R1,ORG,2
da19f7ea-9ac8-4e50-be4d-cc0c36fbc011,A,A,ADV,2,R1,USER,1
da19f7ea-9ac8-4e50-be4d-cc0c36fbc011,A,A,ADV,2,R2,AI,2
da19f7ea-9ac8-4e50-be4d-cc0c36fbc011,A,A,ADV,2,R2,ORG,1
da19f7ea-9ac8-4e50-be4d-cc0c36fbc011,A,A,ADV,2,R2,USER,3
da19f7ea-9ac8-4e50-be4d-cc0c36fbc011,A,A,COL,3,R1,AI,2
da19f7ea-9ac8-4e50-be4d-cc0c36fbc011,A,A,COL,3,R1,ORG,1
da19f7ea-9ac8-4e50-be4d-cc0c36fbc011,A,A,COL,3,R1,USER,3
da19f7ea-9ac8-4e50-be4d-cc0c36fbc011,A,A,COL,3,R2,AI,3
da19f7ea-9ac8-4e50-be4d-cc0c36fbc011,A,A,COL,3,R2,ORG,2
da19f7ea-9ac8-4e50-be4d-cc0c36fbc011,A,A,COL,3,R2,USER,1
6e2cff5b-8406-4065-b837-349b928b7479,HA,HA2,ADV,1,R1,CTRL,2
6e2cff5b-8406-4065-b837-349b928b7479,HA,HA2,ADV,1,R1,AI,1
6e2cff5b-8406-4065-b837-349b928b7479,HA,HA2,ADV,1,R1,ORG,3
6e2cff5b-8406-4065-b837-349b928b7479,HA,HA2,ADV,1,R1,USER,4
6e2cff5b-8406-4065-b837-349b928b7479,HA,HA2,ADV,1,R2,CTRL,2
6e2cff5b-8406-4065-b837-349b928b7479,HA,HA2,ADV,1,R2,AI,1
6e2cff5b-8406-4065-b837-349b928b7479,HA,HA2,ADV,1,R2,ORG,4
6e2cff5b-8406-4065-b837-349b928b7479,HA,HA2,ADV,1,R2,USER,3
6e2cff5b-8406-4065-b837-349b928b7479,HA,HA2,COL,2,R1,CTRL,1
6e2cff5b-8406-4065-b837-349b928b7479,HA,HA2,COL,2,R1,AI,2
6e2cff5b-8406-4065-b837-349b928b7479,HA,HA2,COL,2,R1,ORG,4
6e2cff5b-8406-4065-b837-349b928b7479,HA,HA2,COL,2,R1,USER,3
6e2cff5b-8406-4065-b837-349b928b7479,HA,HA2,COL,2,R2,CTRL,2
6e2cff5b-8406-4065-b837-349b928b7479,HA,HA2,COL,2,R2,AI,1
6e2cff5b-8406-4065-b837-349b928b7479,HA,HA2,COL,2,R2,ORG,4
6e2cff5b-8406-4065-b837-349b928b7479,HA,HA2,COL,2,R2,USER,3
6e2cff5b-8406-4065-b837-349b928b7479,HA,HA2,REL,3,R1,CTRL,1
6e2cff5b-8406-4065-b837-349b928b7479,HA,HA2,REL,3,R1,AI,2
6e2cff5b-8406-4065-b837-349b928b7479,HA,HA2,REL,3,R1,ORG,3
6e2cff5b-8406-4065-b837-349b928b7479,HA,HA2,REL,3,R1,USER,4
6e2cff5b-8406-4065-b837-349b928b7479,HA,HA2,REL,3,R2,CTRL,2
6e2cff5b-8406-4065-b837-349b928b7479,HA,HA2,REL,3,R2,AI,1
6e2cff5b-8406-4065-b837-349b928b7479,HA,HA2,REL,3,R2,ORG,4
6e2cff5b-8406-4065-b837-349b928b7479,HA,HA2,REL,3,R2,USER,3
8faa2c60-32b2-46cc-b834-ece3bd317218,H,H1,COL,1,R1,CTRL,1
8faa2c60-32b2-46cc-b834-ece3bd317218,H,H1,COL,1,R1,ORG,2
8faa2c60-32b2-46cc-b834-ece3bd317218,H,H1,COL,1,R1,USER,3
8faa2c60-32b2-46cc-b834-ece3bd317218,H,H1,COL,1,R2,CTRL,1
8faa2c60-32b2-46cc-b834-ece3bd317218,H,H1,COL,1,R2,ORG,2
8faa2c60-32b2-46cc-b834-ece3bd317218,H,H1,COL,1,R2,USER,3
8faa2c60-32b2-46cc-b834-ece3bd317218,H,H1,ADV,2,R1,CTRL,1
8faa2c60-32b2-46cc-b834-ece3bd317218,H,H1,ADV,2,R1,ORG,2
8faa2c60-32b2-46cc-b834-ece3bd317218,H,H1,ADV,2,R1,USER,3
8faa2c60-32b2-46cc-b834-ece3bd317218,H,H1,ADV,2,R2,CTRL,1
8faa2c60-32b2-46cc-b834-ece3bd317218,H,H1,ADV,2,R2,ORG,2
8faa2c60-32b2-46cc-b834-ece3bd317218,H,H1,ADV,2,R2,USER,3
8faa2c60-32b2-46cc-b834-ece3bd317218,H,H1,REL,3,R1,CTRL,1
8faa2c60-32b2-46cc-b834-ece3bd317218,H,H1,REL,3,R1,ORG,2
8faa2c60-32b2-46cc-b834-ece3bd317218,H,H1,REL,3,R1,USER,3
8faa2c60-32b2-46cc-b834-ece3bd317218,H,H1,REL,3,R2,CTRL,1
8faa2c60-32b2-46cc-b834-ece3bd317218,H,H1,REL,3,R2,ORG,2
8faa2c60-32b2-46cc-b834-ece3bd317218,H,H1,REL,3,R2,USER,3
463fb380-f570-480d-9931-42f2ad557433,H,H2,REL,1,R1,CTRL,1
463fb380-f570-480d-9931-42f2ad557433,H,H2,REL,1,R1,ORG,2
463fb380-f570-480d-9931-42f2ad557433,H,H2,REL,1,R1,USER,3
463fb380-f570-480d-9931-42f2ad557433,H,H2,REL,1,R2,CTRL,1
463fb380-f570-480d-9931-42f2ad557433,H,H2,REL,1,R2,ORG,2
463fb380-f570-480d-9931-42f2ad557433,H,H2,REL,1,R2,USER,3
463fb380-f570-480d-9931-42f2ad557433,H,H2,ADV,2,R1,CTRL,1
463fb380-f570-480d-9931-42f2ad557433,H,H2,ADV,2,R1,ORG,3
463fb380-f570-480d-9931-42f2ad557433,H,H2,ADV,2,R1,USER,2
463fb380-f570-480d-9931-42f2ad557433,H,H2,ADV,2,R2,CTRL,1
463fb380-f570-480d-9931-42f2ad557433,H,H2,ADV,2,R2,ORG,3
463fb380-f570-480d-9931-42f2ad557433,H,H2,ADV,2,R2,USER,2
463fb380-f570-480d-9931-42f2ad557433,H,H2,COL,3,R1,CTRL,1
463fb380-f570-480d-9931-42f2ad557433,H,H2,COL,3,R1,ORG,3
463fb380-f570-480d-9931-42f2ad557433,H,H2,COL,3,R1,USER,2
463fb380-f570-480d-9931-42f2ad557433,H,H2,COL,3,R2,CTRL,1
463fb380-f570-480d-9931-42f2ad557433,H,H2,COL,3,R2,ORG,3
463fb380-f570-480d-9931-42f2ad557433,H,H2,COL,3,R2,USER,2
f0d763cf-fc0d-42f1-9379-08fb0ef37848,H,H2,REL,1,R1,CTRL,1
f0d763cf-fc0d-42f1-9379-08fb0ef37848,H,H2,REL,1,R1,ORG,2
f0d763cf-fc0d-42f1-9379-08fb0ef37848,H,H2,REL,1,R1,USER,3
f0d763cf-fc0d-42f1-9379-08fb0ef37848,H,H2,REL,1,R2,CTRL,1
f0d763cf-fc0d-42f1-9379-08fb0ef37848,H,H2,REL,1,R2,ORG,2
f0d763cf-fc0d-42f1-9379-08fb0ef37848,H,H2,REL,1,R2,USER,3
f0d763cf-fc0d-42f1-9379-08fb0ef37848,H,H2,COL,2,R1,CTRL,1
f0d763cf-fc0d-42f1-9379-08fb0ef37848,H,H2,COL,2,R1,ORG,3
f0d763cf-fc0d-42f1-9379-08fb0ef37848,H,H2,COL,2,R1,USER,2
f0d763cf-fc0d-42f1-9379-08fb0ef37848,H,H2,COL,2,R2,CTRL,1
f0d763cf-fc0d-42f1-9379-08fb0ef37848,H,H2,COL,2,R2,ORG,3
f0d763cf-fc0d-42f1-9379-08fb0ef37848,H,H2,COL,2,R2,USER,2
f0d763cf-fc0d-42f1-9379-08fb0ef37848,H,H2,ADV,3,R1,CTRL,1
f0d763cf-fc0d-42f1-9379-08fb0ef37848,H,H2,ADV,3,R1,ORG,3
f0d763cf-fc0d-42f1-9379-08fb0ef37848,H,H2,ADV,3,R1,USER,2
f0d763cf-fc0d-42f1-9379-08fb0ef37848,H,H2,ADV,3,R2,CTRL,1
f0d763cf-fc0d-42f1-9379-08fb0ef37848,H,H2,ADV,3,R2,ORG,3
f0d763cf-fc0d-42f1-9379-08fb0ef37848,H,H2,ADV,3,R2,USER,2
264bd985-be06-4236-b801-8bf606006339,HA,HA1,ADV,1,R1,CTRL,4
264bd985-be06-4236-b801-8bf606006339,HA,HA1,ADV,1,R1,AI,1
264bd985-be06-4236-b801-8bf606006339,HA,HA1,ADV,1,R1,ORG,3
264bd985-be06-4236-b801-8bf606006339,HA,HA1,ADV,1,R1,USER,2
264bd985-be06-4236-b801-8bf606006339,HA,HA1,ADV,1,R2,CTRL,4
264bd985-be06-4236-b801-8bf606006339,HA,HA1,ADV,1,R2,AI,1
264bd985-be06-4236-b801-8bf606006339,HA,HA1,ADV,1,R2,ORG,3
264bd985-be06-4236-b801-8bf606006339,HA,HA1,ADV,1,R2,USER,2
264bd985-be06-4236-b801-8bf606006339,HA,HA1,COL,2,R1,CTRL,4
264bd985-be06-4236-b801-8bf606006339,HA,HA1,COL,2,R1,AI,1
264bd985-be06-4236-b801-8bf606006339,HA,HA1,COL,2,R1,ORG,3
264bd985-be06-4236-b801-8bf606006339,HA,HA1,COL,2,R1,USER,2
264bd985-be06-4236-b801-8bf606006339,HA,HA1,COL,2,R2,CTRL,4
264bd985-be06-4236-b801-8bf606006339,HA,HA1,COL,2,R2,AI,1
264bd985-be06-4236-b801-8bf606006339,HA,HA1,COL,2,R2,ORG,3
264bd985-be06-4236-b801-8bf606006339,HA,HA1,COL,2,R2,USER,2
264bd985-be06-4236-b801-8bf606006339,HA,HA1,REL,3,R1,CTRL,2
264bd985-be06-4236-b801-8bf606006339,HA,HA1,REL,3,R1,AI,1
264bd985-be06-4236-b801-8bf606006339,HA,HA1,REL,3,R1,ORG,4
264bd985-be06-4236-b801-8bf606006339,HA,HA1,REL,3,R1,USER,3
264bd985-be06-4236-b801-8bf606006339,HA,HA1,REL,3,R2,CTRL,1
264bd985-be06-4236-b801-8bf606006339,HA,HA1,REL,3,R2,AI,2
264bd985-be06-4236-b801-8bf606006339,HA,HA1,REL,3,R2,ORG,3
264bd985-be06-4236-b801-8bf606006339,HA,HA1,REL,3,R2,USER,4
4a8b5ef8-e2d7-413d-ad19-dffc975b1fcb,HA,HA3,ADV,1,R1,CTRL,4
4a8b5ef8-e2d7-413d-ad19-dffc975b1fcb,HA,HA3,ADV,1,R1,AI,1
4a8b5ef8-e2d7-413d-ad19-dffc975b1fcb,HA,HA3,ADV,1,R1,ORG,3
4a8b5ef8-e2d7-413d-ad19-dffc975b1fcb,HA,HA3,ADV,1,R1,USER,2
4a8b5ef8-e2d7-413d-ad19-dffc975b1fcb,HA,HA3,ADV,1,R2,CTRL,4
4a8b5ef8-e2d7-413d-ad19-dffc975b1fcb,HA,HA3,ADV,1,R2,AI,2
4a8b5ef8-e2d7-413d-ad19-dffc975b1fcb,HA,HA3,ADV,1,R2,ORG,3
4a8b5ef8-e2d7-413d-ad19-dffc975b1fcb,HA,HA3,ADV,1,R2,USER,1
4a8b5ef8-e2d7-413d-ad19-dffc975b1fcb,HA,HA3,COL,2,R1,CTRL,4
4a8b5ef8-e2d7-413d-ad19-dffc975b1fcb,HA,HA3,COL,2,R1,AI,2
4a8b5ef8-e2d7-413d-ad19-dffc975b1fcb,HA,HA3,COL,2,R1,ORG,3
4a8b5ef8-e2d7-413d-ad19-dffc975b1fcb,HA,HA3,COL,2,R1,USER,1
4a8b5ef8-e2d7-413d-ad19-dffc975b1fcb,HA,HA3,COL,2,R2,CTRL,4
4a8b5ef8-e2d7-413d-ad19-dffc975b1fcb,HA,HA3,COL,2,R2,AI,2
4a8b5ef8-e2d7-413d-ad19-dffc975b1fcb,HA,HA3,COL,2,R2,ORG,3
4a8b5ef8-e2d7-413d-ad19-dffc975b1fcb,HA,HA3,COL,2,R2,USER,1
4a8b5ef8-e2d7-413d-ad19-dffc975b1fcb,HA,HA3,REL,3,R1,CTRL,4
4a8b5ef8-e2d7-413d-ad19-dffc975b1fcb,HA,HA3,REL,3,R1,AI,3
4a8b5ef8-e2d7-413d-ad19-dffc975b1fcb,HA,HA3,REL,3,R1,ORG,2
4a8b5ef8-e2d7-413d-ad19-dffc975b1fcb,HA,HA3,REL,3,R1,USER,1
4a8b5ef8-e2d7-413d-ad19-dffc975b1fcb,HA,HA3,REL,3,R2,CTRL,4
4a8b5ef8-e2d7-413d-ad19-dffc975b1fcb,HA,HA3,REL,3,R2,AI,2
4a8b5ef8-e2d7-413d-ad19-dffc975b1fcb,HA,HA3,REL,3,R2,ORG,3
4a8b5ef8-e2d7-413d-ad19-dffc975b1fcb,HA,HA3,REL,3,R2,USER,1
bb025fff-aab5-4a7a-8e38-52762a053619,H,H3,ADV,1,R1,CTRL,1
bb025fff-aab5-4a7a-8e38-52762a053619,H,H3,ADV,1,R1,ORG,2
bb025fff-aab5-4a7a-8e38-52762a053619,H,H3,ADV,1,R1,USER,3
bb025fff-aab5-4a7a-8e38-52762a053619,H,H3,ADV,1,R2,CTRL,1
bb025fff-aab5-4a7a-8e38-52762a053619,H,H3,ADV,1,R2,ORG,3
bb025fff-aab5-4a7a-8e38-52762a053619,H,H3,ADV,1,R2,USER,2
bb025fff-aab5-4a7a-8e38-52762a053619,H,H3,REL,2,R1,CTRL,1
bb025fff-aab5-4a7a-8e38-52762a053619,H,H3,REL,2,R1,ORG,2
bb025fff-aab5-4a7a-8e38-52762a053619,H,H3,REL,2,R1,USER,3
bb025fff-aab5-4a7a-8e38-52762a053619,H,H3,REL,2,R2,CTRL,1
bb025fff-aab5-4a7a-8e38-52762a053619,H,H3,REL,2,R2,ORG,2
bb025fff-aab5-4a7a-8e38-52762a053619,H,H3,REL,2,R2,USER,3
bb025fff-aab5-4a7a-8e38-52762a053619,H,H3,COL,3,R1,CTRL,1
bb025fff-aab5-4a7a-8e38-52762a053619,H,H3,COL,3,R1,ORG,2
bb025fff-aab5-4a7a-8e38-52762a053619,H,H3,COL,3,R1,USER,3
bb025fff-aab5-4a7a-8e38-52762a053619,H,H3,COL,3,R2,CTRL,1
bb025fff-aab5-4a7a-8e38-52762a053619,H,H3,COL,3,R2,ORG,2
bb025fff-aab5-4a7a-8e38-52762a053619,H,H3,COL,3,R2,USER,3
e45afbd6-e28d-4d17-aa92-b98e06c71f55,A,A,REL,1,R1,AI,3
e45afbd6-e28d-4d17-aa92-b98e06c71f55,A,A,REL,1,R1,ORG,1
e45afbd6-e28d-4d17-aa92-b98e06c71f55,A,A,REL,1,R1,USER,2
e45afbd6-e28d-4d17-aa92-b98e06c71f55,A,A,REL,1,R2,AI,1
e45afbd6-e28d-4d17-aa92-b98e06c71f55,A,A,REL,1,R2,ORG,2
e45afbd6-e28d-4d17-aa92-b98e06c71f55,A,A,REL,1,R2,USER,3
e45afbd6-e28d-4d17-aa92-b98e06c71f55,A,A,COL,2,R1,AI,1
e45afbd6-e28d-4d17-aa92-b98e06c71f55,A,A,COL,2,R1,ORG,2
e45afbd6-e28d-4d17-aa92-b98e06c71f55,A,A,COL,2,R1,USER,3
e45afbd6-e28d-4d17-aa92-b98e06c71f55,A,A,COL,2,R2,AI,3
e45afbd6-e28d-4d17-aa92-b98e06c71f55,A,A,COL,2,R2,ORG,2
e45afbd6-e28d-4d17-aa92-b98e06c71f55,A,A,COL,2,R2,USER,1
e45afbd6-e28d-4d17-aa92-b98e06c71f55,A,A,ADV,3,R1,AI,1
e45afbd6-e28d-4d17-aa92-b98e06c71f55,A,A,ADV,3,R1,ORG,2
e45afbd6-e28d-4d17-aa92-b98e06c71f55,A,A,ADV,3,R1,USER,3
e45afbd6-e28d-4d17-aa92-b98e06c71f55,A,A,ADV,3,R2,AI,3
e45afbd6-e28d-4d17-aa92-b98e06c71f55,A,A,ADV,3,R2,ORG,2
e45afbd6-e28d-4d17-aa92-b98e06c71f55,A,A,ADV,3,R2,USER,1
519d690e-145b-4728-915b-df963bc5a3d9,A,A,COL,1,R1,AI,2
519d690e-145b-4728-915b-df963bc5a3d9,A,A,COL,1,R1,ORG,1
519d690e-145b-4728-915b-df963bc5a3d9,A,A,COL,1,R1,USER,3
519d690e-145b-4728-915b-df963bc5a3d9,A,A,COL,1,R2,AI,3
519d690e-145b-4728-915b-df963bc5a3d9,A,A,COL,1,R2,ORG,1
519d690e-145b-4728-915b-df963bc5a3d9,A,A,COL,1,R2,USER,2
519d690e-145b-4728-915b-df963bc5a3d9,A,A,REL,2,R1,AI,2
519d690e-145b-4728-915b-df963bc5a3d9,A,A,REL,2,R1,ORG,1
519d690e-145b-4728-915b-df963bc5a3d9,A,A,REL,2,R1,USER,3
519d690e-145b-4728-915b-df963bc5a3d9,A,A,REL,2,R2,AI,2
519d690e-145b-4728-915b-df963bc5a3d9,A,A,REL,2,R2,ORG,1
519d690e-145b-4728-915b-df963bc5a3d9,A,A,REL,2,R2,USER,3
519d690e-145b-4728-915b-df963bc5a3d9,A,A,ADV,3,R1,AI,2
519d690e-145b-4728-915b-df963bc5a3d9,A,A,ADV,3,R1,ORG,1
519d690e-145b-4728-915b-df963bc5a3d9,A,A,ADV,3,R1,USER,3
519d690e-145b-4728-915b-df963bc5a3d9,A,A,ADV,3,R2,AI,2
519d690e-145b-4728-915b-df963bc5a3d9,A,A,ADV,3,R2,ORG,1
519d690e-145b-4728-915b-df963bc5a3d9,A,A,ADV,3,R2,USER,3
79f724e9-1173-47f5-965d-cde0a57fcc79,HA,HA2,ADV,1,R1,CTRL,1
79f724e9-1173-47f5-965d-cde0a57fcc79,HA,HA2,ADV,1,R1,AI,2
79f724e9-1173-47f5-965d-cde0a57fcc79,HA,HA2,ADV,1,R1,ORG,4
79f724e9-1173-47f5-965d-cde0a57fcc79,HA,HA2,ADV,1,R1,USER,3
79f724e9-1173-47f5-965d-cde0a57fcc79,HA,HA2,ADV,1,R2,CTRL,1
79f724e9-1173-47f5-965d-cde0a57fcc79,HA,HA2,ADV,1,R2,AI,2
79f724e9-1173-47f5-965d-cde0a57fcc79,HA,HA2,ADV,1,R2,ORG,4
79f724e9-1173-47f5-965d-cde0a57fcc79,HA,HA2,ADV,1,R2,USER,3
79f724e9-1173-47f5-965d-cde0a57fcc79,HA,HA2,REL,2,R1,CTRL,2
79f724e9-1173-47f5-965d-cde0a57fcc79,HA,HA2,REL,2,R1,AI,3
79f724e9-1173-47f5-965d-cde0a57fcc79,HA,HA2,REL,2,R1,ORG,4
79f724e9-1173-47f5-965d-cde0a57fcc79,HA,HA2,REL,2,R1,USER,1
79f724e9-1173-47f5-965d-cde0a57fcc79,HA,HA2,REL,2,R2,CTRL,2
79f724e9-1173-47f5-965d-cde0a57fcc79,HA,HA2,REL,2,R2,AI,3
79f724e9-1173-47f5-965d-cde0a57fcc79,HA,HA2,REL,2,R2,ORG,4
79f724e9-1173-47f5-965d-cde0a57fcc79,HA,HA2,REL,2,R2,USER,1
79f724e9-1173-47f5-965d-cde0a57fcc79,HA,HA2,COL,3,R1,CTRL,1
79f724e9-1173-47f5-965d-cde0a57fcc79,HA,HA2,COL,3,R1,AI,3
79f724e9-1173-47f5-965d-cde0a57fcc79,HA,HA2,COL,3,R1,ORG,4
79f724e9-1173-47f5-965d-cde0a57fcc79,HA,HA2,COL,3,R1,USER,2
79f724e9-1173-47f5-965d-cde0a57fcc79,HA,HA2,COL,3,R2,CTRL,1
79f724e9-1173-47f5-965d-cde0a57fcc79,HA,HA2,COL,3,R2,AI,3
79f724e9-1173-47f5-965d-cde0a57fcc79,HA,HA2,COL,3,R2,ORG,4
79f724e9-1173-47f5-965d-cde0a57fcc79,HA,HA2,COL,3,R2,USER,2
45335c85-8513-4740-9709-a40f47307552,HA,HA3,COL,1,R1,CTRL,4
45335c85-8513-4740-9709-a40f47307552,HA,HA3,COL,1,R1,AI,3
45335c85-8513-4740-9709-a40f47307552,HA,HA3,COL,1,R1,ORG,2
45335c85-8513-4740-9709-a40f47307552,HA,HA3,COL,1,R1,USER,1
45335c85-8513-4740-9709-a40f47307552,HA,HA3,COL,1,R2,CTRL,1
45335c85-8513-4740-9709-a40f47307552,HA,HA3,COL,1,R2,AI,4
45335c85-8513-4740-9709-a40f47307552,HA,HA3,COL,1,R2,ORG,3
45335c85-8513-4740-9709-a40f47307552,HA,HA3,COL,1,R2,USER,2
45335c85-8513-4740-9709-a40f47307552,HA,HA3,REL,2,R1,CTRL,1
45335c85-8513-4740-9709-a40f47307552,HA,HA3,REL,2,R1,AI,2
45335c85-8513-4740-9709-a40f47307552,HA,HA3,REL,2,R1,ORG,3
45335c85-8513-4740-9709-a40f47307552,HA,HA3,REL,2,R1,USER,4
45335c85-8513-4740-9709-a40f47307552,HA,HA3,REL,2,R2,CTRL,4
45335c85-8513-4740-9709-a40f47307552,HA,HA3,REL,2,R2,AI,3
45335c85-8513-4740-9709-a40f47307552,HA,HA3,REL,2,R2,ORG,2
45335c85-8513-4740-9709-a40f47307552,HA,HA3,REL,2,R2,USER,1
45335c85-8513-4740-9709-a40f47307552,HA,HA3,ADV,3,R1,CTRL,1
45335c85-8513-4740-9709-a40f47307552,HA,HA3,ADV,3,R1,AI,3
45335c85-8513-4740-9709-a40f47307552,HA,HA3,ADV,3,R1,ORG,2
45335c85-8513-4740-9709-a40f47307552,HA,HA3,ADV,3,R1,USER,4
45335c85-8513-4740-9709-a40f47307552,HA,HA3,ADV,3,R2,CTRL,2
45335c85-8513-4740-9709-a40f47307552,HA,HA3,ADV,3,R2,AI,1
45335c85-8513-4740-9709-a40f47307552,HA,HA3,ADV,3,R2,ORG,3
45335c85-8513-4740-9709-a40f47307552,HA,HA3,ADV,3,R2,USER,4
d10075e5-701a-4ad1-9287-91b341c8a222,H,H2,COL,1,R1,CTRL,1
d10075e5-701a-4ad1-9287-91b341c8a222,H,H2,COL,1,R1,ORG,2
d10075e5-701a-4ad1-9287-91b341c8a222,H,H2,COL,1,R1,USER,3
d10075e5-701a-4ad1-9287-91b341c8a222,H,H2,COL,1,R2,CTRL,1
d10075e5-701a-4ad1-9287-91b341c8a222,H,H2,COL,1,R2,ORG,3
d10075e5-701a-4ad1-9287-91b341c8a222,H,H2,COL,1,R2,USER,2
d10075e5-701a-4ad1-9287-91b341c8a222,H,H2,REL,2,R1,CTRL,1
d10075e5-701a-4ad1-9287-91b341c8a222,H,H2,REL,2,R1,ORG,2
d10075e5-701a-4ad1-9287-91b341c8a222,H,H2,REL,2,R1,USER,3
d10075e5-701a-4ad1-9287-91b341c8a222,H,H2,REL,2,R2,CTRL,1
d10075e5-701a-4ad1-9287-91b341c8a222,H,H2,REL,2,R2,ORG,3
d10075e5-701a-4ad1-9287-91b341c8a222,H,H2,REL,2,R2,USER,2
d10075e5-701a-4ad1-9287-91b341c8a222,H,H2,ADV,3,R1,CTRL,1
d10075e5-701a-4ad1-9287-91b341c8a222,H,H2,ADV,3,R1,ORG,2
d10075e5-701a-4ad1-9287-91b341c8a222,H,H2,ADV,3,R1,USER,3
d10075e5-701a-4ad1-9287-91b341c8a222,H,H2,ADV,3,R2,CTRL,1
d10075e5-701a-4ad1-9287-91b341c8a222,H,H2,ADV,3,R2,ORG,3
d10075e5-701a-4ad1-9287-91b341c8a222,H,H2,ADV,3,R2,USER,2
357d1afd-c0ea-4c83-8cdd-8a44c9cdb7ff,H,H1,ADV,1,R1,CTRL,1
357d1afd-c0ea-4c83-8cdd-8a44c9cdb7ff,H,H1,ADV,1,R1,ORG,3
357d1afd-c0ea-4c83-8cdd-8a44c9cdb7ff,H,H1,ADV,1,R1,USER,2
357d1afd-c0ea-4c83-8cdd-8a44c9cdb7ff,H,H1,ADV,1,R2,CTRL,1
357d1afd-c0ea-4c83-8cdd-8a44c9cdb7ff,H,H1,ADV,1,R2,ORG,3
357d1afd-c0ea-4c83-8cdd-8a44c9cdb7ff,H,H1,ADV,1,R2,USER,2
357d1afd-c0ea-4c83-8cdd-8a44c9cdb7ff,H,H1,REL,2,R1,CTRL,1
357d1afd-c0ea-4c83-8cdd-8a44c9cdb7ff,H,H1,REL,2,R1,ORG,3
357d1afd-c0ea-4c83-8cdd-8a44c9cdb7ff,H,H1,REL,2,R1,USER,2
357d1afd-c0ea-4c83-8cdd-8a44c9cdb7ff,H,H1,REL,2,R2,CTRL,1
357d1afd-c0ea-4c83-8cdd-8a44c9cdb7ff,H,H1,REL,2,R2,ORG,3
357d1afd-c0ea-4c83-8cdd-8a44c9cdb7ff,H,H1,REL,2,R2,USER,2
357d1afd-c0ea-4c83-8cdd-8a44c9cdb7ff,H,H1,COL,3,R1,CTRL,1
357d1afd-c0ea-4c83-8cdd-8a44c9cdb7ff,H,H1,COL,3,R1,ORG,2
357d1afd-c0ea-4c83-8cdd-8a44c9cdb7ff,H,H1,COL,3,R1,USER,3
357d1afd-c0ea-4c83-8cdd-8a44c9cdb7ff,H,H1,COL,3,R2,CTRL,1
357d1afd-c0ea-4c83-8cdd-8a44c9cdb7ff,H,H1,COL,3,R2,ORG,2
357d1afd-c0ea-4c83-8cdd-8a44c9cdb7ff,H,H1,COL,3,R2,USER,3
4ac4ab37-98a0-4098-bd2a-7e06d5664e8b,H,H1,REL,1,R1,CTRL,1
4ac4ab37-98a0-4098-bd2a-7e06d5664e8b,H,H1,REL,1,R1,ORG,2
4ac4ab37-98a0-4098-bd2a-7e06d5664e8b,H,H1,REL,1,R1,USER,3
4ac4ab37-98a0-4098-bd2a-7e06d5664e8b,H,H1,REL,1,R2,CTRL,1
4ac4ab37-98a0-4098-bd2a-7e06d5664e8b,H,H1,REL,1,R2,ORG,2
4ac4ab37-98a0-4098-bd2a-7e06d5664e8b,H,H1,REL,1,R2,USER,3
4ac4ab37-98a0-4098-bd2a-7e06d5664e8b,H,H1,COL,2,R1,CTRL,1
4ac4ab37-98a0-4098-bd2a-7e06d5664e8b,H,H1,COL,2,R1,ORG,2
4ac4ab37-98a0-4098-bd2a-7e06d5664e8b,H,H1,COL,2,R1,USER,3
4ac4ab37-98a0-4098-bd2a-7e06d5664e8b,H,H1,COL,2,R2,CTRL,1
4ac4ab37-98a0-4098-bd2a-7e06d5664e8b,H,H1,COL,2,R2,ORG,2
4ac4ab37-98a0-4098-bd2a-7e06d5664e8b,H,H1,COL,2,R2,USER,3
4ac4ab37-98a0-4098-bd2a-7e06d5664e8b,H,H1,ADV,3,R1,CTRL,1
4ac4ab37-98a0-4098-bd2a-7e06d5664e8b,H,H1,ADV,3,R1,ORG,2
4ac4ab37-98a0-4098-bd2a-7e06d5664e8b,H,H1,ADV,3,R1,USER,3
4ac4ab37-98a0-4098-bd2a-7e06d5664e8b,H,H1,ADV,3,R2,CTRL,1
4ac4ab37-98a0-4098-bd2a-7e06d5664e8b,H,H1,ADV,3,R2,ORG,2
4ac4ab37-98a0-4098-bd2a-7e06d5664e8b,H,H1,ADV,3,R2,USER,3
64a23df8-30b9-4574-9fba-67a5881383a7,A,A,ADV,1,R1,AI,2
64a23df8-30b9-4574-9fba-67a5881383a7,A,A,ADV,1,R1,ORG,1
64a23df8-30b9-4574-9fba-67a5881383a7,A,A,ADV,1,R1,USER,3
64a23df8-30b9-4574-9fba-67a5881383a7,A,A,ADV,1,R2,AI,2
64a23df8-30b9-4574-9fba-67a5881383a7,A,A,ADV,1,R2,ORG,1
64a23df8-30b9-4574-9fba-67a5881383a7,A,A,ADV,1,R2,USER,3
64a23df8-30b9-4574-9fba-67a5881383a7,A,A,COL,2,R1,AI,3
64a23df8-30b9-4574-9fba-67a5881383a7,A,A,COL,2,R1,ORG,1
64a23df8-30b9-4574-9fba-67a5881383a7,A,A,COL,2,R1,USER,2
64a23df8-30b9-4574-9fba-67a5881383a7,A,A,COL,2,R2,AI,3
64a23df8-30b9-4574-9fba-67a5881383a7,A,A,COL,2,R2,ORG,2
64a23df8-30b9-4574-9fba-67a5881383a7,A,A,COL,2,R2,USER,1
64a23df8-30b9-4574-9fba-67a5881383a7,A,A,REL,3,R1,AI,2
64a23df8-30b9-4574-9fba-67a5881383a7,A,A,REL,3,R1,ORG,3
64a23df8-30b9-4574-9fba-67a5881383a7,A,A,REL,3,R1,USER,1
64a23df8-30b9-4574-9fba-67a5881383a7,A,A,REL,3,R2,AI,2
64a23df8-30b9-4574-9fba-67a5881383a7,A,A,REL,3,R2,ORG,3
64a23df8-30b9-4574-9fba-67a5881383a7,A,A,REL,3,R2,USER,1
42a2775d-0762-4f6c-8db9-29bed627496f,HA,HA1,REL,1,R1,CTRL,1
42a2775d-0762-4f6c-8db9-29bed627496f,HA,HA1,REL,1,R1,AI,2
42a2775d-0762-4f6c-8db9-29bed627496f,HA,HA1,REL,1,R1,ORG,3
42a2775d-0762-4f6c-8db9-29bed627496f,HA,HA1,REL,1,R1,USER,4
42a2775d-0762-4f6c-8db9-29bed627496f,HA,HA1,REL,1,R2,CTRL,1
42a2775d-0762-4f6c-8db9-29bed627496f,HA,HA1,REL,1,R2,AI,2
42a2775d-0762-4f6c-8db9-29bed627496f,HA,HA1,REL,1,R2,ORG,3
42a2775d-0762-4f6c-8db9-29bed627496f,HA,HA1,REL,1,R2,USER,4
42a2775d-0762-4f6c-8db9-29bed627496f,HA,HA1,COL,2,R1,CTRL,1
42a2775d-0762-4f6c-8db9-29bed627496f,HA,HA1,COL,2,R1,AI,2
42a2775d-0762-4f6c-8db9-29bed627496f,HA,HA1,COL,2,R1,ORG,3
42a2775d-0762-4f6c-8db9-29bed627496f,HA,HA1,COL,2,R1,USER,4
42a2775d-0762-4f6c-8db9-29bed627496f,HA,HA1,COL,2,R2,CTRL,1
42a2775d-0762-4f6c-8db9-29bed627496f,HA,HA1,COL,2,R2,AI,2
42a2775d-0762-4f6c-8db9-29bed627496f,HA,HA1,COL,2,R2,ORG,3
42a2775d-0762-4f6c-8db9-29bed627496f,HA,HA1,COL,2,R2,USER,4
42a2775d-0762-4f6c-8db9-29bed627496f,HA,HA1,ADV,3,R1,CTRL,1
42a2775d-0762-4f6c-8db9-29bed627496f,HA,HA1,ADV,3,R1,AI,3
42a2775d-0762-4f6c-8db9-29bed627496f,HA,HA1,ADV,3,R1,ORG,4
42a2775d-0762-4f6c-8db9-29bed627496f,HA,HA1,ADV,3,R1,USER,2
42a2775d-0762-4f6c-8db9-29bed627496f,HA,HA1,ADV,3,R2,CTRL,1
42a2775d-0762-4f6c-8db9-29bed627496f,HA,HA1,ADV,3,R2,AI,3
42a2775d-0762-4f6c-8db9-29bed627496f,HA,HA1,ADV,3,R2,ORG,4
42a2775d-0762-4f6c-8db9-29bed627496f,HA,HA1,ADV,3,R2,USER,2
08e1efe6-109f-4228-8f00-3eebb66dbe80,H,H1,ADV,1,R1,CTRL,2
08e1efe6-109f-4228-8f00-3eebb66dbe80,H,H1,ADV,1,R1,ORG,3
08e1efe6-109f-4228-8f00-3eebb66dbe80,H,H1,ADV,1,R1,USER,1
08e1efe6-109f-4228-8f00-3eebb66dbe80,H,H1,ADV,1,R2,CTRL,2
08e1efe6-109f-4228-8f00-3eebb66dbe80,H,H1,ADV,1,R2,ORG,3
08e1efe6-109f-4228-8f00-3eebb66dbe80,H,H1,ADV,1,R2,USER,1
08e1efe6-109f-4228-8f00-3eebb66dbe80,H,H1,COL,2,R1,CTRL,2
08e1efe6-109f-4228-8f00-3eebb66dbe80,H,H1,COL,2,R1,ORG,3
08e1efe6-109f-4228-8f00-3eebb66dbe80,H,H1,COL,2,R1,USER,1
08e1efe6-109f-4228-8f00-3eebb66dbe80,H,H1,COL,2,R2,CTRL,2
08e1efe6-109f-4228-8f00-3eebb66dbe80,H,H1,COL,2,R2,ORG,3
08e1efe6-109f-4228-8f00-3eebb66dbe80,H,H1,COL,2,R2,USER,1
08e1efe6-109f-4228-8f00-3eebb66dbe80,H,H1,REL,3,R1,CTRL,1
08e1efe6-109f-4228-8f00-3eebb66dbe80,H,H1,REL,3,R1,ORG,2
08e1efe6-109f-4228-8f00-3eebb66dbe80,H,H1,REL,3,R1,USER,3
08e1efe6-109f-4228-8f00-3eebb66dbe80,H,H1,REL,3,R2,CTRL,1
08e1efe6-109f-4228-8f00-3eebb66dbe80,H,H1,REL,3,R2,ORG,2
08e1efe6-109f-4228-8f00-3eebb66dbe80,H,H1,REL,3,R2,USER,3
7aedf4f2-bfce-44c6-9743-4ca039c5065a,HA,HA1,COL,1,R1,CTRL,1
7aedf4f2-bfce-44c6-9743-4ca039c5065a,HA,HA1,COL,1,R1,AI,4
7aedf4f2-bfce-44c6-9743-4ca039c5065a,HA,HA1,COL,1,R1,ORG,3
7aedf4f2-bfce-44c6-9743-4ca039c5065a,HA,HA1,COL,1,R1,USER,2
7aedf4f2-bfce-44c6-9743-4ca039c5065a,HA,HA1,COL,1,R2,CTRL,1
7aedf4f2-bfce-44c6-9743-4ca039c5065a,HA,HA1,COL,1,R2,AI,3
7aedf4f2-bfce-44c6-9743-4ca039c5065a,HA,HA1,COL,1,R2,ORG,2
7aedf4f2-bfce-44c6-9743-4ca039c5065a,HA,HA1,COL,1,R2,USER,4
7aedf4f2-bfce-44c6-9743-4ca039c5065a,HA,HA1,ADV,2,R1,CTRL,4
7aedf4f2-bfce-44c6-9743-4ca039c5065a,HA,HA1,ADV,2,R1,AI,3
7aedf4f2-bfce-44c6-9743-4ca039c5065a,HA,HA1,ADV,2,R1,ORG,2
7aedf4f2-bfce-44c6-9743-4ca039c5065a,HA,HA1,ADV,2,R1,USER,1
7aedf4f2-bfce-44c6-9743-4ca039c5065a,HA,HA1,ADV,2,R2,CTRL,1
7aedf4f2-bfce-44c6-9743-4ca039c5065a,HA,HA1,ADV,2,R2,AI,3
7aedf4f2-bfce-44c6-9743-4ca039c5065a,HA,HA1,ADV,2,R2,ORG,2
7aedf4f2-bfce-44c6-9743-4ca039c5065a,HA,HA1,ADV,2,R2,USER,4
7aedf4f2-bfce-44c6-9743-4ca039c5065a,HA,HA1,REL,3,R1,CTRL,2
7aedf4f2-bfce-44c6-9743-4ca039c5065a,HA,HA1,REL,3,R1,AI,3
7aedf4f2-bfce-44c6-9743-4ca039c5065a,HA,HA1,REL,3,R1,ORG,1
7aedf4f2-bfce-44c6-9743-4ca039c5065a,HA,HA1,REL,3,R1,USER,4
7aedf4f2-bfce-44c6-9743-4ca039c5065a,HA,HA1,REL,3,R2,CTRL,1
7aedf4f2-bfce-44c6-9743-4ca039c5065a,HA,HA1,REL,3,R2,AI,3
7aedf4f2-bfce-44c6-9743-4ca039c5065a,HA,HA1,REL,3,R2,ORG,2
7aedf4f2-bfce-44c6-9743-4ca039c5065a,HA,HA1,REL,3,R2,USER,4
4976c1a8-bbc9-42df-a1c0-6682bcd7e764,H,H3,REL,1,R1,CTRL,1
4976c1a8-bbc9-42df-a1c0-6682bcd7e764,H,H3,REL,1,R1,ORG,2
4976c1a8-bbc9-42df-a1c0-6682bcd7e764,H,H3,REL,1,R1,USER,3
4976c1a8-bbc9-42df-a1c0-6682bcd7e764,H,H3,REL,1,R2,CTRL,1
4976c1a8-bbc9-42df-a1c0-6682bcd7e764,H,H3,REL,1,R2,ORG,2
4976c1a8-bbc9-42df-a1c0-6682bcd7e764,H,H3,REL,1,R2,USER,3
4976c1a8-bbc9-42df-a1c0-6682bcd7e764,H,H3,COL,2,R1,CTRL,1
4976c1a8-bbc9-42df-a1c0-6682bcd7e764,H,H3,COL,2,R1,ORG,2
4976c1a8-bbc9-42df-a1c0-6682bcd7e764,H,H3,COL,2,R1,USER,3
4976c1a8-bbc9-42df-a1c0-6682bcd7e764,H,H3,COL,2,R2,CTRL,1
4976c1a8-bbc9-42df-a1c0-6682bcd7e764,H,H3,COL,2,R2,ORG,2
4976c1a8-bbc9-42df-a1c0-6682bcd7e764,H,H3,COL,2,R2,USER,3
4976c1a8-bbc9-42df-a1c0-6682bcd7e764,H,H3,ADV,3,R1,CTRL,1
4976c1a8-bbc9-42df-a1c0-6682bcd7e764,H,H3,ADV,3,R1,ORG,2
4976c1a8-bbc9-42df-a1c0-6682bcd7e764,H,H3,ADV,3,R1,USER,3
4976c1a8-bbc9-42df-a1c0-6682bcd7e764,H,H3,ADV,3,R2,CTRL,1
4976c1a8-bbc9-42df-a1c0-6682bcd7e764,H,H3,ADV,3,R2,ORG,2
4976c1a8-bbc9-42df-a1c0-6682bcd7e764,H,H3,ADV,3,R2,USER,3
e1697579-b003-4576-99c0-50728c038365,HA,HA3,COL,1,R1,CTRL,1
e1697579-b003-4576-99c0-50728c038365,HA,HA3,COL,1,R1,AI,3
e1697579-b003-4576-99c0-50728c038365,HA,HA3,COL,1,R1,ORG,2
e1697579-b003-4576-99c0-50728c038365,HA,HA3,COL,1,R1,USER,4
e1697579-b003-4576-99c0-50728c038365,HA,HA3,COL,1,R2,CTRL,1
e1697579-b003-4576-99c0-50728c038365,HA,HA3,COL,1,R2,AI,2
e1697579-b003-4576-99c0-50728c038365,HA,HA3,COL,1,R2,ORG,3
e1697579-b003-4576-99c0-50728c038365,HA,HA3,COL,1,R2,USER,4
e1697579-b003-4576-99c0-50728c038365,HA,HA3,ADV,2,R1,CTRL,1
e1697579-b003-4576-99c0-50728c038365,HA,HA3,ADV,2,R1,AI,4
e1697579-b003-4576-99c0-50728c038365,HA,HA3,ADV,2,R1,ORG,3
e1697579-b003-4576-99c0-50728c038365,HA,HA3,ADV,2,R1,USER,2
e1697579-b003-4576-99c0-50728c038365,HA,HA3,ADV,2,R2,CTRL,4
e1697579-b003-4576-99c0-50728c038365,HA,HA3,ADV,2,R2,AI,3
e1697579-b003-4576-99c0-50728c038365,HA,HA3,ADV,2,R2,ORG,1
e1697579-b003-4576-99c0-50728c038365,HA,HA3,ADV,2,R2,USER,2
e1697579-b003-4576-99c0-50728c038365,HA,HA3,REL,3,R1,CTRL,2
e1697579-b003-4576-99c0-50728c038365,HA,HA3,REL,3,R1,AI,4
e1697579-b003-4576-99c0-50728c038365,HA,HA3,REL,3,R1,ORG,1
e1697579-b003-4576-99c0-50728c038365,HA,HA3,REL,3,R1,USER,3
e1697579-b003-4576-99c0-50728c038365,HA,HA3,REL,3,R2,CTRL,3
e1697579-b003-4576-99c0-50728c038365,HA,HA3,REL,3,R2,AI,1
e1697579-b003-4576-99c0-50728c038365,HA,HA3,REL,3,R2,ORG,2
e1697579-b003-4576-99c0-50728c038365,HA,HA3,REL,3,R2,USER,4
0ac9ae9b-90e6-465b-9c1b-2ee104862e59,HA,HA1,COL,1,R1,CTRL,1
0ac9ae9b-90e6-465b-9c1b-2ee104862e59,HA,HA1,COL,1,R1,AI,3
0ac9ae9b-90e6-465b-9c1b-2ee104862e59,HA,HA1,COL,1,R1,ORG,4
0ac9ae9b-90e6-465b-9c1b-2ee104862e59,HA,HA1,COL,1,R1,USER,2
0ac9ae9b-90e6-465b-9c1b-2ee104862e59,HA,HA1,COL,1,R2,CTRL,2
0ac9ae9b-90e6-465b-9c1b-2ee104862e59,HA,HA1,COL,1,R2,AI,3
0ac9ae9b-90e6-465b-9c1b-2ee104862e59,HA,HA1,COL,1,R2,ORG,4
0ac9ae9b-90e6-465b-9c1b-2ee104862e59,HA,HA1,COL,1,R2,USER,1
0ac9ae9b-90e6-465b-9c1b-2ee104862e59,HA,HA1,REL,2,R1,CTRL,1
0ac9ae9b-90e6-465b-9c1b-2ee104862e59,HA,HA1,REL,2,R1,AI,2
0ac9ae9b-90e6-465b-9c1b-2ee104862e59,HA,HA1,REL,2,R1,ORG,3
0ac9ae9b-90e6-465b-9c1b-2ee104862e59,HA,HA1,REL,2,R1,USER,4
0ac9ae9b-90e6-465b-9c1b-2ee104862e59,HA,HA1,REL,2,R2,CTRL,1
0ac9ae9b-90e6-465b-9c1b-2ee104862e59,HA,HA1,REL,2,R2,AI,2
0ac9ae9b-90e6-465b-9c1b-2ee104862e59,HA,HA1,REL,2,R2,ORG,3
0ac9ae9b-90e6-465b-9c1b-2ee104862e59,HA,HA1,REL,2,R2,USER,4
0ac9ae9b-90e6-465b-9c1b-2ee104862e59,HA,HA1,ADV,3,R1,CTRL,1
0ac9ae9b-90e6-465b-9c1b-2ee104862e59,HA,HA1,ADV,3,R1,AI,2
0ac9ae9b-90e6-465b-9c1b-2ee104862e59,HA,HA1,ADV,3,R1,ORG,3
0ac9ae9b-90e6-465b-9c1b-2ee104862e59,HA,HA1,ADV,3,R1,USER,4
0ac9ae9b-90e6-465b-9c1b-2ee104862e59,HA,HA1,ADV,3,R2,CTRL,1
0ac9ae9b-90e6-465b-9c1b-2ee104862e59,HA,HA1,ADV,3,R2,AI,2
0ac9ae9b-90e6-465b-9c1b-2ee104862e59,HA,HA1,ADV,3,R2,ORG,3
0ac9ae9b-90e6-465b-9c1b-2ee104862e59,HA,HA1,ADV,3,R2,USER,4
af1c662c-653c-407e-ae3e-295e2221b6cf,HA,HA2,COL,1,R1,CTRL,4
af1c662c-653c-407e-ae3e-295e2221b6cf,HA,HA2,COL,1,R1,AI,2
af1c662c-653c-407e-ae3e-295e2221b6cf,HA,HA2,COL,1,R1,ORG,3
af1c662c-653c-407e-ae3e-295e2221b6cf,HA,HA2,COL,1,R1,USER,1
af1c662c-653c-407e-ae3e-295e2221b6cf,HA,HA2,COL,1,R2,CTRL,1
af1c662c-653c-407e-ae3e-295e2221b6cf,HA,HA2,COL,1,R2,AI,3
af1c662c-653c-407e-ae3e-295e2221b6cf,HA,HA2,COL,1,R2,ORG,4
af1c662c-653c-407e-ae3e-295e2221b6cf,HA,HA2,COL,1,R2,USER,2
af1c662c-653c-407e-ae3e-295e2221b6cf,HA,HA2,REL,2,R1,CTRL,1
af1c662c-653c-407e-ae3e-295e2221b6cf,HA,HA2,REL,2,R1,AI,2
af1c662c-653c-407e-ae3e-295e2221b6cf,HA,HA2,REL,2,R1,ORG,3
af1c662c-653c-407e-ae3e-295e2221b6cf,HA,HA2,REL,2,R1,USER,4
af1c662c-653c-407e-ae3e-295e2221b6cf,HA,HA2,REL,2,R2,CTRL,2
af1c662c-653c-407e-ae3e-295e2221b6cf,HA,HA2,REL,2,R2,AI,1
af1c662c-653c-407e-ae3e-295e2221b6cf,HA,HA2,REL,2,R2,ORG,4
af1c662c-653c-407e-ae3e-295e2221b6cf,HA,HA2,REL,2,R2,USER,3
af1c662c-653c-407e-ae3e-295e2221b6cf,HA,HA2,ADV,3,R1,CTRL,1
af1c662c-653c-407e-ae3e-295e2221b6cf,HA,HA2,ADV,3,R1,AI,2
af1c662c-653c-407e-ae3e-295e2221b6cf,HA,HA2,ADV,3,R1,ORG,4
af1c662c-653c-407e-ae3e-295e2221b6cf,HA,HA2,ADV,3,R1,USER,3
af1c662c-653c-407e-ae3e-295e2221b6cf,HA,HA2,ADV,3,R2,CTRL,2
af1c662c-653c-407e-ae3e-295e2221b6cf,HA,HA2,ADV,3,R2,AI,1
af1c662c-653c-407e-ae3e-295e2221b6cf,HA,HA2,ADV,3,R2,ORG,4
af1c662c-653c-407e-ae3e-295e2221b6cf,HA,HA2,ADV,3,R2,USER,3
96425da2-3acd-4773-a1fe-e4af874fe19c,HA,HA3,ADV,1,R1,CTRL,1
96425da2-3acd-4773-a1fe-e4af874fe19c,HA,HA3,ADV,1,R1,AI,2
96425da2-3acd-4773-a1fe-e4af874fe19c,HA,HA3,ADV,1,R1,ORG,3
96425da2-3acd-4773-a1fe-e4af874fe19c,HA,HA3,ADV,1,R1,USER,4
96425da2-3acd-4773-a1fe-e4af874fe19c,HA,HA3,ADV,1,R2,CTRL,2
96425da2-3acd-4773-a1fe-e4af874fe19c,HA,HA3,ADV,1,R2,AI,1
96425da2-3acd-4773-a1fe-e4af874fe19c,HA,HA3,ADV,1,R2,ORG,3
96425da2-3acd-4773-a1fe-e4af874fe19c,HA,HA3,ADV,1,R2,USER,4
96425da2-3acd-4773-a1fe-e4af874fe19c,HA,HA3,REL,2,R1,CTRL,1
96425da2-3acd-4773-a1fe-e4af874fe19c,HA,HA3,REL,2,R1,AI,2
96425da2-3acd-4773-a1fe-e4af874fe19c,HA,HA3,REL,2,R1,ORG,3
96425da2-3acd-4773-a1fe-e4af874fe19c,HA,HA3,REL,2,R1,USER,4
96425da2-3acd-4773-a1fe-e4af874fe19c,HA,HA3,REL,2,R2,CTRL,3
96425da2-3acd-4773-a1fe-e4af874fe19c,HA,HA3,REL,2,R2,AI,1
96425da2-3acd-4773-a1fe-e4af874fe19c,HA,HA3,REL,2,R2,ORG,2
96425da2-3acd-4773-a1fe-e4af874fe19c,HA,HA3,REL,2,R2,USER,4
96425da2-3acd-4773-a1fe-e4af874fe19c,HA,HA3,COL,3,R1,CTRL,3
96425da2-3acd-4773-a1fe-e4af874fe19c,HA,HA3,COL,3,R1,AI,1
96425da2-3acd-4773-a1fe-e4af874fe19c,HA,HA3,COL,3,R1,ORG,4
96425da2-3acd-4773-a1fe-e4af874fe19c,HA,HA3,COL,3,R1,USER,2
96425da2-3acd-4773-a1fe-e4af874fe19c,HA,HA3,COL,3,R2,CTRL,4
96425da2-3acd-4773-a1fe-e4af874fe19c,HA,HA3,COL,3,R2,AI,1
96425da2-3acd-4773-a1fe-e4af874fe19c,HA,HA3,COL,3,R2,ORG,3
96425da2-3acd-4773-a1fe-e4af874fe19c,HA,HA3,COL,3,R2,USER,2
081c31e5-5198-493e-914d-ae4566a7517d,H,H2,ADV,1,R1,CTRL,1
081c31e5-5198-493e-914d-ae4566a7517d,H,H2,ADV,1,R1,ORG,3
081c31e5-5198-493e-914d-ae4566a7517d,H,H2,ADV,1,R1,USER,2
081c31e5-5198-493e-914d-ae4566a7517d,H,H2,ADV,1,R2,CTRL,1
081c31e5-5198-493e-914d-ae4566a7517d,H,H2,ADV,1,R2,ORG,3
081c31e5-5198-493e-914d-ae4566a7517d,H,H2,ADV,1,R2,USER,2
081c31e5-5198-493e-914d-ae4566a7517d,H,H2,REL,2,R1,CTRL,1
081c31e5-5198-493e-914d-ae4566a7517d,H,H2,REL,2,R1,ORG,2
081c31e5-5198-493e-914d-ae4566a7517d,H,H2,REL,2,R1,USER,3
081c31e5-5198-493e-914d-ae4566a7517d,H,H2,REL,2,R2,CTRL,1
081c31e5-5198-493e-914d-ae4566a7517d,H,H2,REL,2,R2,ORG,3
081c31e5-5198-493e-914d-ae4566a7517d,H,H2,REL,2,R2,USER,2
081c31e5-5198-493e-914d-ae4566a7517d,H,H2,COL,3,R1,CTRL,1
081c31e5-5198-493e-914d-ae4566a7517d,H,H2,COL,3,R1,ORG,3
081c31e5-5198-493e-914d-ae4566a7517d,H,H2,COL,3,R1,USER,2
081c31e5-5198-493e-914d-ae4566a7517d,H,H2,COL,3,R2,CTRL,1
081c31e5-5198-493e-914d-ae4566a7517d,H,H2,COL,3,R2,ORG,3
081c31e5-5198-493e-914d-ae4566a7517d,H,H2,COL,3,R2,USER,2
d4531b46-e56c-4393-8f5c-3d36dd9b17cb,H,H3,REL,1,R1,CTRL,1
d4531b46-e56c-4393-8f5c-3d36dd9b17cb,H,H3,REL,1,R1,ORG,2
d4531b46-e56c-4393-8f5c-3d36dd9b17cb,H,H3,REL,1,R1,USER,3
d4531b46-e56c-4393-8f5c-3d36dd9b17cb,H,H3,REL,1,R2,CTRL,1
d4531b46-e56c-4393-8f5c-3d36dd9b17cb,H,H3,REL,1,R2,ORG,2
d4531b46-e56c-4393-8f5c-3d36dd9b17cb,H,H3,REL,1,R2,USER,3
d4531b46-e56c-4393-8f5c-3d36dd9b17cb,H,H3,ADV,2,R1,CTRL,1
d4531b46-e56c-4393-8f5c-3d36dd9b17cb,H,H3,ADV,2,R1,ORG,2
d4531b46-e56c-4393-8f5c-3d36dd9b17cb,H,H3,ADV,2,R1,USER,3
d4531b46-e56c-4393-8f5c-3d36dd9b17cb,H,H3,ADV,2,R2,CTRL,1
d4531b46-e56c-4393-8f5c-3d36dd9b17cb,H,H3,ADV,2,R2,ORG,2
d4531b46-e56c-4393-8f5c-3d36dd9b17cb,H,H3,ADV,2,R2,USER,3
d4531b46-e56c-4393-8f5c-3d36dd9b17cb,H,H3,COL,3,R1,CTRL,1
d4531b46-e56c-4393-8f5c-3d36dd9b17cb,H,H3,COL,3,R1,ORG,2
d4531b46-e56c-4393-8f5c-3d36dd9b17cb,H,H3,COL,3,R1,USER,3
d4531b46-e56c-4393-8f5c-3d36dd9b17cb,H,H3,COL,3,R2,CTRL,1
d4531b46-e56c-4393-8f5c-3d36dd9b17cb,H,H3,COL,3,R2,ORG,2
d4531b46-e56c-4393-8f5c-3d36dd9b17cb,H,H3,COL,3,R2,USER,3
7761674e-64fb-4249-b8f9-150e005575ca,A,A,COL,1,R1,AI,2
7761674e-64fb-4249-b8f9-150e005575ca,A,A,COL,1,R1,ORG,3
7761674e-64fb-4249-b8f9-150e005575ca,A,A,COL,1,R1,USER,1
7761674e-64fb-4249-b8f9-150e005575ca,A,A,COL,1,R2,AI,3
7761674e-64fb-4249-b8f9-150e005575ca,A,A,COL,1,R2,ORG,2
7761674e-64fb-4249-b8f9-150e005575ca,A,A,COL,1,R2,USER,1
7761674e-64fb-4249-b8f9-150e005575ca,A,A,ADV,2,R1,AI,2
7761674e-64fb-4249-b8f9-150e005575ca,A,A,ADV,2,R1,ORG,3
7761674e-64fb-4249-b8f9-150e005575ca,A,A,ADV,2,R1,USER,1
7761674e-64fb-4249-b8f9-150e005575ca,A,A,ADV,2,R2,AI,3
7761674e-64fb-4249-b8f9-150e005575ca,A,A,ADV,2,R2,ORG,2
7761674e-64fb-4249-b8f9-150e005575ca,A,A,ADV,2,R2,USER,1
7761674e-64fb-4249-b8f9-150e005575ca,A,A,REL,3,R1,AI,3
7761674e-64fb-4249-b8f9-150e005575ca,A,A,REL,3,R1,ORG,2
7761674e-64fb-4249-b8f9-150e005575ca,A,A,REL,3,R1,USER,1
7761674e-64fb-4249-b8f9-150e005575ca,A,A,REL,3,R2,AI,3
7761674e-64fb-4249-b8f9-150e005575ca,A,A,REL,3,R2,ORG,2
7761674e-64fb-4249-b8f9-150e005575ca,A,A,REL,3,R2,USER,1
984cbaa7-3ad2-4213-ad72-7c804e2df1e2,A,A,ADV,1,R1,AI,2
984cbaa7-3ad2-4213-ad72-7c804e2df1e2,A,A,ADV,1,R1,ORG,3
984cbaa7-3ad2-4213-ad72-7c804e2df1e2,A,A,ADV,1,R1,USER,1
984cbaa7-3ad2-4213-ad72-7c804e2df1e2,A,A,ADV,1,R2,AI,1
984cbaa7-3ad2-4213-ad72-7c804e2df1e2,A,A,ADV,1,R2,ORG,2
984cbaa7-3ad2-4213-ad72-7c804e2df1e2,A,A,ADV,1,R2,USER,3
984cbaa7-3ad2-4213-ad72-7c804e2df1e2,A,A,REL,2,R1,AI,1
984cbaa7-3ad2-4213-ad72-7c804e2df1e2,A,A,REL,2,R1,ORG,2
984cbaa7-3ad2-4213-ad72-7c804e2df1e2,A,A,REL,2,R1,USER,3
984cbaa7-3ad2-4213-ad72-7c804e2df1e2,A,A,REL,2,R2,AI,1
984cbaa7-3ad2-4213-ad72-7c804e2df1e2,A,A,REL,2,R2,ORG,2
984cbaa7-3ad2-4213-ad72-7c804e2df1e2,A,A,REL,2,R2,USER,3
984cbaa7-3ad2-4213-ad72-7c804e2df1e2,A,A,COL,3,R1,AI,2
984cbaa7-3ad2-4213-ad72-7c804e2df1e2,A,A,COL,3,R1,ORG,3
984cbaa7-3ad2-4213-ad72-7c804e2df1e2,A,A,COL,3,R1,USER,1
984cbaa7-3ad2-4213-ad72-7c804e2df1e2,A,A,COL,3,R2,AI,1
984cbaa7-3ad2-4213-ad72-7c804e2df1e2,A,A,COL,3,R2,ORG,2
984cbaa7-3ad2-4213-ad72-7c804e2df1e2,A,A,COL,3,R2,USER,3
784ca487-25be-431b-8c71-da9562a79350,H,H3,COL,1,R1,CTRL,1
784ca487-25be-431b-8c71-da9562a79350,H,H3,COL,1,R1,ORG,3
784ca487-25be-431b-8c71-da9562a79350,H,H3,COL,1,R1,USER,2
784ca487-25be-431b-8c71-da9562a79350,H,H3,COL,1,R2,CTRL,1
784ca487-25be-431b-8c71-da9562a79350,H,H3,COL,1,R2,ORG,3
784ca487-25be-431b-8c71-da9562a79350,H,H3,COL,1,R2,USER,2
784ca487-25be-431b-8c71-da9562a79350,H,H3,ADV,2,R1,CTRL,1
784ca487-25be-431b-8c71-da9562a79350,H,H3,ADV,2,R1,ORG,3
784ca487-25be-431b-8c71-da9562a79350,H,H3,ADV,2,R1,USER,2
784ca487-25be-431b-8c71-da9562a79350,H,H3,ADV,2,R2,CTRL,1
784ca487-25be-431b-8c71-da9562a79350,H,H3,ADV,2,R2,ORG,3
784ca487-25be-431b-8c71-da9562a79350,H,H3,ADV,2,R2,USER,2
784ca487-25be-431b-8c71-da9562a79350,H,H3,REL,3,R1,CTRL,1
784ca487-25be-431b-8c71-da9562a79350,H,H3,REL,3,R1,ORG,2
784ca487-25be-431b-8c71-da9562a79350,H,H3,REL,3,R1,USER,3
784ca487-25be-431b-8c71-da9562a79350,H,H3,REL,3,R2,CTRL,1
784ca487-25be-431b-8c71-da9562a79350,H,H3,REL,3,R2,ORG,2
784ca487-25be-431b-8c71-da9562a79350,H,H3,REL,3,R2,USER,3
01be24e1-cb42-4c25-a071-3b3a0734af8e,HA,HA2,COL,1,R1,CTRL,2
01be24e1-cb42-4c25-a071-3b3a0734af8e,HA,HA2,COL,1,R1,AI,4
01be24e1-cb42-4c25-a071-3b3a0734af8e,HA,HA2,COL,1,R1,ORG,3
01be24e1-cb42-4c25-a071-3b3a0734af8e,HA,HA2,COL,1,R1,USER,1
01be24e1-cb42-4c25-a071-3b3a0734af8e,HA,HA2,COL,1,R2,CTRL,2
01be24e1-cb42-4c25-a071-3b3a0734af8e,HA,HA2,COL,1,R2,AI,4
01be24e1-cb42-4c25-a071-3b3a0734af8e,HA,HA2,COL,1,R2,ORG,3
01be24e1-cb42-4c25-a071-3b3a0734af8e,HA,HA2,COL,1,R2,USER,1
01be24e1-cb42-4c25-a071-3b3a0734af8e,HA,HA2,ADV,2,R1,CTRL,2
01be24e1-cb42-4c25-a071-3b3a0734af8e,HA,HA2,ADV,2,R1,AI,4
01be24e1-cb42-4c25-a071-3b3a0734af8e,HA,HA2,ADV,2,R1,ORG,3
01be24e1-cb42-4c25-a071-3b3a0734af8e,HA,HA2,ADV,2,R1,USER,1
01be24e1-cb42-4c25-a071-3b3a0734af8e,HA,HA2,ADV,2,R2,CTRL,2
01be24e1-cb42-4c25-a071-3b3a0734af8e,HA,HA2,ADV,2,R2,AI,4
01be24e1-cb42-4c25-a071-3b3a0734af8e,HA,HA2,ADV,2,R2,ORG,3
01be24e1-cb42-4c25-a071-3b3a0734af8e,HA,HA2,ADV,2,R2,USER,1
01be24e1-cb42-4c25-a071-3b3a0734af8e,HA,HA2,REL,3,R1,CTRL,1
01be24e1-cb42-4c25-a071-3b3a0734af8e,HA,HA2,REL,3,R1,AI,3
01be24e1-cb42-4c25-a071-3b3a0734af8e,HA,HA2,REL,3,R1,ORG,2
01be24e1-cb42-4c25-a071-3b3a0734af8e,HA,HA2,REL,3,R1,USER,4
01be24e1-cb42-4c25-a071-3b3a0734af8e,HA,HA2,REL,3,R2,CTRL,1
01be24e1-cb42-4c25-a071-3b3a0734af8e,HA,HA2,REL,3,R2,AI,4
01be24e1-cb42-4c25-a071-3b3a0734af8e,HA,HA2,REL,3,R2,ORG,3
01be24e1-cb42-4c25-a071-3b3a0734af8e,HA,HA2,REL,3,R2,USER,2
e5a9144a-1919-4352-b7b3-b59154c8b79e,H,H2,COL,1,R1,CTRL,1
e5a9144a-1919-4352-b7b3-b59154c8b79e,H,H2,COL,1,R1,ORG,2
e5a9144a-1919-4352-b7b3-b59154c8b79e,H,H2,COL,1,R1,USER,3
e5a9144a-1919-4352-b7b3-b59154c8b79e,H,H2,COL,1,R2,CTRL,1
e5a9144a-1919-4352-b7b3-b59154c8b79e,H,H2,COL,1,R2,ORG,2
e5a9144a-1919-4352-b7b3-b59154c8b79e,H,H2,COL,1,R2,USER,3
e5a9144a-1919-4352-b7b3-b59154c8b79e,H,H2,ADV,2,R1,CTRL,1
e5a9144a-1919-4352-b7b3-b59154c8b79e,H,H2,ADV,2,R1,ORG,2
e5a9144a-1919-4352-b7b3-b59154c8b79e,H,H2,ADV,2,R1,USER,3
e5a9144a-1919-4352-b7b3-b59154c8b79e,H,H2,ADV,2,R2,CTRL,1
e5a9144a-1919-4352-b7b3-b59154c8b79e,H,H2,ADV,2,R2,ORG,2
e5a9144a-1919-4352-b7b3-b59154c8b79e,H,H2,ADV,2,R2,USER,3
e5a9144a-1919-4352-b7b3-b59154c8b79e,H,H2,REL,3,R1,CTRL,1
e5a9144a-1919-4352-b7b3-b59154c8b79e,H,H2,REL,3,R1,ORG,3
e5a9144a-1919-4352-b7b3-b59154c8b79e,H,H2,REL,3,R1,USER,2
e5a9144a-1919-4352-b7b3-b59154c8b79e,H,H2,REL,3,R2,CTRL,1
e5a9144a-1919-4352-b7b3-b59154c8b79e,H,H2,REL,3,R2,ORG,3
e5a9144a-1919-4352-b7b3-b59154c8b79e,H,H2,REL,3,R2,USER,2
092fd158-eabb-4f09-9984-813783e5d68a,HA,HA3,REL,1,R1,CTRL,1
092fd158-eabb-4f09-9984-813783e5d68a,HA,HA3,REL,1,R1,AI,3
092fd158-eabb-4f09-9984-813783e5d68a,HA,HA3,REL,1,R1,ORG,2
092fd158-eabb-4f09-9984-813783e5d68a,HA,HA3,REL,1,R1,USER,4
092fd158-eabb-4f09-9984-813783e5d68a,HA,HA3,REL,1,R2,CTRL,1
092fd158-eabb-4f09-9984-813783e5d68a,HA,HA3,REL,1,R2,AI,4
092fd158-eabb-4f09-9984-813783e5d68a,HA,HA3,REL,1,R2,ORG,3
092fd158-eabb-4f09-9984-813783e5d68a,HA,HA3,REL,1,R2,USER,2
092fd158-eabb-4f09-9984-813783e5d68a,HA,HA3,ADV,2,R1,CTRL,1
092fd158-eabb-4f09-9984-813783e5d68a,HA,HA3,ADV,2,R1,AI,3
092fd158-eabb-4f09-9984-813783e5d68a,HA,HA3,ADV,2,R1,ORG,2
092fd158-eabb-4f09-9984-813783e5d68a,HA,HA3,ADV,2,R1,USER,4
092fd158-eabb-4f09-9984-813783e5d68a,HA,HA3,ADV,2,R2,CTRL,1
092fd158-eabb-4f09-9984-813783e5d68a,HA,HA3,ADV,2,R2,AI,3
092fd158-eabb-4f09-9984-813783e5d68a,HA,HA3,ADV,2,R2,ORG,2
092fd158-eabb-4f09-9984-813783e5d68a,HA,HA3,ADV,2,R2,USER,4
092fd158-eabb-4f09-9984-813783e5d68a,HA,HA3,COL,3,R1,CTRL,1
092fd158-eabb-4f09-9984-813783e5d68a,HA,HA3,COL,3,R1,AI,3
092fd158-eabb-4f09-9984-813783e5d68a,HA,HA3,COL,3,R1,ORG,2
092fd158-eabb-4f09-9984-813783e5d68a,HA,HA3,COL,3,R1,USER,4
092fd158-eabb-4f09-9984-813783e5d68a,HA,HA3,COL,3,R2,CTRL,1
092fd158-eabb-4f09-9984-813783e5d68a,HA,HA3,COL,3,R2,AI,3
092fd158-eabb-4f09-9984-813783e5d68a,HA,HA3,COL,3,R2,ORG,2
092fd158-eabb-4f09-9984-813783e5d68a,HA,HA3,COL,3,R2,USER,4
7c86fb8d-3e5d-42bf-8a4f-438176e9b386,H,H1,REL,1,R1,CTRL,1
7c86fb8d-3e5d-42bf-8a4f-438176e9b386,H,H1,REL,1,R1,ORG,2
7c86fb8d-3e5d-42bf-8a4f-438176e9b386,H,H1,REL,1,R1,USER,3
7c86fb8d-3e5d-42bf-8a4f-438176e9b386,H,H1,REL,1,R2,CTRL,1
7c86fb8d-3e5d-42bf-8a4f-438176e9b386,H,H1,REL,1,R2,ORG,2
7c86fb8d-3e5d-42bf-8a4f-438176e9b386,H,H1,REL,1,R2,USER,3
7c86fb8d-3e5d-42bf-8a4f-438176e9b386,H,H1,ADV,2,R1,CTRL,1
7c86fb8d-3e5d-42bf-8a4f-438176e9b386,H,H1,ADV,2,R1,ORG,2
7c86fb8d-3e5d-42bf-8a4f-438176e9b386,H,H1,ADV,2,R1,USER,3
7c86fb8d-3e5d-42bf-8a4f-438176e9b386,H,H1,ADV,2,R2,CTRL,2
7c86fb8d-3e5d-42bf-8a4f-438176e9b386,H,H1,ADV,2,R2,ORG,3
7c86fb8d-3e5d-42bf-8a4f-438176e9b386,H,H1,ADV,2,R2,USER,1
7c86fb8d-3e5d-42bf-8a4f-438176e9b386,H,H1,COL,3,R1,CTRL,2
7c86fb8d-3e5d-42bf-8a4f-438176e9b386,H,H1,COL,3,R1,ORG,3
7c86fb8d-3e5d-42bf-8a4f-438176e9b386,H,H1,COL,3,R1,USER,1
7c86fb8d-3e5d-42bf-8a4f-438176e9b386,H,H1,COL,3,R2,CTRL,2
7c86fb8d-3e5d-42bf-8a4f-438176e9b386,H,H1,COL,3,R2,ORG,3
7c86fb8d-3e5d-42bf-8a4f-438176e9b386,H,H1,COL,3,R2,USER,1
35d0bf5a-ee52-4125-b483-21487ed07162,HA,HA1,ADV,1,R1,CTRL,1
35d0bf5a-ee52-4125-b483-21487ed07162,HA,HA1,ADV,1,R1,AI,3
35d0bf5a-ee52-4125-b483-21487ed07162,HA,HA1,ADV,1,R1,ORG,4
35d0bf5a-ee52-4125-b483-21487ed07162,HA,HA1,ADV,1,R1,USER,2
35d0bf5a-ee52-4125-b483-21487ed07162,HA,HA1,ADV,1,R2,CTRL,1
35d0bf5a-ee52-4125-b483-21487ed07162,HA,HA1,ADV,1,R2,AI,2
35d0bf5a-ee52-4125-b483-21487ed07162,HA,HA1,ADV,1,R2,ORG,3
35d0bf5a-ee52-4125-b483-21487ed07162,HA,HA1,ADV,1,R2,USER,4
35d0bf5a-ee52-4125-b483-21487ed07162,HA,HA1,REL,2,R1,CTRL,1
35d0bf5a-ee52-4125-b483-21487ed07162,HA,HA1,REL,2,R1,AI,2
35d0bf5a-ee52-4125-b483-21487ed07162,HA,HA1,REL,2,R1,ORG,3
35d0bf5a-ee52-4125-b483-21487ed07162,HA,HA1,REL,2,R1,USER,4
35d0bf5a-ee52-4125-b483-21487ed07162,HA,HA1,REL,2,R2,CTRL,1
35d0bf5a-ee52-4125-b483-21487ed07162,HA,HA1,REL,2,R2,AI,2
35d0bf5a-ee52-4125-b483-21487ed07162,HA,HA1,REL,2,R2,ORG,3
35d0bf5a-ee52-4125-b483-21487ed07162,HA,HA1,REL,2,R2,USER,4
35d0bf5a-ee52-4125-b483-21487ed07162,HA,HA1,COL,3,R1,CTRL,1
35d0bf5a-ee52-4125-b483-21487ed07162,HA,HA1,COL,3,R1,AI,2
35d0bf5a-ee52-4125-b483-21487ed07162,HA,HA1,COL,3,R1,ORG,3
35d0bf5a-ee52-4125-b483-21487ed07162,HA,HA1,COL,3,R1,USER,4
35d0bf5a-ee52-4125-b483-21487ed07162,HA,HA1,COL,3,R2,CTRL,1
35d0bf5a-ee52-4125-b483-21487ed07162,HA,HA1,COL,3,R2,AI,3
35d0bf5a-ee52-4125-b483-21487ed07162,HA,HA1,COL,3,R2,ORG,2
35d0bf5a-ee52-4125-b483-21487ed07162,HA,HA1,COL,3,R2,USER,4
cdeb73e8-f15c-4380-b1c0-4dd397142534,H,H1,COL,1,R1,CTRL,1
cdeb73e8-f15c-4380-b1c0-4dd397142534,H,H1,COL,1,R1,ORG,3
cdeb73e8-f15c-4380-b1c0-4dd397142534,H,H1,COL,1,R1,USER,2
cdeb73e8-f15c-4380-b1c0-4dd397142534,H,H1,COL,1,R2,CTRL,2
cdeb73e8-f15c-4380-b1c0-4dd397142534,H,H1,COL,1,R2,ORG,1
cdeb73e8-f15c-4380-b1c0-4dd397142534,H,H1,COL,1,R2,USER,3
cdeb73e8-f15c-4380-b1c0-4dd397142534,H,H1,REL,2,R1,CTRL,1
cdeb73e8-f15c-4380-b1c0-4dd397142534,H,H1,REL,2,R1,ORG,3
cdeb73e8-f15c-4380-b1c0-4dd397142534,H,H1,REL,2,R1,USER,2
cdeb73e8-f15c-4380-b1c0-4dd397142534,H,H1,REL,2,R2,CTRL,2
cdeb73e8-f15c-4380-b1c0-4dd397142534,H,H1,REL,2,R2,ORG,1
cdeb73e8-f15c-4380-b1c0-4dd397142534,H,H1,REL,2,R2,USER,3
cdeb73e8-f15c-4380-b1c0-4dd397142534,H,H1,ADV,3,R1,CTRL,1
cdeb73e8-f15c-4380-b1c0-4dd397142534,H,H1,ADV,3,R1,ORG,2
cdeb73e8-f15c-4380-b1c0-4dd397142534,H,H1,ADV,3,R1,USER,3
cdeb73e8-f15c-4380-b1c0-4dd397142534,H,H1,ADV,3,R2,CTRL,2
cdeb73e8-f15c-4380-b1c0-4dd397142534,H,H1,ADV,3,R2,ORG,1
cdeb73e8-f15c-4380-b1c0-4dd397142534,H,H1,ADV,3,R2,USER,3
a30a10e9-0f68-4887-8d8c-798b14f05882,HA,HA3,COL,1,R1,CTRL,2
a30a10e9-0f68-4887-8d8c-798b14f05882,HA,HA3,COL,1,R1,AI,3
a30a10e9-0f68-4887-8d8c-798b14f05882,HA,HA3,COL,1,R1,ORG,4
a30a10e9-0f68-4887-8d8c-798b14f05882,HA,HA3,COL,1,R1,USER,1
a30a10e9-0f68-4887-8d8c-798b14f05882,HA,HA3,COL,1,R2,CTRL,2
a30a10e9-0f68-4887-8d8c-798b14f05882,HA,HA3,COL,1,R2,AI,3
a30a10e9-0f68-4887-8d8c-798b14f05882,HA,HA3,COL,1,R2,ORG,4
a30a10e9-0f68-4887-8d8c-798b14f05882,HA,HA3,COL,1,R2,USER,1
a30a10e9-0f68-4887-8d8c-798b14f05882,HA,HA3,REL,2,R1,CTRL,2
a30a10e9-0f68-4887-8d8c-798b14f05882,HA,HA3,REL,2,R1,AI,3
a30a10e9-0f68-4887-8d8c-798b14f05882,HA,HA3,REL,2,R1,ORG,4
a30a10e9-0f68-4887-8d8c-798b14f05882,HA,HA3,REL,2,R1,USER,1
a30a10e9-0f68-4887-8d8c-798b14f05882,HA,HA3,REL,2,R2,CTRL,2
a30a10e9-0f68-4887-8d8c-798b14f05882,HA,HA3,REL,2,R2,AI,3
a30a10e9-0f68-4887-8d8c-798b14f05882,HA,HA3,REL,2,R2,ORG,4
a30a10e9-0f68-4887-8d8c-798b14f05882,HA,HA3,REL,2,R2,USER,1
a30a10e9-0f68-4887-8d8c-798b14f05882,HA,HA3,ADV,3,R1,CTRL,2
a30a10e9-0f68-4887-8d8c-798b14f05882,HA,HA3,ADV,3,R1,AI,3
a30a10e9-0f68-4887-8d8c-798b14f05882,HA,HA3,ADV,3,R1,ORG,4
a30a10e9-0f68-4887-8d8c-798b14f05882,HA,HA3,ADV,3,R1,USER,1
a30a10e9-0f68-4887-8d8c-798b14f05882,HA,HA3,ADV,3,R2,CTRL,2
a30a10e9-0f68-4887-8d8c-798b14f05882,HA,HA3,ADV,3,R2,AI,3
a30a10e9-0f68-4887-8d8c-798b14f05882,HA,HA3,ADV,3,R2,ORG,4
a30a10e9-0f68-4887-8d8c-798b14f05882,HA,HA3,ADV,3,R2,USER,1
d99a1d42-9e7a-4967-8d1f-aa9b97e997c8,H,H2,REL,1,R1,CTRL,3
d99a1d42-9e7a-4967-8d1f-aa9b97e997c8,H,H2,REL,1,R1,ORG,2
d99a1d42-9e7a-4967-8d1f-aa9b97e997c8,H,H2,REL,1,R1,USER,1
d99a1d42-9e7a-4967-8d1f-aa9b97e997c8,H,H2,REL,1,R2,CTRL,1
d99a1d42-9e7a-4967-8d1f-aa9b97e997c8,H,H2,REL,1,R2,ORG,2
d99a1d42-9e7a-4967-8d1f-aa9b97e997c8,H,H2,REL,1,R2,USER,3
d99a1d42-9e7a-4967-8d1f-aa9b97e997c8,H,H2,ADV,2,R1,CTRL,1
d99a1d42-9e7a-4967-8d1f-aa9b97e997c8,H,H2,ADV,2,R1,ORG,2
d99a1d42-9e7a-4967-8d1f-aa9b97e997c8,H,H2,ADV,2,R1,USER,3
d99a1d42-9e7a-4967-8d1f-aa9b97e997c8,H,H2,ADV,2,R2,CTRL,1
d99a1d42-9e7a-4967-8d1f-aa9b97e997c8,H,H2,ADV,2,R2,ORG,2
d99a1d42-9e7a-4967-8d1f-aa9b97e997c8,H,H2,ADV,2,R2,USER,3
d99a1d42-9e7a-4967-8d1f-aa9b97e997c8,H,H2,COL,3,R1,CTRL,1
d99a1d42-9e7a-4967-8d1f-aa9b97e997c8,H,H2,COL,3,R1,ORG,3
d99a1d42-9e7a-4967-8d1f-aa9b97e997c8,H,H2,COL,3,R1,USER,2
d99a1d42-9e7a-4967-8d1f-aa9b97e997c8,H,H2,COL,3,R2,CTRL,1
d99a1d42-9e7a-4967-8d1f-aa9b97e997c8,H,H2,COL,3,R2,ORG,3
d99a1d42-9e7a-4967-8d1f-aa9b97e997c8,H,H2,COL,3,R2,USER,2
a183042a-efb1-450e-8a00-e68f79e38076,H,H2,ADV,1,R1,CTRL,1
a183042a-efb1-450e-8a00-e68f79e38076,H,H2,ADV,1,R1,ORG,3
a183042a-efb1-450e-8a00-e68f79e38076,H,H2,ADV,1,R1,USER,2
a183042a-efb1-450e-8a00-e68f79e38076,H,H2,ADV,1,R2,CTRL,1
a183042a-efb1-450e-8a00-e68f79e38076,H,H2,ADV,1,R2,ORG,3
a183042a-efb1-450e-8a00-e68f79e38076,H,H2,ADV,1,R2,USER,2
a183042a-efb1-450e-8a00-e68f79e38076,H,H2,REL,2,R1,CTRL,1
a183042a-efb1-450e-8a00-e68f79e38076,H,H2,REL,2,R1,ORG,3
a183042a-efb1-450e-8a00-e68f79e38076,H,H2,REL,2,R1,USER,2
a183042a-efb1-450e-8a00-e68f79e38076,H,H2,REL,2,R2,CTRL,1
a183042a-efb1-450e-8a00-e68f79e38076,H,H2,REL,2,R2,ORG,3
a183042a-efb1-450e-8a00-e68f79e38076,H,H2,REL,2,R2,USER,2
a183042a-efb1-450e-8a00-e68f79e38076,H,H2,COL,3,R1,CTRL,1
a183042a-efb1-450e-8a00-e68f79e38076,H,H2,COL,3,R1,ORG,3
a183042a-efb1-450e-8a00-e68f79e38076,H,H2,COL,3,R1,USER,2
a183042a-efb1-450e-8a00-e68f79e38076,H,H2,COL,3,R2,CTRL,1
a183042a-efb1-450e-8a00-e68f79e38076,H,H2,COL,3,R2,ORG,3
a183042a-efb1-450e-8a00-e68f79e38076,H,H2,COL,3,R2,USER,2
c598475f-b532-4556-8197-f03ab16cb5ad,A,A,ADV,1,R1,AI,2
c598475f-b532-4556-8197-f03ab16cb5ad,A,A,ADV,1,R1,ORG,3
c598475f-b532-4556-8197-f03ab16cb5ad,A,A,ADV,1,R1,USER,1
c598475f-b532-4556-8197-f03ab16cb5ad,A,A,ADV,1,R2,AI,2
c598475f-b532-4556-8197-f03ab16cb5ad,A,A,ADV,1,R2,ORG,3
c598475f-b532-4556-8197-f03ab16cb5ad,A,A,ADV,1,R2,USER,1
c598475f-b532-4556-8197-f03ab16cb5ad,A,A,REL,2,R1,AI,1
c598475f-b532-4556-8197-f03ab16cb5ad,A,A,REL,2,R1,ORG,2
c598475f-b532-4556-8197-f03ab16cb5ad,A,A,REL,2,R1,USER,3
c598475f-b532-4556-8197-f03ab16cb5ad,A,A,REL,2,R2,AI,1
c598475f-b532-4556-8197-f03ab16cb5ad,A,A,REL,2,R2,ORG,3
c598475f-b532-4556-8197-f03ab16cb5ad,A,A,REL,2,R2,USER,2
c598475f-b532-4556-8197-f03ab16cb5ad,A,A,COL,3,R1,AI,1
c598475f-b532-4556-8197-f03ab16cb5ad,A,A,COL,3,R1,ORG,2
c598475f-b532-4556-8197-f03ab16cb5ad,A,A,COL,3,R1,USER,3
c598475f-b532-4556-8197-f03ab16cb5ad,A,A,COL,3,R2,AI,1
c598475f-b532-4556-8197-f03ab16cb5ad,A,A,COL,3,R2,ORG,2
c598475f-b532-4556-8197-f03ab16cb5ad,A,A,COL,3,R2,USER,3
0161b8c4-c362-4282-8d1f-b3cdc21fd02b,A,A,COL,1,R1,AI,3
0161b8c4-c362-4282-8d1f-b3cdc21fd02b,A,A,COL,1,R1,ORG,2
0161b8c4-c362-4282-8d1f-b3cdc21fd02b,A,A,COL,1,R1,USER,1
0161b8c4-c362-4282-8d1f-b3cdc21fd02b,A,A,COL,1,R2,AI,3
0161b8c4-c362-4282-8d1f-b3cdc21fd02b,A,A,COL,1,R2,ORG,2
0161b8c4-c362-4282-8d1f-b3cdc21fd02b,A,A,COL,1,R2,USER,1
0161b8c4-c362-4282-8d1f-b3cdc21fd02b,A,A,REL,2,R1,AI,1
0161b8c4-c362-4282-8d1f-b3cdc21fd02b,A,A,REL,2,R1,ORG,2
0161b8c4-c362-4282-8d1f-b3cdc21fd02b,A,A,REL,2,R1,USER,3
0161b8c4-c362-4282-8d1f-b3cdc21fd02b,A,A,REL,2,R2,AI,1
0161b8c4-c362-4282-8d1f-b3cdc21fd02b,A,A,REL,2,R2,ORG,2
0161b8c4-c362-4282-8d1f-b3cdc21fd02b,A,A,REL,2,R2,USER,3
0161b8c4-c362-4282-8d1f-b3cdc21fd02b,A,A,ADV,3,R1,AI,1
0161b8c4-c362-4282-8d1f-b3cdc21fd02b,A,A,ADV,3,R1,ORG,3
0161b8c4-c362-4282-8d1f-b3cdc21fd02b,A,A,ADV,3,R1,USER,2
0161b8c4-c362-4282-8d1f-b3cdc21fd02b,A,A,ADV,3,R2,AI,1
0161b8c4-c362-4282-8d1f-b3cdc21fd02b,A,A,ADV,3,R2,ORG,3
0161b8c4-c362-4282-8d1f-b3cdc21fd02b,A,A,ADV,3,R2,USER,2
49f29a8f-ac23-4ae0-9cd7-b03ee6e5f121,H,H1,COL,1,R1,CTRL,1
49f29a8f-ac23-4ae0-9cd7-b03ee6e5f121,H,H1,COL,1,R1,ORG,3
49f29a8f-ac23-4ae0-9cd7-b03ee6e5f121,H,H1,COL,1,R1,USER,2
49f29a8f-ac23-4ae0-9cd7-b03ee6e5f121,H,H1,COL,1,R2,CTRL,1
49f29a8f-ac23-4ae0-9cd7-b03ee6e5f121,H,H1,COL,1,R2,ORG,3
49f29a8f-ac23-4ae0-9cd7-b03ee6e5f121,H,H1,COL,1,R2,USER,2
49f29a8f-ac23-4ae0-9cd7-b03ee6e5f121,H,H1,ADV,2,R1,CTRL,1
49f29a8f-ac23-4ae0-9cd7-b03ee6e5f121,H,H1,ADV,2,R1,ORG,3
49f29a8f-ac23-4ae0-9cd7-b03ee6e5f121,H,H1,ADV,2,R1,USER,2
49f29a8f-ac23-4ae0-9cd7-b03ee6e5f121,H,H1,ADV,2,R2,CTRL,1
49f29a8f-ac23-4ae0-9cd7-b03ee6e5f121,H,H1,ADV,2,R2,ORG,3
49f29a8f-ac23-4ae0-9cd7-b03ee6e5f121,H,H1,ADV,2,R2,USER,2
49f29a8f-ac23-4ae0-9cd7-b03ee6e5f121,H,H1,REL,3,R1,CTRL,1
49f29a8f-ac23-4ae0-9cd7-b03ee6e5f121,H,H1,REL,3,R1,ORG,2
49f29a8f-ac23-4ae0-9cd7-b03ee6e5f121,H,H1,REL,3,R1,USER,3
49f29a8f-ac23-4ae0-9cd7-b03ee6e5f121,H,H1,REL,3,R2,CTRL,1
49f29a8f-ac23-4ae0-9cd7-b03ee6e5f121,H,H1,REL,3,R2,ORG,2
49f29a8f-ac23-4ae0-9cd7-b03ee6e5f121,H,H1,REL,3,R2,USER,3
bd060b03-1183-416d-bb11-c8890f7bfe5e,HA,HA2,REL,1,R1,CTRL,1
bd060b03-1183-416d-bb11-c8890f7bfe5e,HA,HA2,REL,1,R1,AI,2
bd060b03-1183-416d-bb11-c8890f7bfe5e,HA,HA2,REL,1,R1,ORG,3
bd060b03-1183-416d-bb11-c8890f7bfe5e,HA,HA2,REL,1,R1,USER,4
bd060b03-1183-416d-bb11-c8890f7bfe5e,HA,HA2,REL,1,R2,CTRL,2
bd060b03-1183-416d-bb11-c8890f7bfe5e,HA,HA2,REL,1,R2,AI,1
bd060b03-1183-416d-bb11-c8890f7bfe5e,HA,HA2,REL,1,R2,ORG,3
bd060b03-1183-416d-bb11-c8890f7bfe5e,HA,HA2,REL,1,R2,USER,4
bd060b03-1183-416d-bb11-c8890f7bfe5e,HA,HA2,COL,2,R1,CTRL,1
bd060b03-1183-416d-bb11-c8890f7bfe5e,HA,HA2,COL,2,R1,AI,2
bd060b03-1183-416d-bb11-c8890f7bfe5e,HA,HA2,COL,2,R1,ORG,4
bd060b03-1183-416d-bb11-c8890f7bfe5e,HA,HA2,COL,2,R1,USER,3
bd060b03-1183-416d-bb11-c8890f7bfe5e,HA,HA2,COL,2,R2,CTRL,1
bd060b03-1183-416d-bb11-c8890f7bfe5e,HA,HA2,COL,2,R2,AI,2
bd060b03-1183-416d-bb11-c8890f7bfe5e,HA,HA2,COL,2,R2,ORG,3
bd060b03-1183-416d-bb11-c8890f7bfe5e,HA,HA2,COL,2,R2,USER,4
bd060b03-1183-416d-bb11-c8890f7bfe5e,HA,HA2,ADV,3,R1,CTRL,1
bd060b03-1183-416d-bb11-c8890f7bfe5e,HA,HA2,ADV,3,R1,AI,2
bd060b03-1183-416d-bb11-c8890f7bfe5e,HA,HA2,ADV,3,R1,ORG,3
bd060b03-1183-416d-bb11-c8890f7bfe5e,HA,HA2,ADV,3,R1,USER,4
bd060b03-1183-416d-bb11-c8890f7bfe5e,HA,HA2,ADV,3,R2,CTRL,1
bd060b03-1183-416d-bb11-c8890f7bfe5e,HA,HA2,ADV,3,R2,AI,2
bd060b03-1183-416d-bb11-c8890f7bfe5e,HA,HA2,ADV,3,R2,ORG,3
bd060b03-1183-416d-bb11-c8890f7bfe5e,HA,HA2,ADV,3,R2,USER,4
9f228a11-c12d-4e59-8138-1f5c2a0f287c,HA,HA1,COL,1,R1,CTRL,2
9f228a11-c12d-4e59-8138-1f5c2a0f287c,HA,HA1,COL,1,R1,AI,4
9f228a11-c12d-4e59-8138-1f5c2a0f287c,HA,HA1,COL,1,R1,ORG,3
9f228a11-c12d-4e59-8138-1f5c2a0f287c,HA,HA1,COL,1,R1,USER,1
9f228a11-c12d-4e59-8138-1f5c2a0f287c,HA,HA1,COL,1,R2,CTRL,1
9f228a11-c12d-4e59-8138-1f5c2a0f287c,HA,HA1,COL,1,R2,AI,2
9f228a11-c12d-4e59-8138-1f5c2a0f287c,HA,HA1,COL,1,R2,ORG,4
9f228a11-c12d-4e59-8138-1f5c2a0f287c,HA,HA1,COL,1,R2,USER,3
9f228a11-c12d-4e59-8138-1f5c2a0f287c,HA,HA1,REL,2,R1,CTRL,1
9f228a11-c12d-4e59-8138-1f5c2a0f287c,HA,HA1,REL,2,R1,AI,3
9f228a11-c12d-4e59-8138-1f5c2a0f287c,HA,HA1,REL,2,R1,ORG,2
9f228a11-c12d-4e59-8138-1f5c2a0f287c,HA,HA1,REL,2,R1,USER,4
9f228a11-c12d-4e59-8138-1f5c2a0f287c,HA,HA1,REL,2,R2,CTRL,1
9f228a11-c12d-4e59-8138-1f5c2a0f287c,HA,HA1,REL,2,R2,AI,3
9f228a11-c12d-4e59-8138-1f5c2a0f287c,HA,HA1,REL,2,R2,ORG,2
9f228a11-c12d-4e59-8138-1f5c2a0f287c,HA,HA1,REL,2,R2,USER,4
9f228a11-c12d-4e59-8138-1f5c2a0f287c,HA,HA1,ADV,3,R1,CTRL,1
9f228a11-c12d-4e59-8138-1f5c2a0f287c,HA,HA1,ADV,3,R1,AI,3
9f228a11-c12d-4e59-8138-1f5c2a0f287c,HA,HA1,ADV,3,R1,ORG,2
9f228a11-c12d-4e59-8138-1f5c2a0f287c,HA,HA1,ADV,3,R1,USER,4
9f228a11-c12d-4e59-8138-1f5c2a0f287c,HA,HA1,ADV,3,R2,CTRL,1
9f228a11-c12d-4e59-8138-1f5c2a0f287c,HA,HA1,ADV,3,R2,AI,4
9f228a11-c12d-4e59-8138-1f5c2a0f287c,HA,HA1,ADV,3,R2,ORG,3
9f228a11-c12d-4e59-8138-1f5c2a0f287c,HA,HA1,ADV,3,R2,USER,2
f79f4091-ae11-40da-acea-04b6d19f8054,HA,HA2,COL,1,R1,CTRL,1
f79f4091-ae11-40da-acea-04b6d19f8054,HA,HA2,COL,1,R1,AI,3
f79f4091-ae11-40da-acea-04b6d19f8054,HA,HA2,COL,1,R1,ORG,2
f79f4091-ae11-40da-acea-04b6d19f8054,HA,HA2,COL,1,R1,USER,4
f79f4091-ae11-40da-acea-04b6d19f8054,HA,HA2,COL,1,R2,CTRL,2
f79f4091-ae11-40da-acea-04b6d19f8054,HA,HA2,COL,1,R2,AI,3
f79f4091-ae11-40da-acea-04b6d19f8054,HA,HA2,COL,1,R2,ORG,1
f79f4091-ae11-40da-acea-04b6d19f8054,HA,HA2,COL,1,R2,USER,4
f79f4091-ae11-40da-acea-04b6d19f8054,HA,HA2,ADV,2,R1,CTRL,1
f79f4091-ae11-40da-acea-04b6d19f8054,HA,HA2,ADV,2,R1,AI,3
f79f4091-ae11-40da-acea-04b6d19f8054,HA,HA2,ADV,2,R1,ORG,2
f79f4091-ae11-40da-acea-04b6d19f8054,HA,HA2,ADV,2,R1,USER,4
f79f4091-ae11-40da-acea-04b6d19f8054,HA,HA2,ADV,2,R2,CTRL,1
f79f4091-ae11-40da-acea-04b6d19f8054,HA,HA2,ADV,2,R2,AI,3
f79f4091-ae11-40da-acea-04b6d19f8054,HA,HA2,ADV,2,R2,ORG,2
f79f4091-ae11-40da-acea-04b6d19f8054,HA,HA2,ADV,2,R2,USER,4
f79f4091-ae11-40da-acea-04b6d19f8054,HA,HA2,REL,3,R1,CTRL,1
f79f4091-ae11-40da-acea-04b6d19f8054,HA,HA2,REL,3,R1,AI,3
f79f4091-ae11-40da-acea-04b6d19f8054,HA,HA2,REL,3,R1,ORG,2
f79f4091-ae11-40da-acea-04b6d19f8054,HA,HA2,REL,3,R1,USER,4
f79f4091-ae11-40da-acea-04b6d19f8054,HA,HA2,REL,3,R2,CTRL,2
f79f4091-ae11-40da-acea-04b6d19f8054,HA,HA2,REL,3,R2,AI,3
f79f4091-ae11-40da-acea-04b6d19f8054,HA,HA2,REL,3,R2,ORG,1
f79f4091-ae11-40da-acea-04b6d19f8054,HA,HA2,REL,3,R2,USER,4
592eb0da-9612-4b12-8543-2b2d1592fb58,HA,HA3,ADV,1,R1,CTRL,1
592eb0da-9612-4b12-8543-2b2d1592fb58,HA,HA3,ADV,1,R1,AI,2
592eb0da-9612-4b12-8543-2b2d1592fb58,HA,HA3,ADV,1,R1,ORG,3
592eb0da-9612-4b12-8543-2b2d1592fb58,HA,HA3,ADV,1,R1,USER,4
592eb0da-9612-4b12-8543-2b2d1592fb58,HA,HA3,ADV,1,R2,CTRL,1
592eb0da-9612-4b12-8543-2b2d1592fb58,HA,HA3,ADV,1,R2,AI,2
592eb0da-9612-4b12-8543-2b2d1592fb58,HA,HA3,ADV,1,R2,ORG,3
592eb0da-9612-4b12-8543-2b2d1592fb58,HA,HA3,ADV,1,R2,USER,4
592eb0da-9612-4b12-8543-2b2d1592fb58,HA,HA3,REL,2,R1,CTRL,1
592eb0da-9612-4b12-8543-2b2d1592fb58,HA,HA3,REL,2,R1,AI,3
592eb0da-9612-4b12-8543-2b2d1592fb58,HA,HA3,REL,2,R1,ORG,2
592eb0da-9612-4b12-8543-2b2d1592fb58,HA,HA3,REL,2,R1,USER,4
592eb0da-9612-4b12-8543-2b2d1592fb58,HA,HA3,REL,2,R2,CTRL,1
592eb0da-9612-4b12-8543-2b2d1592fb58,HA,HA3,REL,2,R2,AI,3
592eb0da-9612-4b12-8543-2b2d1592fb58,HA,HA3,REL,2,R2,ORG,2
592eb0da-9612-4b12-8543-2b2d1592fb58,HA,HA3,REL,2,R2,USER,4
592eb0da-9612-4b12-8543-2b2d1592fb58,HA,HA3,COL,3,R1,CTRL,2
592eb0da-9612-4b12-8543-2b2d1592fb58,HA,HA3,COL,3,R1,AI,1
592eb0da-9612-4b12-8543-2b2d1592fb58,HA,HA3,COL,3,R1,ORG,3
592eb0da-9612-4b12-8543-2b2d1592fb58,HA,HA3,COL,3,R1,USER,4
592eb0da-9612-4b12-8543-2b2d1592fb58,HA,HA3,COL,3,R2,CTRL,2
592eb0da-9612-4b12-8543-2b2d1592fb58,HA,HA3,COL,3,R2,AI,1
592eb0da-9612-4b12-8543-2b2d1592fb58,HA,HA3,COL,3,R2,ORG,3
592eb0da-9612-4b12-8543-2b2d1592fb58,HA,HA3,COL,3,R2,USER,4
cb62d8e6-d6cb-4990-9f2c-e04c96509444,HA,HA3,ADV,1,R1,CTRL,1
cb62d8e6-d6cb-4990-9f2c-e04c96509444,HA,HA3,ADV,1,R1,AI,2
cb62d8e6-d6cb-4990-9f2c-e04c96509444,HA,HA3,ADV,1,R1,ORG,3
cb62d8e6-d6cb-4990-9f2c-e04c96509444,HA,HA3,ADV,1,R1,USER,4
cb62d8e6-d6cb-4990-9f2c-e04c96509444,HA,HA3,ADV,1,R2,CTRL,2
cb62d8e6-d6cb-4990-9f2c-e04c96509444,HA,HA3,ADV,1,R2,AI,3
cb62d8e6-d6cb-4990-9f2c-e04c96509444,HA,HA3,ADV,1,R2,ORG,4
cb62d8e6-d6cb-4990-9f2c-e04c96509444,HA,HA3,ADV,1,R2,USER,1
cb62d8e6-d6cb-4990-9f2c-e04c96509444,HA,HA3,COL,2,R1,CTRL,1
cb62d8e6-d6cb-4990-9f2c-e04c96509444,HA,HA3,COL,2,R1,AI,2
cb62d8e6-d6cb-4990-9f2c-e04c96509444,HA,HA3,COL,2,R1,ORG,4
cb62d8e6-d6cb-4990-9f2c-e04c96509444,HA,HA3,COL,2,R1,USER,3
cb62d8e6-d6cb-4990-9f2c-e04c96509444,HA,HA3,COL,2,R2,CTRL,2
cb62d8e6-d6cb-4990-9f2c-e04c96509444,HA,HA3,COL,2,R2,AI,3
cb62d8e6-d6cb-4990-9f2c-e04c96509444,HA,HA3,COL,2,R2,ORG,4
cb62d8e6-d6cb-4990-9f2c-e04c96509444,HA,HA3,COL,2,R2,USER,1
cb62d8e6-d6cb-4990-9f2c-e04c96509444,HA,HA3,REL,3,R1,CTRL,2
cb62d8e6-d6cb-4990-9f2c-e04c96509444,HA,HA3,REL,3,R1,AI,3
cb62d8e6-d6cb-4990-9f2c-e04c96509444,HA,HA3,REL,3,R1,ORG,4
cb62d8e6-d6cb-4990-9f2c-e04c96509444,HA,HA3,REL,3,R1,USER,1
cb62d8e6-d6cb-4990-9f2c-e04c96509444,HA,HA3,REL,3,R2,CTRL,2
cb62d8e6-d6cb-4990-9f2c-e04c96509444,HA,HA3,REL,3,R2,AI,3
cb62d8e6-d6cb-4990-9f2c-e04c96509444,HA,HA3,REL,3,R2,ORG,4
cb62d8e6-d6cb-4990-9f2c-e04c96509444,HA,HA3,REL,3,R2,USER,1
5303a6f1-2687-454f-abca-4e599d9faa44,HA,HA3,REL,1,R1,CTRL,1
5303a6f1-2687-454f-abca-4e599d9faa44,HA,HA3,REL,1,R1,AI,2
5303a6f1-2687-454f-abca-4e599d9faa44,HA,HA3,REL,1,R1,ORG,3
5303a6f1-2687-454f-abca-4e599d9faa44,HA,HA3,REL,1,R1,USER,4
5303a6f1-2687-454f-abca-4e599d9faa44,HA,HA3,REL,1,R2,CTRL,1
5303a6f1-2687-454f-abca-4e599d9faa44,HA,HA3,REL,1,R2,AI,2
5303a6f1-2687-454f-abca-4e599d9faa44,HA,HA3,REL,1,R2,ORG,3
5303a6f1-2687-454f-abca-4e599d9faa44,HA,HA3,REL,1,R2,USER,4
5303a6f1-2687-454f-abca-4e599d9faa44,HA,HA3,COL,2,R1,CTRL,2
5303a6f1-2687-454f-abca-4e599d9faa44,HA,HA3,COL,2,R1,AI,1
5303a6f1-2687-454f-abca-4e599d9faa44,HA,HA3,COL,2,R1,ORG,3
5303a6f1-2687-454f-abca-4e599d9faa44,HA,HA3,COL,2,R1,USER,4
5303a6f1-2687-454f-abca-4e599d9faa44,HA,HA3,COL,2,R2,CTRL,2
5303a6f1-2687-454f-abca-4e599d9faa44,HA,HA3,COL,2,R2,AI,1
5303a6f1-2687-454f-abca-4e599d9faa44,HA,HA3,COL,2,R2,ORG,3
5303a6f1-2687-454f-abca-4e599d9faa44,HA,HA3,COL,2,R2,USER,4
5303a6f1-2687-454f-abca-4e599d9faa44,HA,HA3,ADV,3,R1,CTRL,1
5303a6f1-2687-454f-abca-4e599d9faa44,HA,HA3,ADV,3,R1,AI,2
5303a6f1-2687-454f-abca-4e599d9faa44,HA,HA3,ADV,3,R1,ORG,3
5303a6f1-2687-454f-abca-4e599d9faa44,HA,HA3,ADV,3,R1,USER,4
5303a6f1-2687-454f-abca-4e599d9faa44,HA,HA3,ADV,3,R2,CTRL,1
5303a6f1-2687-454f-abca-4e599d9faa44,HA,HA3,ADV,3,R2,AI,2
5303a6f1-2687-454f-abca-4e599d9faa44,HA,HA3,ADV,3,R2,ORG,3
5303a6f1-2687-454f-abca-4e599d9faa44,HA,HA3,ADV,3,R2,USER,4
eb5a075b-e735-439f-9905-f723aa498c86,H,H1,ADV,1,R1,CTRL,2
eb5a075b-e735-439f-9905-f723aa498c86,H,H1,ADV,1,R1,ORG,1
eb5a075b-e735-439f-9905-f723aa498c86,H,H1,ADV,1,R1,USER,3
eb5a075b-e735-439f-9905-f723aa498c86,H,H1,ADV,1,R2,CTRL,2
eb5a075b-e735-439f-9905-f723aa498c86,H,H1,ADV,1,R2,ORG,3
eb5a075b-e735-439f-9905-f723aa498c86,H,H1,ADV,1,R2,USER,1
eb5a075b-e735-439f-9905-f723aa498c86,H,H1,COL,2,R1,CTRL,2
eb5a075b-e735-439f-9905-f723aa498c86,H,H1,COL,2,R1,ORG,3
eb5a075b-e735-439f-9905-f723aa498c86,H,H1,COL,2,R1,USER,1
eb5a075b-e735-439f-9905-f723aa498c86,H,H1,COL,2,R2,CTRL,2
eb5a075b-e735-439f-9905-f723aa498c86,H,H1,COL,2,R2,ORG,3
eb5a075b-e735-439f-9905-f723aa498c86,H,H1,COL,2,R2,USER,1
eb5a075b-e735-439f-9905-f723aa498c86,H,H1,REL,3,R1,CTRL,1
eb5a075b-e735-439f-9905-f723aa498c86,H,H1,REL,3,R1,ORG,2
eb5a075b-e735-439f-9905-f723aa498c86,H,H1,REL,3,R1,USER,3
eb5a075b-e735-439f-9905-f723aa498c86,H,H1,REL,3,R2,CTRL,1
eb5a075b-e735-439f-9905-f723aa498c86,H,H1,REL,3,R2,ORG,2
eb5a075b-e735-439f-9905-f723aa498c86,H,H1,REL,3,R2,USER,3
0d28d045-4b9a-4868-8555-ec306d09e617,H,H1,REL,1,R1,CTRL,1
0d28d045-4b9a-4868-8555-ec306d09e617,H,H1,REL,1,R1,ORG,3
0d28d045-4b9a-4868-8555-ec306d09e617,H,H1,REL,1,R1,USER,2
0d28d045-4b9a-4868-8555-ec306d09e617,H,H1,REL,1,R2,CTRL,1
0d28d045-4b9a-4868-8555-ec306d09e617,H,H1,REL,1,R2,ORG,3
0d28d045-4b9a-4868-8555-ec306d09e617,H,H1,REL,1,R2,USER,2
0d28d045-4b9a-4868-8555-ec306d09e617,H,H1,COL,2,R1,CTRL,2
0d28d045-4b9a-4868-8555-ec306d09e617,H,H1,COL,2,R1,ORG,3
0d28d045-4b9a-4868-8555-ec306d09e617,H,H1,COL,2,R1,USER,1
0d28d045-4b9a-4868-8555-ec306d09e617,H,H1,COL,2,R2,CTRL,2
0d28d045-4b9a-4868-8555-ec306d09e617,H,H1,COL,2,R2,ORG,3
0d28d045-4b9a-4868-8555-ec306d09e617,H,H1,COL,2,R2,USER,1
0d28d045-4b9a-4868-8555-ec306d09e617,H,H1,ADV,3,R1,CTRL,1
0d28d045-4b9a-4868-8555-ec306d09e617,H,H1,ADV,3,R1,ORG,3
0d28d045-4b9a-4868-8555-ec306d09e617,H,H1,ADV,3,R1,USER,2
0d28d045-4b9a-4868-8555-ec306d09e617,H,H1,ADV,3,R2,CTRL,1
0d28d045-4b9a-4868-8555-ec306d09e617,H,H1,ADV,3,R2,ORG,3
0d28d045-4b9a-4868-8555-ec306d09e617,H,H1,ADV,3,R2,USER,2
ff1ce35b-7522-462a-b697-0d9ea53d387a,H,H3,ADV,1,R1,CTRL,1
ff1ce35b-7522-462a-b697-0d9ea53d387a,H,H3,ADV,1,R1,ORG,2
ff1ce35b-7522-462a-b697-0d9ea53d387a,H,H3,ADV,1,R1,USER,3
ff1ce35b-7522-462a-b697-0d9ea53d387a,H,H3,ADV,1,R2,CTRL,1
ff1ce35b-7522-462a-b697-0d9ea53d387a,H,H3,ADV,1,R2,ORG,3
ff1ce35b-7522-462a-b697-0d9ea53d387a,H,H3,ADV,1,R2,USER,2
ff1ce35b-7522-462a-b697-0d9ea53d387a,H,H3,REL,2,R1,CTRL,1
ff1ce35b-7522-462a-b697-0d9ea53d387a,H,H3,REL,2,R1,ORG,2
ff1ce35b-7522-462a-b697-0d9ea53d387a,H,H3,REL,2,R1,USER,3
ff1ce35b-7522-462a-b697-0d9ea53d387a,H,H3,REL,2,R2,CTRL,1
ff1ce35b-7522-462a-b697-0d9ea53d387a,H,H3,REL,2,R2,ORG,3
ff1ce35b-7522-462a-b697-0d9ea53d387a,H,H3,REL,2,R2,USER,2
ff1ce35b-7522-462a-b697-0d9ea53d387a,H,H3,COL,3,R1,CTRL,1
ff1ce35b-7522-462a-b697-0d9ea53d387a,H,H3,COL,3,R1,ORG,2
ff1ce35b-7522-462a-b697-0d9ea53d387a,H,H3,COL,3,R1,USER,3
ff1ce35b-7522-462a-b697-0d9ea53d387a,H,H3,COL,3,R2,CTRL,1
ff1ce35b-7522-462a-b697-0d9ea53d387a,H,H3,COL,3,R2,ORG,2
ff1ce35b-7522-462a-b697-0d9ea53d387a,H,H3,COL,3,R2,USER,3
cf276b3b-3965-4ce0-9ab7-167c21a6f943,A,A,COL,1,R1,AI,1
cf276b3b-3965-4ce0-9ab7-167c21a6f943,A,A,COL,1,R1,ORG,2
cf276b3b-3965-4ce0-9ab7-167c21a6f943,A,A,COL,1,R1,USER,3
cf276b3b-3965-4ce0-9ab7-167c21a6f943,A,A,COL,1,R2,AI,1
cf276b3b-3965-4ce0-9ab7-167c21a6f943,A,A,COL,1,R2,ORG,2
cf276b3b-3965-4ce0-9ab7-167c21a6f943,A,A,COL,1,R2,USER,3
cf276b3b-3965-4ce0-9ab7-167c21a6f943,A,A,ADV,2,R1,AI,1
cf276b3b-3965-4ce0-9ab7-167c21a6f943,A,A,ADV,2,R1,ORG,2
cf276b3b-3965-4ce0-9ab7-167c21a6f943,A,A,ADV,2,R1,USER,3
cf276b3b-3965-4ce0-9ab7-167c21a6f943,A,A,ADV,2,R2,AI,2
cf276b3b-3965-4ce0-9ab7-167c21a6f943,A,A,ADV,2,R2,ORG,1
cf276b3b-3965-4ce0-9ab7-167c21a6f943,A,A,ADV,2,R2,USER,3
cf276b3b-3965-4ce0-9ab7-167c21a6f943,A,A,REL,3,R1,AI,2
cf276b3b-3965-4ce0-9ab7-167c21a6f943,A,A,REL,3,R1,ORG,1
cf276b3b-3965-4ce0-9ab7-167c21a6f943,A,A,REL,3,R1,USER,3
cf276b3b-3965-4ce0-9ab7-167c21a6f943,A,A,REL,3,R2,AI,2
cf276b3b-3965-4ce0-9ab7-167c21a6f943,A,A,REL,3,R2,ORG,1
cf276b3b-3965-4ce0-9ab7-167c21a6f943,A,A,REL,3,R2,USER,3
4662f5e3-1b31-44ad-904e-b089141256f0,H,H3,COL,1,R1,CTRL,1
4662f5e3-1b31-44ad-904e-b089141256f0,H,H3,COL,1,R1,ORG,2
4662f5e3-1b31-44ad-904e-b089141256f0,H,H3,COL,1,R1,USER,3
4662f5e3-1b31-44ad-904e-b089141256f0,H,H3,COL,1,R2,CTRL,1
4662f5e3-1b31-44ad-904e-b089141256f0,H,H3,COL,1,R2,ORG,2
4662f5e3-1b31-44ad-904e-b089141256f0,H,H3,COL,1,R2,USER,3
4662f5e3-1b31-44ad-904e-b089141256f0,H,H3,REL,2,R1,CTRL,1
4662f5e3-1b31-44ad-904e-b089141256f0,H,H3,REL,2,R1,ORG,2
4662f5e3-1b31-44ad-904e-b089141256f0,H,H3,REL,2,R1,USER,3
4662f5e3-1b31-44ad-904e-b089141256f0,H,H3,REL,2,R2,CTRL,1
4662f5e3-1b31-44ad-904e-b089141256f0,H,H3,REL,2,R2,ORG,2
4662f5e3-1b31-44ad-904e-b089141256f0,H,H3,REL,2,R2,USER,3
4662f5e3-1b31-44ad-904e-b089141256f0,H,H3,ADV,3,R1,CTRL,1
4662f5e3-1b31-44ad-904e-b089141256f0,H,H3,ADV,3,R1,ORG,3
4662f5e3-1b31-44ad-904e-b089141256f0,H,H3,ADV,3,R1,USER,2
4662f5e3-1b31-44ad-904e-b089141256f0,H,H3,ADV,3,R2,CTRL,1
4662f5e3-1b31-44ad-904e-b089141256f0,H,H3,ADV,3,R2,ORG,3
4662f5e3-1b31-44ad-904e-b089141256f0,H,H3,ADV,3,R2,USER,2
